title,location,operator,type,available_seats,address,total_seats,occupancy_certificate,fire_noc,parking_facility,total_built_up_area,area_available,possession_status,no_of_floors,per_floor_area,year_of_completion,about_project,floor_plan,amenities,location_map,property_url,scraped_at,source_page
Shriram Hebbal One (Shriram Hebbal 1),Hebbal,Shriram Properties Limited,Office Space,,"Outer Ring Road, Vayunandana Layout, Hebbal Kempapura, Hebbal, Bangalore, Karnataka 560024, India",,,,,"~3,03,916 Sq. ft.",13877 Sq. ft. - 303916 Sq. ft.,Operational,2 Basement + Ground + 8 Floors,"~34,440",,"Shriram Hebbal One is a commercial property located on Outer Ring Road which encompasses a total built-up area of ~3,03,916 sq. ft. This 9-storey tower comes with per floor area of ~34,440 sq. ft. This standalone building is well connected to nearby markets as well as restaurants, and enjoys excellent road connectivity to various prime areas of the city.",https://cf-cdn.cityinfoservices.com/public/uploads/project/floorImages/Shriram Hebbal One__663891322.jpg,24x7 Security; CCTV; Lift; Visitors Parking; Power; Power Backup; Fire Fighting Equipment’s,"https://www.google.com/maps?q=13.044578993349262,77.60011119839476",https://properties.cityinfoservices.com/shriram-hebbal-one-shriram-hebbal-1-hebbal-bangalore/qch2khq/pjd,2026-09-21T05:38:50.073036+00:00,1
ClayWorks - Mini Forest,JP Nagar,ClayWorks Spaces Technologies Pvt. Ltd.,Co-working Space,40,"Site No. 74, Mass Complex, 15th Cross Road, Sarakki Industrial Area, Dollar Layout, JP Nagar 3rd Phase, Bangalore, Karnataka 560078, India",40,,,Paid Parking,,,,,,,"Located at JP Nagar, ClayWorks - Mini Forest is one of the prominent co-working spaces which can accommodate up to 70 seats. It comes with a central cafeteria, break out zone and other shared spaces. It is accessible from the main road, and is in close proximity to various modes of public transport. The centre is surrounded by notable banks, restaurants, pubs and other high street shops. Its current occupiers are Nureca, Chefling Software, Matrix Vision India, Ownline Technologies, CloudSimple India, and Taskoid Solutions (HICM Institute).",,24x7 Security; CCTV; Lift; Visitors Parking; Power; Power Backup,"https://www.google.com/maps?q=12.907128,77.59885499999996",https://properties.cityinfoservices.com/clayworks-mini-forest-jp-nagar-bangalore/q2xkt82/pjd,2026-09-21T05:38:50.644617+00:00,1
315 Work Avenue - KRM3,Koramangala,315 Work Avenue Spaces Pvt. Ltd.,Co-working Space,340,"#152, Sri SiddhiVinayak Tower, Sarjapur Main Road, Near Bhandan Bank, 1st Block Koramangala, Bangalore, Karnataka 560034, India",70,,,Paid Parking,,,,,,,"315 Work Avenue - KRM3 located in Koramangala, is ideal for companies of different size. It can accommodate up to 430 seats. Easily accessible through public transport and surrounded by retail outlets, restaurants and residential area – it comes with common cafeteria, lounge and managed office spaces. MoEngage India and MapleLabs Solutions are the present tenants.",,24x7 Security; CCTV; Lift; Visitors Parking; Power; Power Backup,"https://www.google.com/maps?q=12.9255341,77.6360608",https://properties.cityinfoservices.com/315-work-avenue-krm3-koramangala-bangalore/fgbrpg8/pjd,2026-09-21T05:38:52.136998+00:00,1
365 Shared Space - Pinnacle,Koramangala,365 Shared Space,Co-working Space,400,"No. 18, 80 Feet Rd, Koramangala 4th Block, Koramangala, Bangalore, Karnataka 560034, India",400,,,Paid Parking,,,,,,,"This co-working centre in Koramangala comes with a capacity of 500 seats. It is connected to the top IT locations of the city like HSR Layout, Sarjapur Road, Hosur Road, and CBD. The location has good public transport connectivity. It is surrounded by IT companies, restaurants, malls, schools and colleges. It comes with a cafeteria and break-out zone/common area.",,,"https://www.google.com/maps?q=12.9364112,77.62793869999996",https://properties.cityinfoservices.com/365-shared-space-pinnacle-koramangala-bangalore/5mknyld/pjd,2026-09-21T05:38:52.326677+00:00,1
BuzzWorks - Brigade Tech Gardens,Brookefield,BuzzWorks Coworking Space (Brigade Enterprises Ltd.),Co-working Space,156,"Katha No. 119 Survey No. 103, 104, 105, 108/1, 108/2, 109 (P), 112 & 113/1B (P) Brookefields, Kundalahalli Village, K.R. Puram Hobli, Marathalli Post, Karnataka, Bangalore – 560037",156,,,Paid Parking,,,,,,,"Brigade Tech Gardens is a USGBC platinum certified development which has large indoor and outdoor spaces with innumerable amenities and benefits. This 914 seater state-of-the-art co-working space is located on Brookefield, K.R. Puram Hobli. It offers customized SEZ offices for new and established companies. It is surrounded by schools, hospitals, malls, hotels and public transport. Plum Benefits Private Limited (Plum Insurance) is the current tenant.",,24x7 Security; CCTV; Lift; Boom Barriers; Visitors Parking; Power; Power Backup; Fire Fighting Equipment’s; Building Maintenance,"https://www.google.com/maps?q=12.964582,77.71832719999998",https://properties.cityinfoservices.com/buzzworks-brigade-tech-gardens-brookefield-bangalore/il6bn2g/pjd,2026-09-21T05:38:54.178358+00:00,1
IndiQube - Golf View,Old Airport Road,IndiQube Spaces Limited,Business Center & Co-working Space,540,,,,,,,,Ready to Occupy from Oct 2026,,,,IndiQube - Golf View,,Security; Reserved Parking; Visitor Parking; Centralized AC; 24 hours water supply; CCTV,"https://www.google.com/maps?q=12.952957,77.64919359999999",https://properties.cityinfoservices.com/indiqube-golf-view-for-rent-in-hal-old-airport-road-bangalore/ajkijnj/prd,2026-09-21T05:38:58.595733+00:00,2
Tata Intellion Park - Block 2,Yelahanka,Tata Realty and Infrastructure Limited (TRIL),Office Space,,,,,,,,,Ready for fit outs,3 Basement + Ground + 10 Floors,"~71,000",,Tata Intellion Park - Block 2,,Security; Reserved Parking; Visitor Parking; Centralized AC; 24 hours water supply; CCTV,"https://www.google.com/maps?q=13.127637,77.616759",https://properties.cityinfoservices.com/tata-intellion-park-block-2-for-rent-in-yelahanka-bangalore/tba8jgt/prd,2026-09-21T05:39:03.511797+00:00,3
WeWork - Prestige Atlanta,Koramangala,WeWork India Management Pvt. Ltd.,Business Center & Co-working Space,118,,,,,,,,Ready to Move In,,,,WeWork - Prestige Atlanta,,Security; Reserved Parking; Visitor Parking; Centralized AC; 24 hours water supply; CCTV,"https://www.google.com/maps?q=12.9289492,77.6328922",https://properties.cityinfoservices.com/wework-prestige-atlanta-for-rent-in-koramangala-bangalore/znyknnd/prd,2026-09-21T05:39:05.656701+00:00,2
Featherlite Signature,Kadubeesanahalli,Featherlite Developers Pvt. Ltd.,Office Space,,,,,,,,,Under Construction,2 Basement + Ground + 10 Floors,"~38,412",,Featherlite Signature,,Security; Reserved Parking; Visitor Parking; Centralized AC; 24 hours water supply; CCTV,"https://www.google.com/maps?q=12.937279326723575,77.69401966217956",https://properties.cityinfoservices.com/featherlite-signature-for-rent-in-kadubeesanahalli-road-bangalore/t6mjdpb/prd,2026-09-21T05:39:07.552321+00:00,4
Helios Business Park - Block D,Kadubeesanahalli,Kalyani Developers Pvt. Ltd.,Office Space,,,,,,,,,Ready for fit outs,4 Basement + Ground + 11 Floors,"~33,000 to ~55,000",,Helios Business Park - Block D,,Security; Reserved Parking; Visitor Parking; Centralized AC; 24 hours water supply; CCTV,"https://www.google.com/maps?q=12.938387712454878,77.69022165421447",https://properties.cityinfoservices.com/helios-business-park-block-d-for-rent-in-kadubeesanahalli-road-bangalore/9qmtzna/prd,2026-09-21T05:39:11.031656+00:00,5
Featherlite The Address,Kadubeesanahalli,Featherlite Developers Pvt. Ltd.,Office Space,,,,,,,,,Ready for fit outs,3 Basement + Ground + Mezzanine + 6 Floors,"~12,982",,Featherlite The Address,,Security; Reserved Parking; Visitor Parking; 24 hours water supply; CCTV,"https://www.google.com/maps?q=12.937478,77.6926570",https://properties.cityinfoservices.com/featherlite-the-address-for-rent-in-kadubeesanahalli-road-bangalore/cfrt6b4/prd,2026-09-21T05:39:16.073477+00:00,5
Obeya - Pulse,Halasuru (Ulsoor),Obeya Business Center ( Obeya Underpinnings LLP ),Business Center,50,"No.7/1, Ulsoor Road, Sivanchetti Gardens, Halasuru, Bangalore, Karnataka 560042, India",50,,,Paid Parking,,,,,,,"This commercial building is located on Ulsoor Road. Managed by Obeya, this co working centre can accommodate up to 600 seats with a flexibility to house offices and teams of different sizes. Apart from being located in Central Business District, this center enjoys proximity to malls, hotels and public transport. It stands 4 floors tall and is currently occupied by CAST Software India.",,24x7 Security; CCTV; Lift; Visitors Parking; Power; Power Backup,"https://www.google.com/maps?q=12.9752393,77.6191055",https://properties.cityinfoservices.com/obeya-pulse-halasuru-bangalore/jc7b9qk/pjd,2026-09-21T05:39:17.613106+00:00,1
Ozone Chambers - Tower B,HSR Layout,Ozone Group,Office Space,,,,,,,,,Under Construction,3 Basement + Ground + 3 Podium Parking + 15 Floors,"~47,000",,Ozone Chambers - Tower B,,Security; Reserved Parking; Visitor Parking; Centralized AC; 24 hours water supply; CCTV,"https://www.google.com/maps?q=12.9121181,77.6445548",https://properties.cityinfoservices.com/ozone-chambers-tower-b-for-rent-in-hsr-layout-bangalore/vqg6vfx/prd,2026-09-21T05:39:19.747977+00:00,5
Ozone Chambers - Tower B,HSR Layout,Ozone Group,Office Space,,,,,,,,,Under Construction,3 Basement + Ground + 3 Podium Parking + 15 Floors,"~47,000",,Ozone Chambers - Tower B,,Security; Reserved Parking; Visitor Parking; Centralized AC; 24 hours water supply; CCTV,"https://www.google.com/maps?q=12.9121181,77.6445548",https://properties.cityinfoservices.com/ozone-chambers-tower-b-for-rent-in-hsr-layout-bangalore/mrfplk8/prd,2026-09-21T05:39:22.366485+00:00,5
Brigade Tech Gardens - Block C1,Brookefield,Brigade Enterprises Limited,Office Space,,"Katha No. 119 Survey No. 103, 104, 105, 108/1, 108/2, 109 (P), 112 & 113/1B (P) Brookefields, Kundalahalli Village, K.R. Puram Hobli, Marathalli Post, Karnataka, Bangalore – 560037",,,,,"~4,95,000 Sq. ft.",,Operational,3 Basement + Ground + 8 Floors,"~55,000",2019,"This state-of-the-art 26 acre integrated SEZ tech park is located at Bangalore’s prime IT corridor - ITPL-Whitefield Main Road, Brookfield. Developed jointly by GIC Singapore and Brigade Enterprises Ltd., this Grade-A tech park comprises 6 pre-certified LEED Platinum blocks and a range of other amenities including a gym, a multifaceted convention centre, retail outlets, serviced apartments, ample car parking, a food court. The expansive property offers a total built-up area of ~3.3 million sq.ft. and lies close to several conveniences such as transport hubs, restaurants, schools and malls. Spread over 9 floors, this block is home to premium workspaces across a total built-up area of ~4,95,000 sq.ft. Each floor within C1 is spread over ~55,000 sq.ft. Occupiers such as Jaguar Land Rover India, Fossil India, Blume Global India and Advanced Monolithic Power Semiconductor have offices in this block.","https://cf-cdn.cityinfoservices.com/public/uploads/project/floorImages/Brigade Tech Gardens - Block C1, C2, C4, C5__841850754.jpg",24x7 Security; BMS; CCTV; Lift; Boom Barriers; Visitors Parking; Power; Power Backup; Fire Fighting Equipment’s; Food Court,"https://www.google.com/maps?q=12.963327355246008,77.7208162899658",https://properties.cityinfoservices.com/brigade-tech-gardens-block-c1-brookefield-bangalore/2aypl7l/pjd,2026-09-21T05:39:23.453751+00:00,1
DivyaSree NR Enclave - Block C,Whitefield,DivyaSree Infrastructure Projects Pvt. Ltd.,Office Space,,,,,,,,,Under Construction,3 Basement + Ground + 9 Floors,"~50,000",,DivyaSree NR Enclave - Block C,,Security; Reserved Parking; Visitor Parking; Centralized AC; 24 hours water supply; CCTV,"https://www.google.com/maps?q=12.9864406,77.73119780000002",https://properties.cityinfoservices.com/divyasree-nr-enclave-block-c-for-rent-in-whitefield-bangalore/djv98x4/prd,2026-09-21T05:39:24.049147+00:00,5
Obeya - Verve (VM Arcade),HSR Layout,Obeya Business Center ( Obeya Underpinnings LLP ),Co-working Space,70,"L376 / A, 14th B Cross Rd, Sector 6, HSR Layout, Bengaluru, Karnataka 560102, India",70,,,Paid Parking,,,,,,,"Recognized as a vibrant co-working facility in HSR Layout, Obeya - Verve (VM Arcade) can accommodate up to 350 seats with ease. The centre boasts an array of amenities while being surrounded by diverse retail and dining options. With excellent accessibility through public transportation, the facility enjoys seamless connectivity. The present tenants are Fluidi5 Technologies, Capitax Accounting, Metaoups Technology, Innomonk Technologies, Zeeksphere Solutions, and Daytona Systems India.",,24x7 Security; CCTV; Lift; Power; Power Backup,"https://www.google.com/maps?q=12.9121181,77.6445548",https://properties.cityinfoservices.com/obeya-verve-vm-arcade-hsr-layout-bangalore/aw9gfxe/pjd,2026-09-21T05:39:25.097864+00:00,1
Gopalan Coworks - Whitefield,Brookefield,Gopalan Enterprises India Pvt. Ltd.,Business Center & Co-working Space,1000,"Gopalan Millennium Tower, Kundalahalli Colony, Brookefield, Bangalore, Karnataka 560037, India",1000,,,Paid Parking,,,,,,,"Gopalan Coworks - Whitefield is a co-working space in Kundalahalli, Brookefield. Developed by Gopalan Enterprises India Pvt. Ltd., it is located on one of the prime IT hubs. It has a total seating capacity of 1270 seats. The centre is strategically located between whitefield and outer Ring road and provides ease of commute to employees. The current tenants are Trika Technologies, Trespect India, Cogent E Services and WeGainTechnologies.",,24x7 Security; CCTV; Lift; Visitors Parking; Power; Power Backup; Fire Fighting Equipment’s; Building Maintenance,"https://www.google.com/maps?q=12.9676846,77.71299650000003",https://properties.cityinfoservices.com/gopalan-coworks-whitefield-brookefield-bangalore/wwmi68r/pjd,2026-09-21T05:39:25.714699+00:00,1
Tata Intellion Park - Block 3,Yelahanka,Tata Realty and Infrastructure Limited (TRIL),Office Space,,,,,,,,,Ready for fit outs,3 Basement + Ground + 10 Floors,"~72,000",,Tata Intellion Park - Block 3,,Security; Reserved Parking; Visitor Parking; Centralized AC; 24 hours water supply; CCTV,"https://www.google.com/maps?q=13.127425,77.617887",https://properties.cityinfoservices.com/tata-intellion-park-block-3-for-rent-in-yelahanka-bangalore/esqy6qz/prd,2026-09-21T05:39:25.767044+00:00,6
Workshaala - Helix,HSR Layout,Workshaala Spaces,Co-working Space,600,"No.1321, 27th Main Road, PWD Quarters, Sector 2, HSR Layout, Bangalore, Karnataka, India",200,,,Paid Parking,,,,,,,"Workshaala - Helix, a dynamic co-working space is located in the prime area of HSR Layout. With a seamless capacity of up to 600 seats, this facility offers more than just a favorable location. It boasts several shared amenities including a cafeteria. The facility is surrounded by IT companies, hotels, restaurants, shopping complexes and enjoys good public transport connectivity.",,24x7 Security; CCTV; Lift; Visitors Parking; Power; Power Backup,"https://www.google.com/maps?q=12.9199931,77.65158569999994",https://properties.cityinfoservices.com/workshaala-helix-hsr-layout-bangalore/n3qohl6/pjd,2026-09-21T05:39:25.883175+00:00,1
Tata Intellion Park - Block 3,Yelahanka,Tata Realty and Infrastructure Limited (TRIL),Office Space,,,,,,,,,Ready for fit outs,3 Basement + Ground + 10 Floors,"~72,000",,Tata Intellion Park - Block 3,,Security; Reserved Parking; Visitor Parking; Centralized AC; 24 hours water supply; CCTV,"https://www.google.com/maps?q=13.127425,77.617887",https://properties.cityinfoservices.com/tata-intellion-park-block-3-for-rent-in-yelahanka-bangalore/cvsvxwb/prd,2026-09-21T05:39:26.225375+00:00,6
Tata Intellion Park - Block 3,Yelahanka,Tata Realty and Infrastructure Limited (TRIL),Office Space,,,,,,,,,Ready for fit outs,3 Basement + Ground + 10 Floors,"~72,000",,Tata Intellion Park - Block 3,,Security; Reserved Parking; Visitor Parking; Centralized AC; 24 hours water supply; CCTV,"https://www.google.com/maps?q=13.127425,77.617887",https://properties.cityinfoservices.com/tata-intellion-park-block-3-for-rent-in-yelahanka-bangalore/q9qqww5/prd,2026-09-21T05:39:28.185700+00:00,6
Salarpuria Softzone - Block C,Bellandur,Salarpuria Sattva Group,Office Space,,,,,,,,,Ready to move,Basement + Ground + 4 Floors,"~25,400",,Salarpuria Softzone - Block C,,Security; Reserved Parking; Visitor Parking; Centralized AC; 24 hours water supply; CCTV,"https://www.google.com/maps?q=12.924163111570866,77.67123286918945",https://properties.cityinfoservices.com/salarpuria-softzone-block-c-for-rent-in-bellandur-bangalore/sd97db6/prd,2026-09-21T05:39:28.810616+00:00,7
Purva Zentech Business Park,Kanakapura Road,Puravankara Projects Limited,Office Space,,,,,,,,,Ready for fit outs,2 Basement + Ground + UG + 15 Floors,"~52,000 to ~56,000",,Purva Zentech Business Park,,Security; Reserved Parking; Visitor Parking; Centralized AC; 24 hours water supply; CCTV,"https://www.google.com/maps?q=12.887047782024545,77.55899598051758",https://properties.cityinfoservices.com/purva-zentech-business-park-for-rent-in-kanakapura-road-bangalore/qyeko8l/prd,2026-09-21T05:39:30.362448+00:00,7
Salarpuria Touchstone - Block B,Kadubeesanahalli,Salarpuria Sattva Group,Office Space,,,,,,,,,Ready for fit outs,Basement + Ground + 5 Floors,"~40,000",,Salarpuria Touchstone - Block B,,Security; Reserved Parking; Visitor Parking; Centralized AC; 24 hours water supply; CCTV,"https://www.google.com/maps?q=12.936746045041215,77.69061862114867",https://properties.cityinfoservices.com/salarpuria-touchstone-block-b-for-rent-in-kadubeesanahalli-road-bangalore/7dxfu7c/prd,2026-09-21T05:39:31.202495+00:00,7
Sattva Tech Park - Akash (Wing B),Whitefield,Salarpuria Sattva Group,Office Space,,,,,,,,,Ready to move,Basement + Ground + 11 Floors,"~30,000 to ~44,000",,Sattva Tech Park - Akash (Wing B),,Security; Reserved Parking; Visitor Parking; Centralized AC; 24 hours water supply; CCTV,"https://www.google.com/maps?q=12.984989507782984,77.74377214603271",https://properties.cityinfoservices.com/sattva-tech-park-akash-wing-b--for-rent-in-whitefield-bangalore/lqo478w/prd,2026-09-21T05:39:33.098698+00:00,7
The Arcade at Brigade Orchards,Devanahalli,Brigade Enterprises Limited,Office Space,,,,,,,,,Ready for fit outs,Basement + Ground + 5 Floors,~38000,,The Arcade at Brigade Orchards,,Security; Reserved Parking; Visitor Parking; Centralized AC; 24 hours water supply; CCTV,"https://www.google.com/maps?q=13.236468668581201,77.72384583473206",https://properties.cityinfoservices.com/the-arcade-at-brigade-orchards-for-rent-in-devanahalli-bangalore/9hehucz/prd,2026-09-21T05:39:33.258847+00:00,7
Sattva Tech Park - Akash (Wing B),Whitefield,Salarpuria Sattva Group,Office Space,,,,,,,,,Ready to move,Basement + Ground + 11 Floors,"~40,000",,Sattva Tech Park - Akash (Wing B),,Security; Reserved Parking; Visitor Parking; Centralized AC; 24 hours water supply; CCTV,"https://www.google.com/maps?q=12.984989507782984,77.74377214603271",https://properties.cityinfoservices.com/sattva-tech-park-akash-wing-b--for-rent-in-whitefield-bangalore/icvh9pc/prd,2026-09-21T05:39:36.058399+00:00,7
Manyata Embassy Business Park - Elm Block (C4),Nagavara,Embassy Property Developments Pvt. Ltd.,Office Space,,,,,,,,,Ready for fit outs,Basement + Ground + 6 Floors,"~66,243",,Manyata Embassy Business Park - Elm Block (C4),,Security; Reserved Parking; Visitor Parking; Centralized AC; 24 hours water supply; CCTV,"https://www.google.com/maps?q=13.0449027,77.6215866",https://properties.cityinfoservices.com/manyata-embassy-business-park-elm-block-c4--for-rent-in-nagavara-bangalore/ykc689a/prd,2026-09-21T05:39:36.145457+00:00,7
Tata Intellion Park - Block 3,Yelahanka,Tata Realty and Infrastructure Limited (TRIL),Office Space,,,,,,,,,Ready for fit outs,3 Basement + Ground + 10 Floors,"~72,000",,Tata Intellion Park - Block 3,,Security; Reserved Parking; Visitor Parking; Centralized AC; 24 hours water supply; CCTV,"https://www.google.com/maps?q=13.127425,77.617887",https://properties.cityinfoservices.com/tata-intellion-park-block-3-for-rent-in-yelahanka-bangalore/wwgyjqd/prd,2026-09-21T05:39:39.226438+00:00,6
Manyata Embassy Business Park - Elm Block (C4),Nagavara,Embassy Property Developments Pvt. Ltd.,Office Space,,,,,,,,,Ready to move,Basement + Ground + 6 Floors,"~66,243",,Manyata Embassy Business Park - Elm Block (C4),,Security; Reserved Parking; Visitor Parking; Centralized AC; 24 hours water supply; CCTV,"https://www.google.com/maps?q=13.0449027,77.6215866",https://properties.cityinfoservices.com/manyata-embassy-business-park-elm-block-c4--for-rent-in-nagavara-bangalore/hmjjxdo/prd,2026-09-21T05:39:39.832366+00:00,7
Tata Intellion Park - Block 3,Yelahanka,Tata Realty and Infrastructure Limited (TRIL),Office Space,,,,,,,,,Ready for fit outs,3 Basement + Ground + 10 Floors,"~72,000",,Tata Intellion Park - Block 3,,Security; Reserved Parking; Visitor Parking; Centralized AC; 24 hours water supply; CCTV,"https://www.google.com/maps?q=13.127425,77.617887",https://properties.cityinfoservices.com/tata-intellion-park-block-3-for-rent-in-yelahanka-bangalore/95vdprs/prd,2026-09-21T05:39:40.401475+00:00,6
Sattva Tech Park - Akash (Wing B),Whitefield,Salarpuria Sattva Group,Office Space,,,,,,,,,Ready to move,Basement + Ground + 11 Floors,"~40,000",,Sattva Tech Park - Akash (Wing B),,Security; Reserved Parking; Visitor Parking; Centralized AC; 24 hours water supply; CCTV,"https://www.google.com/maps?q=12.984989507782984,77.74377214603271",https://properties.cityinfoservices.com/sattva-tech-park-akash-wing-b--for-rent-in-whitefield-bangalore/bgaqb9p/prd,2026-09-21T05:39:42.147768+00:00,7
Prestige Cessna Business Park - Building J (B10),Kadubeesanahalli,Prestige Estates Projects Limited,Office Space,,,,,,,,,Ready for fit outs,Basement + Ground + 8 Floors,"~40,000 to ~59,000",,Prestige Cessna Business Park - Building J (B10),,Security; Reserved Parking; Visitor Parking; Centralized AC; 24 hours water supply; CCTV,"https://www.google.com/maps?q=12.932271528581708,77.69290911390837",https://properties.cityinfoservices.com/prestige-cessna-business-park-building-j-b10--for-rent-in-kadubeesanahalli-road-bangalore/6oi78uh/prd,2026-09-21T05:39:42.455653+00:00,6
Sattva Symphony,Electronic City,Salarpuria Sattva Group,Office Space,,,,,,,,,Ready for fit outs,2 Basement + Ground + 5 Floors,"~29,000",,Sattva Symphony,,Security; Reserved Parking; Visitor Parking; Centralized AC; 24 hours water supply; CCTV,"https://www.google.com/maps?q=12.864483009371103,77.65686840370483",https://properties.cityinfoservices.com/sattva-symphony-for-rent-in-electronic-city-bangalore/kysdnjr/prd,2026-09-21T05:39:43.081480+00:00,7
Sattva Global City - Tower A / Tower 1,Mysore Road,Tanglin Developments Limited,Office Space,,,,,,,,,Ready to move,2 Basement + Ground + 7 Floors,"~43,000",,Sattva Global City - Tower A / Tower 1,,Security; Reserved Parking; Visitor Parking; Centralized AC; 24 hours water supply; CCTV,"https://www.google.com/maps?q=12.9200061,77.50101169999994",https://properties.cityinfoservices.com/sattva-global-city-tower-a-tower-1-for-rent-in-mysore-road-bangalore/jxqwrcq/prd,2026-09-21T05:39:43.863439+00:00,6
DivyaSree NR Enclave - Block C,Whitefield,DivyaSree Infrastructure Projects Pvt. Ltd.,Office Space,,,,,,,,,Under Construction,3 Basement + Ground + 9 Floors,"~50,000",,DivyaSree NR Enclave - Block C,,Security; Reserved Parking; Visitor Parking; Centralized AC; 24 hours water supply; CCTV,"https://www.google.com/maps?q=12.9864406,77.73119780000002",https://properties.cityinfoservices.com/divyasree-nr-enclave-block-c-for-rent-in-whitefield-bangalore/98vbsvz/prd,2026-09-21T05:39:46.060686+00:00,5
Featherlite Signature,Kadubeesanahalli,Featherlite Developers Pvt. Ltd.,Office Space,,,,,,,,,Under Construction,2 Basement + Ground + 10 Floors,"~38,412",,Featherlite Signature,,Security; Reserved Parking; Visitor Parking; Centralized AC; 24 hours water supply; CCTV,"https://www.google.com/maps?q=12.937279326723575,77.69401966217956",https://properties.cityinfoservices.com/featherlite-signature-for-rent-in-kadubeesanahalli-road-bangalore/eowhnc6/prd,2026-09-21T05:39:47.825611+00:00,5
Prestige Tech Park 2 - Elnath Block,Kadubeesanahalli,Prestige Estates Projects Limited,Office Space,,,,,,,,,Ready for fit outs,Basement + Ground + 9 Floors,"~81,224",,Prestige Tech Park 2 - Elnath Block,,Security; Reserved Parking; Visitor Parking; Centralized AC; 24 hours water supply; CCTV,"https://www.google.com/maps?q=12.941676556080592,77.69094383002471",https://properties.cityinfoservices.com/prestige-tech-park-2-elnath-block-for-rent-in-kadubeesanahalli-road-bangalore/v82xs6a/prd,2026-09-21T05:39:50.341305+00:00,8
DivyaSree NR Enclave - Block C,Whitefield,DivyaSree Infrastructure Projects Pvt. Ltd.,Office Space,,,,,,,,,Under Construction,3 Basement + Ground + 9 Floors,"~50,000",,DivyaSree NR Enclave - Block C,,Security; Reserved Parking; Visitor Parking; Centralized AC; 24 hours water supply; CCTV,"https://www.google.com/maps?q=12.9864406,77.73119780000002",https://properties.cityinfoservices.com/divyasree-nr-enclave-block-c-for-rent-in-whitefield-bangalore/hm68cd3/prd,2026-09-21T05:39:50.975876+00:00,5
Arvind The Edge,Peenya,Arvind SmartSpaces Ltd.,Office Space,,,,,,,,,Under Construction,4 Basement + Ground + 13 Floors,~8382,,Arvind The Edge,,Security; Reserved Parking; Visitor Parking; 24 hours water supply; CCTV,"https://www.google.com/maps?q=13.0582654,77.4685501",https://properties.cityinfoservices.com/arvind-the-edge-for-rent-in-peenya-bangalore/b96gkx9/prd,2026-09-21T05:39:51.163031+00:00,5
Sakti Statesman,Bellandur,Sakti Builders (Sakti Group),Office Space,,,,,,,,,Ready for fit outs,2 Basement + Ground +Mezzanine + 10 Floors,"~20,000",,Sakti Statesman,,Security; Reserved Parking; Visitor Parking; Centralized AC; 24 hours water supply; CCTV,"https://www.google.com/maps?q=12.9234167,77.6677648",https://properties.cityinfoservices.com/sakti-statesman-for-rent-in-bellandur-bangalore/mzkxwnm/prd,2026-09-21T05:39:52.109927+00:00,6
WeWork - Galaxy,Residency Road,WeWork India Management Pvt. Ltd.,Business Center & Co-working Space,144,,,,,,,,Ready to Occupy,,,,WeWork - Galaxy,,Security; Reserved Parking; Visitor Parking; Centralized AC; 24 hours water supply; CCTV,"https://www.google.com/maps?q=12.9732681,77.6089138",https://properties.cityinfoservices.com/wework-galaxy-for-rent-in-residency-road-bangalore/mdgkl6r/prd,2026-09-21T05:39:52.118703+00:00,9
Zillion Biz Center - Koramangala,Koramangala,Zillion Biz Center,Co-working Space,170,"# 23, 1st Main Road, Near Sony World Signal & Maharaja Signal, S.T. Bed, 4th Block, Koramangala, Bangalore, Karnataka 560034, India",70,,,Paid Parking,,,,,,,"Zillion Biz Center is a co-working space in Koramangala. It can accommodate teams of different sizes. The centre has easy access to hotels, shopping malls and various modes of public transport and comes with shared office spaces. The current tenants are MediaForge Business Solutions, IdeaCrest Solutions, Gengyan Global Business Solutions, MacOoid IT Services LLP, AMATRES Technologies, and Shastha Systems and Solutions.",,24x7 Security; CCTV; Lift; Visitors Parking; Power; Power Backup,"https://www.google.com/maps?q=12.9359957,77.62990949999994",https://properties.cityinfoservices.com/zillion-biz-center-koramangala-koramangala-bangalore/43dgz7z/pjd,2026-09-21T05:39:53.898366+00:00,1
Monarch Serenity,Thanisandra Main Road,Monarch Group,Office Space,,,,,,,,,Ready for fit outs,Basement + Ground + 2 Floors,"~17,000",,Monarch Serenity,,Security,"https://www.google.com/maps?q=13.061083,77.63218400000001",https://properties.cityinfoservices.com/monarch-serenity-for-rent-in-thanisandra-main-road-bangalore/cyeqwhu/prd,2026-09-21T05:39:53.937522+00:00,10
Monarch Serenity,Thanisandra Main Road,Monarch Group,Office Space,,,,,,,,,Ready for fit outs,Basement + Ground + 2 Floors,"~17,000",,Monarch Serenity,,Security,"https://www.google.com/maps?q=13.061083,77.63218400000001",https://properties.cityinfoservices.com/monarch-serenity-for-rent-in-thanisandra-main-road-bangalore/t6hlgay/prd,2026-09-21T05:39:54.097170+00:00,10
Brookfield NXT - Campus 2A,Whitefield,RMZ Corp Holdings Pvt. Ltd.,Office Space,,,,,,,,,Ready for fit outs,Basement + Ground + 5 Floors,"~31,295",,Brookfield NXT - Campus 2A,,Security; Reserved Parking; Visitor Parking; Centralized AC; 24 hours water supply; CCTV,"https://www.google.com/maps?q=12.978378459511992,77.71337554285277",https://properties.cityinfoservices.com/brookfield-nxt-campus-2a-for-rent-in-whitefield-bangalore/hxyu9ud/prd,2026-09-21T05:39:56.970898+00:00,11
Brookfield Ecoworld - Campus 5B,Bellandur,RMZ Corp Holdings Pvt. Ltd.,Office Space,,,,,,,,,Ready for fit outs,3 Basement + Ground + 10 Floors,"~60,000",,Brookfield Ecoworld - Campus 5B,,Security; Reserved Parking; Visitor Parking; Centralized AC; 24 hours water supply; CCTV,"https://www.google.com/maps?q=12.922074,77.683775",https://properties.cityinfoservices.com/brookfield-ecoworld-campus-5b-for-rent-in-bellandur-bangalore/l3kxr97/prd,2026-09-21T05:39:57.572256+00:00,11
Brookfield Ecoworld - Campus 5A,Bellandur,Brookfield Properties,Office Space,,,,,,,,,Ready for fit outs,3 Basement + Ground + 9 Floors,"~44,000",,Brookfield Ecoworld - Campus 5A,,Security; Reserved Parking; Visitor Parking; Centralized AC; 24 hours water supply; CCTV,"https://www.google.com/maps?q=12.922000686744939,77.68503858780517",https://properties.cityinfoservices.com/brookfield-ecoworld-campus-5a-for-rent-in-bellandur-bangalore/t4oc22b/prd,2026-09-21T05:39:58.541788+00:00,11
Sattva Global City - Tower B / Tower 2,Mysore Road,Tanglin Developments Limited,Office Space,,,,,,,,,Ready to move,2 Basement + Ground + 7 Floors,"~45,000",,Sattva Global City - Tower B / Tower 2,,Security; Reserved Parking; Visitor Parking; Centralized AC; 24 hours water supply; CCTV,"https://www.google.com/maps?q=12.920560331836771,77.5005718177215",https://properties.cityinfoservices.com/sattva-global-city-tower-b-tower-2-for-rent-in-mysore-road-bangalore/gmxjis2/prd,2026-09-21T05:39:59.630702+00:00,6
Brookfield NXT - Campus 2C,Whitefield,Brookfield Properties,Office Space,,,,,,,,,Ready for fit outs,Basement + Ground + 5 Floors,"~33,035",,RMZ NXT - Campus 2C,,Security; Reserved Parking; Visitor Parking; Centralized AC; 24 hours water supply; CCTV,"https://www.google.com/maps?q=12.979727120758405,77.71436796018828",https://properties.cityinfoservices.com/brookfield-nxt-campus-2c-for-rent-in-whitefield-bangalore/ia5pc5u/prd,2026-09-21T05:40:02.327992+00:00,11
Titanium Tech Park - Block 1,Kadugodi,Goyal and Co.,Office Space,,,,,,,,,Under Construction,3 Basement + Ground + 15 Floors,"~38,000 to ~57,000",,Titanium Tech Park - Block 1,,Security; Reserved Parking; Visitor Parking; Centralized AC; 24 hours water supply; CCTV,"https://www.google.com/maps?q=12.986036633307336,77.74795115001525",https://properties.cityinfoservices.com/titanium-tech-park-block-1-for-rent-in-kadugodi-bangalore/erlnfh7/prd,2026-09-21T05:40:03.485976+00:00,12
The Executive Centre - Prestige Technostar,Brookefield,The Executive Centre Limited,Business Center & Co-working Space,209,,,,,,,,Ready to Occupy from Oct 2026,,,,The Executive Centre - Prestige Technostar,,Security; Reserved Parking; Visitor Parking; Centralized AC; 24 hours water supply; CCTV,"https://www.google.com/maps?q=12.97571,77.71211300000002",https://properties.cityinfoservices.com/the-executive-centre-prestige-technostar-for-rent-in-brookefield-bangalore/pgjjunq/prd,2026-09-21T05:40:04.100758+00:00,13
RGA Tech Park - Block 4,Sarjapur Main Road,RGA Software Systems Pvt. Ltd. (Primal Projects Pvt. Ltd.),Office Space,,,,,,,,,Ready to move,2 Basement + Ground + 10 Floors,"~44,000 to ~51,000",,RGA Tech Park - Block 4,,Security; Reserved Parking; Visitor Parking; Centralized AC; 24 hours water supply; CCTV,"https://www.google.com/maps?q=12.90223026378709,77.70456076137702",https://properties.cityinfoservices.com/rga-tech-park-block-4-for-rent-in-sarjapur-main-road-bangalore/94q7ls9/prd,2026-09-21T05:40:06.154483+00:00,14
RGA Tech Park - Block 4,Sarjapur Main Road,RGA Software Systems Pvt. Ltd. (Primal Projects Pvt. Ltd.),Office Space,,,,,,,,,Ready to move,2 Basement + Ground + 10 Floors,"~44,000 to ~51,000",,RGA Tech Park - Block 4,,Security; Reserved Parking; Visitor Parking; Centralized AC; 24 hours water supply; CCTV,"https://www.google.com/maps?q=12.90223026378709,77.70456076137702",https://properties.cityinfoservices.com/rga-tech-park-block-4-for-rent-in-sarjapur-main-road-bangalore/batg23t/prd,2026-09-21T05:40:06.854631+00:00,14
RGA Tech Park - Block 4,Sarjapur Main Road,RGA Software Systems Pvt. Ltd. (Primal Projects Pvt. Ltd.),Office Space,,,,,,,,,Ready to move,2 Basement + Ground + 10 Floors,"~44,000 to ~51,000",,RGA Tech Park - Block 4,,Security; Reserved Parking; Visitor Parking; Centralized AC; 24 hours water supply; CCTV,"https://www.google.com/maps?q=12.90223026378709,77.70456076137702",https://properties.cityinfoservices.com/rga-tech-park-block-4-for-rent-in-sarjapur-main-road-bangalore/w8bvzrd/prd,2026-09-21T05:40:08.100650+00:00,14
North Gate Business Park - Phase 1 - Wing B,Yelahanka,Modern Asset Management,Office Space,,,,,,,,,Ready for fit outs,3 Basement + Ground + 12 Floors,"~39,000",,North Gate Business Park - Phase 1 - Wing B,,Security; Reserved Parking; Visitor Parking; Centralized AC; 24 hours water supply; CCTV,"https://www.google.com/maps?q=13.11544090066017,77.60505013757324",https://properties.cityinfoservices.com/north-gate-business-park-phase-1-wing-b-for-rent-in-yelahanka-bangalore/y8u4rdt/prd,2026-09-21T05:40:09.495390+00:00,15
North Gate Business Park - Phase 1 - Wing B,Yelahanka,Modern Asset Management,Office Space,,,,,,,,,Ready for fit outs,3 Basement + Ground + 12 Floors,~39,,North Gate Business Park - Phase 1 - Wing B,,Security; Reserved Parking; Visitor Parking; Centralized AC; 24 hours water supply; CCTV,"https://www.google.com/maps?q=13.11544090066017,77.60505013757324",https://properties.cityinfoservices.com/north-gate-business-park-phase-1-wing-b-for-rent-in-yelahanka-bangalore/d9jltf7/prd,2026-09-21T05:40:11.878125+00:00,15
Pritech Park - Block 11,Bellandur,RGA Software Systems Pvt. Ltd. (Primal Projects Pvt. Ltd.),Office Space,,,,,,,,,Ready for fit outs,2 Basement + Ground + 9 Floors,"~63,641",,Pritech Park - Block 11,,Security; Reserved Parking; Visitor Parking; Centralized AC; 24 hours water supply; CCTV,"https://www.google.com/maps?q=12.922320832291403,77.6806719811981",https://properties.cityinfoservices.com/pritech-park-block-11-for-rent-in-bellandur-bangalore/gehellq/prd,2026-09-21T05:40:13.012822+00:00,6
Vaswani Presidio,Kadubeesanahalli,Vaswani Estates Developers Pvt. Ltd. (Vaswani Group),Office Space,,,,,,,,,Ready for fit outs,2 Basement + Ground + 6 Floors,"~18,000",,Vaswani Presidio,,Security; Reserved Parking; Visitor Parking; Centralized AC; 24 hours water supply; CCTV,"https://www.google.com/maps?q=12.937660,77.699599",https://properties.cityinfoservices.com/vaswani-presidio-for-rent-in-kadubeesanahalli-road-bangalore/3n699zg/prd,2026-09-21T05:40:15.139404+00:00,16
North Gate Business Park - Phase 1 - Wing B,Yelahanka,Modern Asset Management,Office Space,,,,,,,,,Ready for fit outs,3 Basement + Ground + 12 Floors,"~39,000",,North Gate Business Park - Phase 1 - Wing B,,Security; Reserved Parking; Visitor Parking; Centralized AC; 24 hours water supply; CCTV,"https://www.google.com/maps?q=13.11544090066017,77.60505013757324",https://properties.cityinfoservices.com/north-gate-business-park-phase-1-wing-b-for-rent-in-yelahanka-bangalore/hyw3vsg/prd,2026-09-21T05:40:19.292655+00:00,16
North Gate Business Park - Phase 1 - Wing B,Yelahanka,Modern Asset Management,Office Space,,,,,,,,,Ready for fit outs,3 Basement + Ground + 12 Floors,"~39,000",,North Gate Business Park - Phase 1 - Wing B,,Security; Reserved Parking; Visitor Parking; Centralized AC; 24 hours water supply; CCTV,"https://www.google.com/maps?q=13.11544090066017,77.60505013757324",https://properties.cityinfoservices.com/north-gate-business-park-phase-1-wing-b-for-rent-in-yelahanka-bangalore/uytutz9/prd,2026-09-21T05:40:24.055267+00:00,16
North Gate Business Park - Phase 1 - Wing B,Yelahanka,Modern Asset Management,Office Space,,,,,,,,,Ready for fit outs,3 Basement + Ground + 12 Floors,"~39,000",,North Gate Business Park - Phase 1 - Wing B,,Security; Reserved Parking; Visitor Parking; Centralized AC; 24 hours water supply; CCTV,"https://www.google.com/maps?q=13.11544090066017,77.60505013757324",https://properties.cityinfoservices.com/north-gate-business-park-phase-1-wing-b-for-rent-in-yelahanka-bangalore/dzqwtee/prd,2026-09-21T05:40:25.221852+00:00,16
North Gate Business Park - Phase 1 - Wing B,Yelahanka,Modern Asset Management,Office Space,,,,,,,,,Ready for fit outs,3 Basement + Ground + 12 Floors,~39,,North Gate Business Park - Phase 1 - Wing B,,Security; Reserved Parking; Visitor Parking; Centralized AC; 24 hours water supply; CCTV,"https://www.google.com/maps?q=13.11544090066017,77.60505013757324",https://properties.cityinfoservices.com/north-gate-business-park-phase-1-wing-b-for-rent-in-yelahanka-bangalore/lsnikhk/prd,2026-09-21T05:40:26.427280+00:00,16
91 Springboard - ITPL Main Road - Whitefield,Mahadevapura,91 Springboard Business Hub Pvt. Ltd.,Business Center & Co-working Space,520,,,,,,,,Ready to Occupy,,,,91 Springboard - ITPL Main Road - Whitefield,,Security; Reserved Parking; Visitor Parking; Centralized AC; 24 hours water supply; CCTV,"https://www.google.com/maps?q=12.99390105,77.69927402",https://properties.cityinfoservices.com/91-springboard-itpl-main-road-whitefield-for-rent-in-mahadevapura-bangalore/82o69y8/prd,2026-09-21T05:40:28.140506+00:00,10
Nitesh Plaza,Vasanth Nagar,NEL Holdings Limited (Nitesh Estates),Office Space,,,,,,,,,Under Construction,2 Basement + Ground + 17 Floors,~17000,,Nitesh Plaza,,Security; Reserved Parking; Visitor Parking; Centralized AC; 24 hours water supply; CCTV,"https://www.google.com/maps?q=12.9855704,77.5940196",https://properties.cityinfoservices.com/nitesh-plaza-for-rent-in-vasanth-nagar-bangalore/c5mkonr/prd,2026-09-21T05:40:29.049893+00:00,17
International Tech Park Bangalore - Victor,Whitefield,CapitaLand Services India Pvt. Ltd. (Ascendas-Singbridge Group),Office Space,,,,,,,,,Ready for fit outs,2 Basement + Ground + 13 Floors,"~34,000 to ~52,000",,International Tech Park Bangalore - Victor,,Security; Reserved Parking; Visitor Parking; Centralized AC; 24 hours water supply; CCTV,"https://www.google.com/maps?q=12.983973,77.7380931",https://properties.cityinfoservices.com/international-tech-park-bangalore-victor-for-rent-in-whitefield-bangalore/k8nooq2/prd,2026-09-21T05:40:29.817720+00:00,17
North Gate Business Park - Phase 1 - Wing B,Yelahanka,Modern Asset Management,Office Space,,,,,,,,,Ready for fit outs,3 Basement + Ground + 12 Floors,"~39,000",,North Gate Business Park - Phase 1 - Wing B,,Security; Reserved Parking; Visitor Parking; Centralized AC; 24 hours water supply; CCTV,"https://www.google.com/maps?q=13.11544090066017,77.60505013757324",https://properties.cityinfoservices.com/north-gate-business-park-phase-1-wing-b-for-rent-in-yelahanka-bangalore/4p6y72j/prd,2026-09-21T05:40:31.716949+00:00,16
Pritech Park - Block 9,Bellandur,RGA Software Systems Pvt. Ltd. (Primal Projects Pvt. Ltd.),Office Space,,,,,,,,,Ready to move,Basement + Ground + 9 Floors,"~63,830",,Pritech Park - Block 9,,Security; Reserved Parking; Visitor Parking; Centralized AC; 24 hours water supply; CCTV,"https://www.google.com/maps?q=12.92365933995496,77.6807256253784",https://properties.cityinfoservices.com/pritech-park-block-9-for-rent-in-bellandur-bangalore/s4x6iy8/prd,2026-09-21T05:40:34.219034+00:00,19
Ozone Chambers - Tower A,HSR Layout,Ozone Group,Office Space,,,,,,,,,Under Construction,3 Basements + Ground + 16 Floors,"~55,000",,Ozone Chambers - Tower A,,Security; Reserved Parking; Visitor Parking; Centralized AC; 24 hours water supply; CCTV,"https://www.google.com/maps?q=12.917948713494456,77.62666286165468",https://properties.cityinfoservices.com/ozone-chambers-tower-a-for-rent-in-hsr-layout-bangalore/qtg9e7w/prd,2026-09-21T05:40:36.959909+00:00,18
Pritech Park - Block 9,Bellandur,RGA Software Systems Pvt. Ltd. (Primal Projects Pvt. Ltd.),Office Space,,,,,,,,,Ready for fit outs,Basement + Ground + 9 Floors,"~63,830",,Pritech Park - Block 9,,Security; Reserved Parking; Visitor Parking; Centralized AC; 24 hours water supply; CCTV,"https://www.google.com/maps?q=12.92365933995496,77.6807256253784",https://properties.cityinfoservices.com/pritech-park-block-9-for-rent-in-bellandur-bangalore/ba3cx3b/prd,2026-09-21T05:40:37.666871+00:00,19
Mfar Manyata Red Sanders - M1,Nagavara,MFAR Holdings Pvt. Ltd.,Office Space,,,,,,,,,Under Construction,3 Basement + Ground + 13 Floors,~28000,,Mfar Manyata Red Sanders - M1,,Security; Reserved Parking; Visitor Parking; Centralized AC; 24 hours water supply; CCTV,"https://www.google.com/maps?q=13.046784046011478,77.62048152988588",https://properties.cityinfoservices.com/mfar-manyata-red-sanders-m1-for-rent-in-nagavara-bangalore/paf5pon/prd,2026-09-21T05:40:39.648275+00:00,19
Mfar Manyata Red Sanders - M1,Nagavara,MFAR Holdings Pvt. Ltd.,Office Space,,,,,,,,,Under Construction,3 Basement + Ground + 13 Floors,~28000,,Mfar Manyata Red Sanders - M1,,Security; Reserved Parking; Visitor Parking; Centralized AC; 24 hours water supply; CCTV,"https://www.google.com/maps?q=13.046784046011478,77.62048152988588",https://properties.cityinfoservices.com/mfar-manyata-red-sanders-m1-for-rent-in-nagavara-bangalore/iad2p4r/prd,2026-09-21T05:40:41.057958+00:00,19
Fortuna Tech Park,Electronic City Phase I,Sarala Group,Office Space,,,,,,,,,Ready for fit outs,Basement + Ground + 6 Floors,"~40,000",,Fortuna Tech Park,,Security; Reserved Parking; Visitor Parking; Centralized AC; 24 hours water supply; CCTV,"https://www.google.com/maps?q=12.835387948403335,77.66138235393677",https://properties.cityinfoservices.com/fortuna-tech-park-for-rent-in-electronic-city-phase-i-bangalore/x3my44n/prd,2026-09-21T05:40:43.535154+00:00,20
Titanium Tech Park - Block 1,Kadugodi,Goyal and Co.,Office Space,,,,,,,,,Under Construction,3 Basement + Ground + 15 Floors,"~38,000 to ~57,000",,Titanium Tech Park - Block 1,,Security; Reserved Parking; Visitor Parking; Centralized AC; 24 hours water supply; CCTV,"https://www.google.com/maps?q=12.986036633307336,77.74795115001525",https://properties.cityinfoservices.com/titanium-tech-park-block-1-for-rent-in-kadugodi-bangalore/bweb52j/prd,2026-09-21T05:40:45.354825+00:00,12
DivyaSree Towers,Bannerghatta Road,DivyaSree Infrastructure Projects Pvt. Ltd.,Office Space,,,,,,,,,Ready for fit outs,2 Basement + Ground + 5 Floors,"~34,000",,DivyaSree Towers,,Security; Reserved Parking; Visitor Parking; Centralized AC; 24 hours water supply; CCTV,"https://www.google.com/maps?q=12.918728152642611,77.60034726745903",https://properties.cityinfoservices.com/divyasree-towers-for-rent-in-bannerghatta-main-road-bangalore/6heknxh/prd,2026-09-21T05:40:46.122058+00:00,20
Gold Hill Square (Goldhill),Bommanahalli,Sri Venkateswara Developers,Office Space,,,,,,,,,Ready for fit outs,Basement + Ground + 11 Floors,~18000 to ~34000,,Gold Hill Square (Goldhill),,Security; Reserved Parking; Visitor Parking; Centralized AC; 24 hours water supply; CCTV,"https://www.google.com/maps?q=12.9017892,77.63296869999999",https://properties.cityinfoservices.com/gold-hill-square-goldhill--for-rent-in-bommanahalli-bangalore/ilxyges/prd,2026-09-21T05:40:48.284735+00:00,20
Pritech Park - Block 8,Bellandur,RGA Software Systems Pvt. Ltd. (Primal Projects Pvt. Ltd.),Office Space,,,,,,,,,Ready to move,Basement + Ground + 8 Floors,"~15,000 to ~23,000",,Pritech Park - Block 8,,Security; Reserved Parking; Visitor Parking; Centralized AC; 24 hours water supply; CCTV,"https://www.google.com/maps?q=12.923774367622501,77.68144445739439",https://properties.cityinfoservices.com/pritech-park-block-8-for-rent-in-bellandur-bangalore/qkcwmf2/prd,2026-09-21T05:40:49.551064+00:00,11
Bagmane World Technology Centre - Opal Block,Doddanekkundi,Bagmane Developers Pvt. Ltd.,Office Space,,,,,,,,,Ready to move,3 Basement + Ground + 12 Floors,"~59,000 to ~65,000",,Bagmane World Technology Centre - Opal Block,,Security; Reserved Parking; Visitor Parking; Centralized AC; 24 hours water supply; CCTV,"https://www.google.com/maps?q=12.9876371,77.6894631",https://properties.cityinfoservices.com/bagmane-world-technology-centre-opal-block-for-rent-in-doddanekkundi-bangalore/3rtzdx8/prd,2026-09-21T05:40:50.472394+00:00,21
RMZ Millenia - Tower B,Halasuru (Ulsoor),RMZ Corp Holdings Pvt. Ltd.,Office Space,,,,,,,,,Ready for fit outs,2 Basement + Ground + 7 Floors,"~16,000",,RMZ Millenia - Tower B,,Security; Reserved Parking; Visitor Parking; Centralized AC; 24 hours water supply; CCTV,"https://www.google.com/maps?q=12.9824107,77.624615",https://properties.cityinfoservices.com/rmz-millenia-tower-b-for-rent-in-halasuru-bangalore/zd27vi2/prd,2026-09-21T05:40:52.119995+00:00,22
DivyaSree NR Enclave - Block B,Whitefield,DivyaSree Infrastructure Projects Pvt. Ltd.,Office Space,,,,,,,,,Ready to move,Basement + Ground + 4 Floors,"~37,100",,DivyaSree NR Enclave - Block B,,Security; Reserved Parking; Visitor Parking; Centralized AC; 24 hours water supply; CCTV,"https://www.google.com/maps?q=12.9866944,77.73018260000003",https://properties.cityinfoservices.com/divyasree-nr-enclave-block-b-for-rent-in-whitefield-bangalore/t32qmyr/prd,2026-09-21T05:40:54.164165+00:00,22
Mfar Manyata Red Sanders - M1,Nagavara,MFAR Holdings Pvt. Ltd.,Office Space,,,,,,,,,Under Construction,3 Basement + Ground + 13 Floors,~28000,,Mfar Manyata Red Sanders - M1,,,"https://www.google.com/maps?q=13.046784046011478,77.62048152988588",https://properties.cityinfoservices.com/mfar-manyata-red-sanders-m1-for-rent-in-nagavara-bangalore/audw2o6/prd,2026-09-21T05:40:55.806145+00:00,23
Mfar Manyata Red Sanders - M1,Nagavara,MFAR Holdings Pvt. Ltd.,Office Space,,,,,,,,,Under Construction,3 Basement + Ground + 13 Floors,~28000,,Mfar Manyata Red Sanders - M1,,Security; Reserved Parking; Visitor Parking; Centralized AC; 24 hours water supply; CCTV,"https://www.google.com/maps?q=13.046784046011478,77.62048152988588",https://properties.cityinfoservices.com/mfar-manyata-red-sanders-m1-for-rent-in-nagavara-bangalore/orkjtuq/prd,2026-09-21T05:40:56.717357+00:00,23
Brigade Deccan Heights,Yeshwanthpur,Brigade Enterprises Limited,Office Space,,,,,,,,,Ready for fit outs,2 Basement + Ground + 23 Floors,~25000,,Brigade Deccan Heights,,Security; Reserved Parking; Visitor Parking; Centralized AC; 24 hours water supply; CCTV,"https://www.google.com/maps?q=13.0267798,77.54473669999993",https://properties.cityinfoservices.com/brigade-deccan-heights-for-rent-in-yeshwanthpur-bangalore/l88f8re/prd,2026-09-21T05:40:57.264588+00:00,23
Mfar Manyata Red Sanders - M1,Nagavara,MFAR Holdings Pvt. Ltd.,Office Space,,,,,,,,,Under Construction,3 Basement + Ground + 13 Floors,~28000,,Mfar Manyata Red Sanders - M1,,Security; Reserved Parking; Visitor Parking; Centralized AC; 24 hours water supply; CCTV,"https://www.google.com/maps?q=13.046784046011478,77.62048152988588",https://properties.cityinfoservices.com/mfar-manyata-red-sanders-m1-for-rent-in-nagavara-bangalore/rv6wv5s/prd,2026-09-21T05:41:00.415775+00:00,24
Mfar Manyata Red Sanders - M1,Nagavara,MFAR Holdings Pvt. Ltd.,Office Space,,,,,,,,,Under Construction,3 Basement + Ground + 13 Floors,~28000,,Mfar Manyata Red Sanders - M1,,Security; Reserved Parking; Visitor Parking; Centralized AC; 24 hours water supply; CCTV,"https://www.google.com/maps?q=13.046784046011478,77.62048152988588",https://properties.cityinfoservices.com/mfar-manyata-red-sanders-m1-for-rent-in-nagavara-bangalore/8noyn48/prd,2026-09-21T05:41:00.692923+00:00,24
Titanium Tech Park - Block 1,Kadugodi,Goyal and Co.,Office Space,,,,,,,,,Under Construction,3 Basement + Ground + 15 Floors,"~38,000 to ~57,000",,Titanium Tech Park - Block 1,,Security; Reserved Parking; Visitor Parking; Centralized AC; 24 hours water supply; CCTV,"https://www.google.com/maps?q=12.986036633307336,77.74795115001525",https://properties.cityinfoservices.com/titanium-tech-park-block-1-for-rent-in-kadugodi-bangalore/8rjucxk/prd,2026-09-21T05:41:01.999745+00:00,12
Ozone Chambers - Tower A,HSR Layout,Ozone Group,Office Space,,,,,,,,,Under Construction,3 Basements + Ground + 16 Floors,"~55,000",,Ozone Chambers - Tower A,,Security; Reserved Parking; Visitor Parking; Centralized AC; 24 hours water supply; CCTV,"https://www.google.com/maps?q=12.917948713494456,77.62666286165468",https://properties.cityinfoservices.com/ozone-chambers-tower-a-for-rent-in-hsr-layout-bangalore/gv6nwyt/prd,2026-09-21T05:41:03.426402+00:00,19
Embassy Manyata NXT - Block 2,Nagavara,Embassy Property Developments Pvt. Ltd.,Office Space,,,,,,,,,Ready for fit outs,2 Basement + Ground + 10 Floors,"~29,321",,Embassy Manyata NXT - Block 2,,Security; Reserved Parking; Visitor Parking; Centralized AC; CCTV,"https://www.google.com/maps?q=13.042216531166487,77.61966613834535",https://properties.cityinfoservices.com/embassy-manyata-nxt-block-2-for-rent-in-nagavara-bangalore/3f6z3ix/prd,2026-09-21T05:41:04.579001+00:00,25
Embassy Manyata NXT - Block 2,Nagavara,Embassy Property Developments Pvt. Ltd.,Office Space,,,,,,,,,Ready for fit outs,2 Basement + Ground + 10 Floors,"~29,321",,Embassy Manyata NXT - Block 2,,Security; Reserved Parking; Visitor Parking; Centralized AC; 24 hours water supply; CCTV,"https://www.google.com/maps?q=13.042216531166487,77.61966613834535",https://properties.cityinfoservices.com/embassy-manyata-nxt-block-2-for-rent-in-nagavara-bangalore/f2amuf6/prd,2026-09-21T05:41:06.044967+00:00,25
Arvind The Edge,Peenya,Arvind SmartSpaces Ltd.,Office Space,,,,,,,,,Under Construction,4 Basement + Ground + 13 Floors,~8382,,Arvind The Edge,,Security; Reserved Parking; Visitor Parking; Centralized AC; 24 hours water supply; CCTV,"https://www.google.com/maps?q=13.0582654,77.4685501",https://properties.cityinfoservices.com/arvind-the-edge-for-rent-in-peenya-bangalore/bpfhpso/prd,2026-09-21T05:41:07.624185+00:00,26
Featherlite Spectrum,Mysore Road,Featherlite Developers Pvt. Ltd.,Office Space,,,,,,,,,Ready for fit outs,Basement + Ground + 4 Floors,"~15,000",,Featherlite Spectrum,,Security; Reserved Parking; Visitor Parking; Centralized AC; 24 hours water supply; CCTV,"https://www.google.com/maps?q=12.9544692,77.54490489999999",https://properties.cityinfoservices.com/featherlite-spectrum-for-rent-in-mysore-road-bangalore/l29glts/prd,2026-09-21T05:41:08.794324+00:00,26
Skywards Tech Park,Electronic City Phase I,Independent Developer,Office Space,,,,,,,,,Ready for fit outs,2 Basement + Ground + 4 Floors,~6028,,Skywards Tech Park,,Security; Reserved Parking; Visitor Parking; 24 hours water supply; CCTV,"https://www.google.com/maps?q=12.84818111701847,77.65752801958237",https://properties.cityinfoservices.com/skywards-tech-park-for-rent-in-electronic-city-phase-i-bangalore/94vp4ho/prd,2026-09-21T05:41:09.519593+00:00,26
RMZ Infinity - Tower B,Old Madras Road,RMZ Corp Holdings Pvt. Ltd.,Office Space,,,,,,,,,Ready for fit outs,Basement + Ground + 8 Floors,"~37,000",,RMZ Infinity - Tower B,,Security; Reserved Parking; Visitor Parking; Centralized AC; 24 hours water supply; CCTV,"https://www.google.com/maps?q=12.994606952224766,77.66095696026612",https://properties.cityinfoservices.com/rmz-infinity-tower-b-for-rent-in-old-madras-road-bangalore/ae8uur2/prd,2026-09-21T05:41:10.044327+00:00,20
Ozone Chambers - Tower A,HSR Layout,Ozone Group,Office Space,,,,,,,,,Under Construction,3 Basements + Ground + 16 Floors,"~55,000",,Ozone Chambers - Tower A,,Security; Reserved Parking; Visitor Parking; Centralized AC; 24 hours water supply; CCTV,"https://www.google.com/maps?q=12.917948713494456,77.62666286165468",https://properties.cityinfoservices.com/ozone-chambers-tower-a-for-rent-in-hsr-layout-bangalore/rpduei5/prd,2026-09-21T05:41:10.184377+00:00,18
Brookfield Ecospace - Campus 1B,Bellandur,Brookfield Properties,Office Space,,,,,,,,,Ready for fit outs,Basement + Ground + 7 Floors,~42824,,Brookfield Ecospace - Campus 1B,,Security; Reserved Parking; Visitor Parking; Centralized AC; 24 hours water supply; CCTV,"https://www.google.com/maps?q=12.926229611598234,77.6799415961563",https://properties.cityinfoservices.com/brookfield-ecospace-campus-1b-for-rent-in-bellandur-bangalore/piggt63/prd,2026-09-21T05:41:10.335757+00:00,26
Venkateshwara Techno Park,Electronic City Phase I,Independent Developer,Office Space,,,,,,,,,Ready for fit outs,Basement + Ground + 3 Floors,40012,,Venkateshwara Techno Park,,Security; Reserved Parking; Visitor Parking; Centralized AC; 24 hours water supply; CCTV,"https://www.google.com/maps?q=12.84046135973812,77.66465464893494",https://properties.cityinfoservices.com/venkateshwara-techno-park-for-rent-in-electronic-city-phase-i-bangalore/6rplyfn/prd,2026-09-21T05:41:11.422997+00:00,16
Prestige Tech Park 2 - Etamin Block,Kadubeesanahalli,Prestige Estates Projects Limited,Office Space,,,,,,,,,Ready to move,Basement + Ground + 9 Floors,"~79,000",,Prestige Tech Park 2 - Etamin Block,,Security; Reserved Parking; Visitor Parking; Centralized AC; 24 hours water supply; CCTV,"https://www.google.com/maps?q=12.943522087615774,77.69117449999999",https://properties.cityinfoservices.com/prestige-tech-park-2-etamin-block-for-rent-in-kadubeesanahalli-road-bangalore/wwch9co/prd,2026-09-21T05:41:11.489908+00:00,26
Obeya - Brio,HSR Layout,Obeya Business Center ( Obeya Underpinnings LLP ),Business Center & Co-working Space,100,,,,,,,,Ready to Move In,,,,Obeya - Brio,,Security; Reserved Parking; Visitor Parking; Centralized AC; 24 hours water supply; CCTV,"https://www.google.com/maps?q=12.9198933,77.6451931",https://properties.cityinfoservices.com/obeya-brio-for-rent-in-hsr-layout-bangalore/iypyd8n/prd,2026-09-21T05:41:12.495184+00:00,26
365 Shared Space - Nova,HSR Layout,365 Shared Space,Business Center & Co-working Space,100,,,,,,,,Ready to Occupy,,,,365 Shared Space - Nova,,Security; Reserved Parking; Visitor Parking; Centralized AC; 24 hours water supply; CCTV,"https://www.google.com/maps?q=12.913969,77.632625",https://properties.cityinfoservices.com/365-shared-space-nova-for-rent-in-hsr-layout-bangalore/bscl4tg/prd,2026-09-21T05:41:12.574434+00:00,26
Embassy Manyata NXT - Block 2,Nagavara,Embassy Property Developments Pvt. Ltd.,Office Space,,,,,,,,,Ready for fit outs,2 Basement + Ground + 10 Floors,"~29,321",,Embassy Manyata NXT - Block 2,,Security; Reserved Parking; Visitor Parking; Centralized AC; 24 hours water supply; CCTV,"https://www.google.com/maps?q=13.042216531166487,77.61966613834535",https://properties.cityinfoservices.com/embassy-manyata-nxt-block-2-for-rent-in-nagavara-bangalore/9kwqlex/prd,2026-09-21T05:41:13.126942+00:00,26
Embassy Manyata NXT - Block 2,Nagavara,Embassy Property Developments Pvt. Ltd.,Office Space,,,,,,,,,Ready for fit outs,2 Basement + Ground + 10 Floors,"~29,321",,Embassy Manyata NXT - Block 2,,Security; Reserved Parking; Visitor Parking; Centralized AC; 24 hours water supply; CCTV,"https://www.google.com/maps?q=13.042216531166487,77.61966613834535",https://properties.cityinfoservices.com/embassy-manyata-nxt-block-2-for-rent-in-nagavara-bangalore/ii9wzes/prd,2026-09-21T05:41:14.573682+00:00,26
Tata Intellion Park - Block 3,Yelahanka,Tata Realty and Infrastructure Limited (TRIL),Office Space,,,,,,,,,Ready for fit outs,3 Basement + Ground + 10 Floors,"~72,000",,Tata Intellion Park - Block 3,,Security; Reserved Parking; Centralized AC; 24 hours water supply; CCTV,"https://www.google.com/maps?q=13.127425,77.617887",https://properties.cityinfoservices.com/tata-intellion-park-block-3-for-rent-in-yelahanka-bangalore/q9s5mp2/prd,2026-09-21T05:41:15.321688+00:00,25
Embassy Manyata NXT - Block 2,Nagavara,Embassy Property Developments Pvt. Ltd.,Office Space,,,,,,,,,Ready for fit outs,2 Basement + Ground + 10 Floors,"~29,321",,Embassy Manyata NXT - Block 2,,Security; Reserved Parking; Visitor Parking; Centralized AC; 24 hours water supply; CCTV,"https://www.google.com/maps?q=13.042216531166487,77.61966613834535",https://properties.cityinfoservices.com/embassy-manyata-nxt-block-2-for-rent-in-nagavara-bangalore/f48bbap/prd,2026-09-21T05:41:15.447392+00:00,25
Tata Intellion Park - Block 3,Yelahanka,Tata Realty and Infrastructure Limited (TRIL),Office Space,,,,,,,,,Ready for fit outs,3 Basement + Ground + 10 Floors,"~72,000",,Tata Intellion Park - Block 3,,Security; Reserved Parking; Visitor Parking; Centralized AC; 24 hours water supply; CCTV,"https://www.google.com/maps?q=13.127425,77.617887",https://properties.cityinfoservices.com/tata-intellion-park-block-3-for-rent-in-yelahanka-bangalore/hsop669/prd,2026-09-21T05:41:16.294209+00:00,25
Tata Intellion Park - Block 3,Yelahanka,Tata Realty and Infrastructure Limited (TRIL),Office Space,,,,,,,,,Ready for fit outs,3 Basement + Ground + 10 Floors,"~72,000",,Tata Intellion Park - Block 3,,Security; Reserved Parking; Centralized AC; 24 hours water supply; CCTV,"https://www.google.com/maps?q=13.127425,77.617887",https://properties.cityinfoservices.com/tata-intellion-park-block-3-for-rent-in-yelahanka-bangalore/f7ahofg/prd,2026-09-21T05:41:18.824997+00:00,25
Embassy Manyata NXT - Block 2,Nagavara,Embassy Property Developments Pvt. Ltd.,Office Space,,,,,,,,,Ready for fit outs,2 Basement + Ground + 10 Floors,"~29,321",,Embassy Manyata NXT - Block 2,,Security; Reserved Parking; Visitor Parking; Centralized AC; 24 hours water supply; CCTV,"https://www.google.com/maps?q=13.042216531166487,77.61966613834535",https://properties.cityinfoservices.com/embassy-manyata-nxt-block-2-for-rent-in-nagavara-bangalore/sk23iah/prd,2026-09-21T05:41:19.488784+00:00,25
RMZ Ecoworld - Campus 21,Bellandur,RMZ Corp Holdings Pvt. Ltd.,Office Space,,,,,,,,,Ready for fit outs,3 Basement + Ground + 10 Floors,"~63,957 to ~94,393",,RMZ Ecoworld - Campus 21,,Security; Reserved Parking; Visitor Parking; Centralized AC; 24 hours water supply; CCTV,"https://www.google.com/maps?q=12.9194491333677,77.68811776375426",https://properties.cityinfoservices.com/rmz-ecoworld-campus-21-for-rent-in-bellandur-bangalore/75vhlpz/prd,2026-09-21T05:41:19.961182+00:00,25
RMZ Ecoworld - Campus 21,Bellandur,RMZ Corp Holdings Pvt. Ltd.,Office Space,,,,,,,,,Ready for fit outs,3 Basement + Ground + 10 Floors,"~63,957 to ~94,393",,RMZ Ecoworld - Campus 21,,Security; Reserved Parking; Visitor Parking; Centralized AC; 24 hours water supply; CCTV,"https://www.google.com/maps?q=12.9194491333677,77.68811776375426",https://properties.cityinfoservices.com/rmz-ecoworld-campus-21-for-rent-in-bellandur-bangalore/2w8vm6d/prd,2026-09-21T05:41:20.200307+00:00,25
Mfar Manyata Red Sanders - M1,Nagavara,MFAR Holdings Pvt. Ltd.,Office Space,,,,,,,,,Under Construction,3 Basement + Ground + 13 Floors,~28000,,Mfar Manyata Red Sanders - M1,,Security; Reserved Parking; Visitor Parking; Centralized AC; 24 hours water supply; CCTV,"https://www.google.com/maps?q=13.046784046011478,77.62048152988588",https://properties.cityinfoservices.com/mfar-manyata-red-sanders-m1-for-rent-in-nagavara-bangalore/mbr96db/prd,2026-09-21T05:41:20.905833+00:00,24
Mfar Manyata Red Sanders - M1,Nagavara,MFAR Holdings Pvt. Ltd.,Office Space,,,,,,,,,Under Construction,3 Basement + Ground + 13 Floors,~28000,,Mfar Manyata Red Sanders - M1,,Security; Reserved Parking; Visitor Parking; Centralized AC; 24 hours water supply; CCTV,"https://www.google.com/maps?q=13.046784046011478,77.62048152988588",https://properties.cityinfoservices.com/mfar-manyata-red-sanders-m1-for-rent-in-nagavara-bangalore/h29se6p/prd,2026-09-21T05:41:22.769284+00:00,24
Mfar Manyata Red Sanders - M1,Nagavara,MFAR Holdings Pvt. Ltd.,Office Space,,,,,,,,,Under Construction,3 Basement + Ground + 13 Floors,~28000,,Mfar Manyata Red Sanders - M1,,Security; Reserved Parking; Visitor Parking; Centralized AC; 24 hours water supply; CCTV,"https://www.google.com/maps?q=13.046784046011478,77.62048152988588",https://properties.cityinfoservices.com/mfar-manyata-red-sanders-m1-for-rent-in-nagavara-bangalore/sn4lykm/prd,2026-09-21T05:41:22.935664+00:00,24
Mfar Manyata Red Sanders - M1,Nagavara,MFAR Holdings Pvt. Ltd.,Office Space,,,,,,,,,Under Construction,3 Basement + Ground + 13 Floors,~28000,,Mfar Manyata Red Sanders - M1,,Security; Reserved Parking; Visitor Parking; Centralized AC; 24 hours water supply; CCTV,"https://www.google.com/maps?q=13.046784046011478,77.62048152988588",https://properties.cityinfoservices.com/mfar-manyata-red-sanders-m1-for-rent-in-nagavara-bangalore/sydh67b/prd,2026-09-21T05:41:22.994250+00:00,24
Mfar Manyata Red Sanders - M1,Nagavara,MFAR Holdings Pvt. Ltd.,Office Space,,,,,,,,,Under Construction,3 Basement + Ground + 13 Floors,~28000,,Mfar Manyata Red Sanders - M1,,Security; Reserved Parking; Visitor Parking; Centralized AC; 24 hours water supply; CCTV,"https://www.google.com/maps?q=13.046784046011478,77.62048152988588",https://properties.cityinfoservices.com/mfar-manyata-red-sanders-m1-for-rent-in-nagavara-bangalore/knf7fad/prd,2026-09-21T05:41:23.395000+00:00,24
Mfar Manyata Red Sanders - M1,Nagavara,MFAR Holdings Pvt. Ltd.,Office Space,,,,,,,,,Under Construction,4 Basement + Ground + 14 Floors,~28000,,Mfar Manyata Red Sanders - M1,,Security; Reserved Parking; Visitor Parking; Centralized AC; 24 hours water supply; CCTV,"https://www.google.com/maps?q=13.046784046011478,77.62048152988588",https://properties.cityinfoservices.com/mfar-manyata-red-sanders-m1-for-rent-in-nagavara-bangalore/a8jrgkz/prd,2026-09-21T05:41:23.744016+00:00,24
Mfar Manyata Red Sanders - M1,Nagavara,MFAR Holdings Pvt. Ltd.,Office Space,,,,,,,,,Under Construction,3 Basement + Ground + 13 Floors,~28000,,Mfar Manyata Red Sanders - M1,,Security; Reserved Parking; Visitor Parking; Centralized AC; 24 hours water supply; CCTV,"https://www.google.com/maps?q=13.046784046011478,77.62048152988588",https://properties.cityinfoservices.com/mfar-manyata-red-sanders-m1-for-rent-in-nagavara-bangalore/iqc4t7d/prd,2026-09-21T05:41:25.839499+00:00,24
Qube Software Park,Devarabisanahalli,Sai Srushti Developers Pvt. Ltd.,Office Space,,,,,,,,,Ready for fit outs,2 Basement + Ground + 8 Floors,"~39,000",,Qube Software Park,,Security; Reserved Parking; Visitor Parking; Centralized AC; 24 hours water supply; CCTV,"https://www.google.com/maps?q=12.930378858287211,77.69550012781676",https://properties.cityinfoservices.com/qube-software-park-for-rent-in-devarabisanahalli-road-bangalore/fi5uu6h/prd,2026-09-21T05:41:26.066858+00:00,23
Qube Software Park,Devarabisanahalli,Sai Srushti Developers Pvt. Ltd.,Office Space,,,,,,,,,Ready for fit outs,2 Basement + Ground + 8 Floors,"~39,000",,Qube Software Park,,Security; Reserved Parking; Visitor Parking; Centralized AC; 24 hours water supply; CCTV,"https://www.google.com/maps?q=12.930378858287211,77.69550012781676",https://properties.cityinfoservices.com/qube-software-park-for-rent-in-devarabisanahalli-road-bangalore/lrycbsd/prd,2026-09-21T05:41:26.516598+00:00,23
Qube Software Park,Devarabisanahalli,Sai Srushti Developers Pvt. Ltd.,Office Space,,,,,,,,,Ready for fit outs,2 Basement + Ground + 8 Floors,"~39,000",,Qube Software Park,,Security; Reserved Parking; Visitor Parking; Centralized AC; 24 hours water supply; CCTV,"https://www.google.com/maps?q=12.930378858287211,77.69550012781676",https://properties.cityinfoservices.com/qube-software-park-for-rent-in-devarabisanahalli-road-bangalore/vtqyhh4/prd,2026-09-21T05:41:27.101204+00:00,23
Qube Software Park,Devarabisanahalli,Sai Srushti Developers Pvt. Ltd.,Office Space,,,,,,,,,Ready for fit outs,2 Basement + Ground + 8 Floors,"~39,000",,Qube Software Park,,Security; Reserved Parking; Visitor Parking; Centralized AC; 24 hours water supply; CCTV,"https://www.google.com/maps?q=12.930378858287211,77.69550012781676",https://properties.cityinfoservices.com/qube-software-park-for-rent-in-devarabisanahalli-road-bangalore/uigw3j3/prd,2026-09-21T05:41:28.661995+00:00,23
Qube Software Park,Devarabisanahalli,Sai Srushti Developers Pvt. Ltd.,Office Space,,,,,,,,,Ready for fit outs,2 Basement + Ground + 8 Floors,"~39,000",,Qube Software Park,,Security; Reserved Parking; Visitor Parking; Centralized AC; 24 hours water supply; CCTV,"https://www.google.com/maps?q=12.930378858287211,77.69550012781676",https://properties.cityinfoservices.com/qube-software-park-for-rent-in-devarabisanahalli-road-bangalore/wcp3af8/prd,2026-09-21T05:41:28.938266+00:00,23
DivyaSree NR Enclave - Block B,Whitefield,DivyaSree Infrastructure Projects Pvt. Ltd.,Office Space,,,,,,,,,Ready to move,Basement + Ground + 4 Floors,"~37,100",,DivyaSree NR Enclave - Block B,,Security; Reserved Parking; Visitor Parking; Centralized AC; 24 hours water supply; CCTV,"https://www.google.com/maps?q=12.9866944,77.73018260000003",https://properties.cityinfoservices.com/divyasree-nr-enclave-block-b-for-rent-in-whitefield-bangalore/6cnwqe4/prd,2026-09-21T05:41:30.618206+00:00,22
DivyaSree NR Enclave - Block B,Whitefield,DivyaSree Infrastructure Projects Pvt. Ltd.,Office Space,,,,,,,,,Ready for fit outs,Basement + Ground + 4 Floors,"~37,100",,DivyaSree NR Enclave - Block B,,Security; Reserved Parking; Visitor Parking; Centralized AC; 24 hours water supply; CCTV,"https://www.google.com/maps?q=12.9866944,77.73018260000003",https://properties.cityinfoservices.com/divyasree-nr-enclave-block-b-for-rent-in-whitefield-bangalore/377fnd6/prd,2026-09-21T05:41:31.590638+00:00,22
Embassy Tech Village - Hibiscus (2B) - Tower 3,Devarabisanahalli,Embassy Property Developments Pvt. Ltd.,Office Space,,,,,,,,,Ready for fit outs,Basement + Ground + 7 Floors,"~30,000",,Embassy Tech Village - Hibiscus (2B),,Security; Reserved Parking; Centralized AC; 24 hours water supply; CCTV,"https://www.google.com/maps?q=12.93076575890684,77.69199179842528",https://properties.cityinfoservices.com/embassy-tech-village-hibiscus-2b-tower-3-for-rent-in-devarabisanahalli-road-bangalore/ovdq58n/prd,2026-09-21T05:41:31.678655+00:00,23
DivyaSree NR Enclave - Block B,Whitefield,DivyaSree Infrastructure Projects Pvt. Ltd.,Office Space,,,,,,,,,Ready to move,Basement + Ground + 4 Floors,"~37,100",,DivyaSree NR Enclave - Block B,,Security; Reserved Parking; Visitor Parking; Centralized AC; 24 hours water supply; CCTV,"https://www.google.com/maps?q=12.9866944,77.73018260000003",https://properties.cityinfoservices.com/divyasree-nr-enclave-block-b-for-rent-in-whitefield-bangalore/fzv7nfa/prd,2026-09-21T05:41:31.775250+00:00,22
Bagmane World Technology Centre - Opal Block,Doddanekkundi,Bagmane Developers Pvt. Ltd.,Office Space,,,,,,,,,Ready to move,3 Basement + Ground + 12 Floors,"~59,000 to ~65,000",,Bagmane World Technology Centre - Opal Block,,Security; Reserved Parking; Visitor Parking; Centralized AC; 24 hours water supply; CCTV,"https://www.google.com/maps?q=12.9876371,77.6894631",https://properties.cityinfoservices.com/bagmane-world-technology-centre-opal-block-for-rent-in-doddanekkundi-bangalore/avrw77i/prd,2026-09-21T05:41:33.507914+00:00,22
Bagmane World Technology Centre - Opal Block,Doddanekkundi,Bagmane Developers Pvt. Ltd.,Office Space,,,,,,,,,Ready to move,3 Basement + Ground + 12 Floors,"~59,000 to ~65,000",,Bagmane World Technology Centre - Opal Block,,Security; Reserved Parking; Visitor Parking; Centralized AC; 24 hours water supply; CCTV,"https://www.google.com/maps?q=12.9876371,77.6894631",https://properties.cityinfoservices.com/bagmane-world-technology-centre-opal-block-for-rent-in-doddanekkundi-bangalore/in3jjys/prd,2026-09-21T05:41:34.059060+00:00,22
Bagmane World Technology Centre - Opal Block,Doddanekkundi,Bagmane Developers Pvt. Ltd.,Office Space,,,,,,,,,Ready to move,3 Basement + Ground + 12 Floors,"~59,000 to ~65,000",,Bagmane World Technology Centre - Opal Block,,Security; Reserved Parking; Visitor Parking; Centralized AC; 24 hours water supply; CCTV,"https://www.google.com/maps?q=12.9876371,77.6894631",https://properties.cityinfoservices.com/bagmane-world-technology-centre-opal-block-for-rent-in-doddanekkundi-bangalore/jelbjfq/prd,2026-09-21T05:41:35.229201+00:00,22
Bagmane World Technology Centre - Opal Block,Doddanekkundi,Bagmane Developers Pvt. Ltd.,Office Space,,,,,,,,,Ready to move,3 Basement + Ground + 12 Floors,"~59,000 to ~65,000",,Bagmane World Technology Centre - Opal Block,,Security; Reserved Parking; Visitor Parking; Centralized AC; 24 hours water supply; CCTV,"https://www.google.com/maps?q=12.9876371,77.6894631",https://properties.cityinfoservices.com/bagmane-world-technology-centre-opal-block-for-rent-in-doddanekkundi-bangalore/kd9b2yu/prd,2026-09-21T05:41:35.842699+00:00,22
Bagmane World Technology Centre - Opal Block,Doddanekkundi,Bagmane Developers Pvt. Ltd.,Office Space,,,,,,,,,Ready to move,3 Basement + Ground + 12 Floors,"~59,000 to ~65,000",,Bagmane World Technology Centre - Opal Block,,Security; Reserved Parking; Visitor Parking; Centralized AC; 24 hours water supply; CCTV,"https://www.google.com/maps?q=12.9876371,77.6894631",https://properties.cityinfoservices.com/bagmane-world-technology-centre-opal-block-for-rent-in-doddanekkundi-bangalore/gqjrayk/prd,2026-09-21T05:41:37.305192+00:00,21
Bagmane World Technology Centre - Opal Block,Doddanekkundi,Bagmane Developers Pvt. Ltd.,Office Space,,,,,,,,,Ready to move,3 Basement + Ground + 12 Floors,"~59,000 to ~65,000",,Bagmane World Technology Centre - Opal Block,,Security; Reserved Parking; Visitor Parking; Centralized AC; 24 hours water supply; CCTV,"https://www.google.com/maps?q=12.9876371,77.6894631",https://properties.cityinfoservices.com/bagmane-world-technology-centre-opal-block-for-rent-in-doddanekkundi-bangalore/46k2xmn/prd,2026-09-21T05:41:38.740504+00:00,21
Bagmane World Technology Centre - Opal Block,Doddanekkundi,Bagmane Developers Pvt. Ltd.,Office Space,,,,,,,,,Ready to move,3 Basement + Ground + 12 Floors,"~59,000 to ~65,000",,Bagmane World Technology Centre - Opal Block,,Security; Reserved Parking; Visitor Parking; Centralized AC; 24 hours water supply; CCTV,"https://www.google.com/maps?q=12.9876371,77.6894631",https://properties.cityinfoservices.com/bagmane-world-technology-centre-opal-block-for-rent-in-doddanekkundi-bangalore/g7igdyo/prd,2026-09-21T05:41:39.415950+00:00,21
Bagmane World Technology Centre - Opal Block,Doddanekkundi,Bagmane Developers Pvt. Ltd.,Office Space,,,,,,,,,Ready to move,3 Basement + Ground + 12 Floors,"~59,000 to ~65,000",,Bagmane World Technology Centre - Opal Block,,Security; Reserved Parking; Visitor Parking; Centralized AC; 24 hours water supply; CCTV,"https://www.google.com/maps?q=12.9876371,77.6894631",https://properties.cityinfoservices.com/bagmane-world-technology-centre-opal-block-for-rent-in-doddanekkundi-bangalore/hn4tbif/prd,2026-09-21T05:41:40.261792+00:00,22
Bagmane World Technology Centre - Opal Block,Doddanekkundi,Bagmane Developers Pvt. Ltd.,Office Space,,,,,,,,,Ready to move,3 Basement + Ground + 12 Floors,"~59,000 to ~65,000",,Bagmane World Technology Centre - Opal Block,,Security; Reserved Parking; Visitor Parking; Centralized AC; 24 hours water supply; CCTV,"https://www.google.com/maps?q=12.9876371,77.6894631",https://properties.cityinfoservices.com/bagmane-world-technology-centre-opal-block-for-rent-in-doddanekkundi-bangalore/o9u8nbd/prd,2026-09-21T05:41:40.485586+00:00,21
Bagmane Tech Park - Laurel (Block A),C V Raman Nagar,Bagmane Developers Pvt. Ltd.,Office Space,,,,,,,,,Ready to move,2 Basement + Ground + 8 Floors,"~26,368",,Bagmane Tech Park - Laurel (Block A),,Security; Reserved Parking,"https://www.google.com/maps?q=12.978052444848677,77.66508238761901",https://properties.cityinfoservices.com/bagmane-tech-park-laurel-block-a--for-rent-in-c-v-raman-nagar-bangalore/6xttnng/prd,2026-09-21T05:41:41.744158+00:00,21
Brookfield North Star,Yelahanka,Brookfield Properties,Office Space,,,,,,,,,Ready for fit outs,3 Basement + Ground + 14 Floors,"~10,951",,Brookfield North Star,,Security; Reserved Parking; Visitor Parking; Centralized AC; 24 hours water supply; CCTV,"https://www.google.com/maps?q=13.095233841943516,77.59535694120859",https://properties.cityinfoservices.com/brookfield-north-star-for-rent-in-yelahanka-bangalore/a36jsv4/prd,2026-09-21T05:41:42.317315+00:00,21
Brookfield North Star,Yelahanka,Brookfield Properties,Office Space,,,,,,,,,Ready for fit outs,3 Basement + Ground + 14 Floors,"~10,951",,Brookfield North Star,,Security; Reserved Parking; Visitor Parking; Centralized AC; 24 hours water supply; CCTV,"https://www.google.com/maps?q=13.095233841943516,77.59535694120859",https://properties.cityinfoservices.com/brookfield-north-star-for-rent-in-yelahanka-bangalore/hfhkeaz/prd,2026-09-21T05:41:42.495835+00:00,21
Brookfield North Star,Yelahanka,Brookfield Properties,Office Space,,,,,,,,,Ready for fit outs,3 Basement + Ground + 14 Floors,"~10,951",,Brookfield North Star,,Security; Reserved Parking; Visitor Parking; Centralized AC; 24 hours water supply; CCTV,"https://www.google.com/maps?q=13.095233841943516,77.59535694120859",https://properties.cityinfoservices.com/brookfield-north-star-for-rent-in-yelahanka-bangalore/cowugf6/prd,2026-09-21T05:41:43.672183+00:00,21
Brookfield North Star,Yelahanka,Brookfield Properties,Office Space,,,,,,,,,Ready for fit outs,3 Basement + Ground + 14 Floors,"~10,951",,Brookfield North Star,,Security; Reserved Parking; Visitor Parking; Centralized AC; 24 hours water supply; CCTV,"https://www.google.com/maps?q=13.095233841943516,77.59535694120859",https://properties.cityinfoservices.com/brookfield-north-star-for-rent-in-yelahanka-bangalore/jkvhhpi/prd,2026-09-21T05:41:44.583893+00:00,21
Tata Intellion Park - Block 3,Yelahanka,Tata Realty and Infrastructure Limited (TRIL),Office Space,,,,,,,,,Ready for fit outs,3 Basement + Ground + 10 Floors,"~72,000",,Tata Intellion Park - Block 3,,Security; Reserved Parking; Centralized AC; 24 hours water supply; CCTV,"https://www.google.com/maps?q=13.127425,77.617887",https://properties.cityinfoservices.com/tata-intellion-park-block-3-for-rent-in-yelahanka-bangalore/vabw55n/prd,2026-09-21T05:41:45.502721+00:00,20
RGA Tech Park - Block 3,Sarjapur Main Road,RGA Software Systems Pvt. Ltd. (Primal Projects Pvt. Ltd.),Office Space,,,,,,,,,Ready to move,3 Basement + Ground + 10 Floors,"~54,000 to ~74,000",,RGA Tech Park - Block 3,,Security; Reserved Parking; Visitor Parking; Centralized AC; 24 hours water supply; CCTV,"https://www.google.com/maps?q=12.9034643,77.70438910000007",https://properties.cityinfoservices.com/rga-tech-park-block-3-for-rent-in-sarjapur-main-road-bangalore/n4qmlfk/prd,2026-09-21T05:41:45.653254+00:00,20
RGA Tech Park - Block 3,Sarjapur Main Road,RGA Software Systems Pvt. Ltd. (Primal Projects Pvt. Ltd.),Office Space,,,,,,,,,Ready to move,3 Basement + Ground + 10 Floors,"~54,000 to ~74,000",,RGA Tech Park - Block 3,,Security; Reserved Parking; Visitor Parking; Centralized AC; 24 hours water supply; CCTV,"https://www.google.com/maps?q=12.9034643,77.70438910000007",https://properties.cityinfoservices.com/rga-tech-park-block-3-for-rent-in-sarjapur-main-road-bangalore/abtijcl/prd,2026-09-21T05:41:46.680243+00:00,20
Ozone Chambers - Tower A,HSR Layout,Ozone Group,Office Space,,,,,,,,,Under Construction,3 Basements + Ground + 16 Floors,"~55,000",,Ozone Chambers - Tower A,,Security; Reserved Parking; Visitor Parking; Centralized AC; 24 hours water supply; CCTV,"https://www.google.com/maps?q=12.917948713494456,77.62666286165468",https://properties.cityinfoservices.com/ozone-chambers-tower-a-for-rent-in-hsr-layout-bangalore/arqtjgz/prd,2026-09-21T05:41:48.115135+00:00,20
Sattva Global City - Tower E / Tower 4,Mysore Road,Tanglin Developments Limited,Office Space,,,,,,,,,Ready to move,2 Basement + Ground + 9 Floors,"~69,005",,Sattva Global City - Tower E,,Security; Reserved Parking; Visitor Parking; Centralized AC; 24 hours water supply; CCTV,"https://www.google.com/maps?q=12.919916,77.499425",https://properties.cityinfoservices.com/sattva-global-city-tower-e-tower-4-for-rent-in-mysore-road-bangalore/67wcksk/prd,2026-09-21T05:41:48.680213+00:00,20
Ozone Chambers - Tower A,HSR Layout,Ozone Group,Office Space,,,,,,,,,Under Construction,3 Basements + Ground + 16 Floors,"~55,000",,Ozone Chambers - Tower A,,Security; Reserved Parking; Visitor Parking; Centralized AC; 24 hours water supply; CCTV,"https://www.google.com/maps?q=12.917948713494456,77.62666286165468",https://properties.cityinfoservices.com/ozone-chambers-tower-a-for-rent-in-hsr-layout-bangalore/d9znr37/prd,2026-09-21T05:41:49.125736+00:00,19
Primeco The Hub,Sarjapur Main Road,SJR Prime Corporation Pvt. Ltd.,Office Space,,,,,,,,,Ready for fit outs,2 Basement + Ground + 6 Floors,"~55,000",,Primeco The Hub,,Security; Reserved Parking; Visitor Parking; Centralized AC; 24 hours water supply; CCTV,"https://www.google.com/maps?q=12.9195834,77.6683208",https://properties.cityinfoservices.com/primeco-the-hub-for-rent-in-sarjapur-main-road-bangalore/u4zaz5t/prd,2026-09-21T05:41:49.286913+00:00,20
Mfar Manyata Red Sanders - M1,Nagavara,MFAR Holdings Pvt. Ltd.,Office Space,,,,,,,,,Under Construction,3 Basement + Ground + 13 Floors,~28000,,Mfar Manyata Red Sanders - M1,,Security; Reserved Parking; Visitor Parking; Centralized AC; 24 hours water supply; CCTV,"https://www.google.com/maps?q=13.046784046011478,77.62048152988588",https://properties.cityinfoservices.com/mfar-manyata-red-sanders-m1-for-rent-in-nagavara-bangalore/bwues5e/prd,2026-09-21T05:41:50.933183+00:00,24
Tata Intellion Park - Block 3,Yelahanka,Tata Realty and Infrastructure Limited (TRIL),Office Space,,,,,,,,,Ready for fit outs,3 Basement + Ground + 10 Floors,"~72,000",,Tata Intellion Park - Block 3,,Security; Reserved Parking; Visitor Parking; Centralized AC; 24 hours water supply; CCTV,"https://www.google.com/maps?q=13.127425,77.617887",https://properties.cityinfoservices.com/tata-intellion-park-block-3-for-rent-in-yelahanka-bangalore/cashf65/prd,2026-09-21T05:41:52.508775+00:00,25
Ozone Chambers - Tower A,HSR Layout,Ozone Group,Office Space,,,,,,,,,Under Construction,3 Basements + Ground + 16 Floors,"~55,000",,Ozone Chambers - Tower A,,Security; Reserved Parking; Visitor Parking; Centralized AC; 24 hours water supply; CCTV,"https://www.google.com/maps?q=12.917948713494456,77.62666286165468",https://properties.cityinfoservices.com/ozone-chambers-tower-a-for-rent-in-hsr-layout-bangalore/w96qpcf/prd,2026-09-21T05:41:52.568833+00:00,19
Ozone Chambers - Tower A,HSR Layout,Ozone Group,Office Space,,,,,,,,,Under Construction,3 Basements + Ground + 16 Floors,"~55,000",,Ozone Chambers - Tower A,,Security; Reserved Parking; Visitor Parking; Centralized AC; 24 hours water supply; CCTV,"https://www.google.com/maps?q=12.917948713494456,77.62666286165468",https://properties.cityinfoservices.com/ozone-chambers-tower-a-for-rent-in-hsr-layout-bangalore/o2kimod/prd,2026-09-21T05:41:52.890573+00:00,19
Ozone Chambers - Tower A,HSR Layout,Ozone Group,Office Space,,,,,,,,,Under Construction,3 Basements + Ground + 16 Floors,"~55,000",,Ozone Chambers - Tower A,,Security; Reserved Parking; Visitor Parking; Centralized AC; 24 hours water supply; CCTV,"https://www.google.com/maps?q=12.917948713494456,77.62666286165468",https://properties.cityinfoservices.com/ozone-chambers-tower-a-for-rent-in-hsr-layout-bangalore/csqr6ay/prd,2026-09-21T05:41:53.805868+00:00,19
Ozone Chambers - Tower A,HSR Layout,Ozone Group,Office Space,,,,,,,,,Under Construction,3 Basements + Ground + 16 Floors,"~55,000",,Ozone Chambers - Tower A,,Security; Reserved Parking; Visitor Parking; Centralized AC; 24 hours water supply; CCTV,"https://www.google.com/maps?q=12.917948713494456,77.62666286165468",https://properties.cityinfoservices.com/ozone-chambers-tower-a-for-rent-in-hsr-layout-bangalore/y2fh6h4/prd,2026-09-21T05:41:55.637889+00:00,18
Ozone Chambers - Tower A,HSR Layout,Ozone Group,Office Space,,,,,,,,,Under Construction,3 Basements + Ground + 16 Floors,"~55,000",,Ozone Chambers - Tower A,,Security; Reserved Parking; Visitor Parking; Centralized AC; 24 hours water supply; CCTV,"https://www.google.com/maps?q=12.917948713494456,77.62666286165468",https://properties.cityinfoservices.com/ozone-chambers-tower-a-for-rent-in-hsr-layout-bangalore/fmlhe5p/prd,2026-09-21T05:41:56.013523+00:00,18
Ozone Chambers - Tower A,HSR Layout,Ozone Group,Office Space,,,,,,,,,Under Construction,3 Basements + Ground + 16 Floors,"~55,000",,Ozone Chambers - Tower A,,Security; Reserved Parking; Visitor Parking; Centralized AC; 24 hours water supply; CCTV,"https://www.google.com/maps?q=12.917948713494456,77.62666286165468",https://properties.cityinfoservices.com/ozone-chambers-tower-a-for-rent-in-hsr-layout-bangalore/haiw9qj/prd,2026-09-21T05:41:56.382033+00:00,18
Ozone Chambers - Tower A,HSR Layout,Ozone Group,Office Space,,,,,,,,,Under Construction,3 Basement + Ground + 16 Floors,"~55,000",,Ozone Chambers - Tower A,,Security; Reserved Parking; Visitor Parking; Centralized AC; 24 hours water supply; CCTV,"https://www.google.com/maps?q=12.917948713494456,77.62666286165468",https://properties.cityinfoservices.com/ozone-chambers-tower-a-for-rent-in-hsr-layout-bangalore/sa6tr8a/prd,2026-09-21T05:41:58.925548+00:00,18
Ozone Chambers - Tower A,HSR Layout,Ozone Group,Office Space,,,,,,,,,Under Construction,3 Basements + Ground + 16 Floors,"~55,000",,Ozone Chambers - Tower A,,Security; Reserved Parking; Visitor Parking; Centralized AC; 24 hours water supply; CCTV,"https://www.google.com/maps?q=12.917948713494456,77.62666286165468",https://properties.cityinfoservices.com/ozone-chambers-tower-a-for-rent-in-hsr-layout-bangalore/gsdgtwj/prd,2026-09-21T05:41:58.991855+00:00,18
Ozone Chambers - Tower A,HSR Layout,Ozone Group,Office Space,,,,,,,,,Under Construction,3 Basements + Ground + 16 Floors,"~55,000",,Ozone Chambers - Tower A,,Security; Reserved Parking; Visitor Parking; Centralized AC; 24 hours water supply; CCTV,"https://www.google.com/maps?q=12.917948713494456,77.62666286165468",https://properties.cityinfoservices.com/ozone-chambers-tower-a-for-rent-in-hsr-layout-bangalore/37anwzf/prd,2026-09-21T05:41:59.310259+00:00,18
Ozone Chambers - Tower A,HSR Layout,Ozone Group,Office Space,,,,,,,,,Under Construction,3 Basements + Ground + 16 Floors,"~55,000",,Ozone Chambers - Tower A,,Security; Reserved Parking; Visitor Parking; Centralized AC; 24 hours water supply; CCTV,"https://www.google.com/maps?q=12.917948713494456,77.62666286165468",https://properties.cityinfoservices.com/ozone-chambers-tower-a-for-rent-in-hsr-layout-bangalore/wwxwplc/prd,2026-09-21T05:41:59.921755+00:00,18
Ozone Chambers - Tower A,HSR Layout,Ozone Group,Office Space,,,,,,,,,Under Construction,3 Basements + Ground + 16 Floors,"~55,000",,Ozone Chambers - Tower A,,Security; Reserved Parking; Visitor Parking; Centralized AC; 24 hours water supply; CCTV,"https://www.google.com/maps?q=12.917948713494456,77.62666286165468",https://properties.cityinfoservices.com/ozone-chambers-tower-a-for-rent-in-hsr-layout-bangalore/rngx3xb/prd,2026-09-21T05:42:00.499266+00:00,18
International Tech Park Bangalore - Voyager,Whitefield,CapitaLand Services India Pvt. Ltd. (Ascendas-Singbridge Group),Office Space,,,,,,,,,Ready for fit outs,Ground + 13 Floors,"~40,000",,International Tech Park Bangalore - Voyager,,Security; Reserved Parking; Visitor Parking; Centralized AC; 24 hours water supply; CCTV,"https://www.google.com/maps?q=12.9826011,77.73760779999999",https://properties.cityinfoservices.com/international-tech-park-bangalore-voyager-for-rent-in-whitefield-bangalore/6aeqv9b/prd,2026-09-21T05:42:01.912265+00:00,17
Pritech Park - Block 6A-6B,Bellandur,RGA Software Systems Pvt. Ltd. (Primal Projects Pvt. Ltd.),Office Space,,,,,,,,,Ready for fit outs,2 Basement + Ground + 8 Floors,"~43,000",,Pritech Park - Block 6A-6B,,Security; Reserved Parking; Visitor Parking; Centralized AC; 24 hours water supply; CCTV,"https://www.google.com/maps?q=12.922707745400126,77.68232422195128",https://properties.cityinfoservices.com/pritech-park-block-6a-6b-for-rent-in-bellandur-bangalore/tbmrgtd/prd,2026-09-21T05:42:03.310474+00:00,17
Ozone Chambers - Tower A,HSR Layout,Ozone Group,Office Space,,,,,,,,,Under Construction,3 Basements + Ground + 16 Floors,"~55,000",,Ozone Chambers - Tower A,,Security; Reserved Parking; Visitor Parking; Centralized AC; 24 hours water supply; CCTV,"https://www.google.com/maps?q=12.917948713494456,77.62666286165468",https://properties.cityinfoservices.com/ozone-chambers-tower-a-for-rent-in-hsr-layout-bangalore/a4g5ofb/prd,2026-09-21T05:42:03.708014+00:00,19
Pritech Park - Block 5A-5B,Bellandur,RGA Software Systems Pvt. Ltd. (Primal Projects Pvt. Ltd.),Office Space,,,,,,,,,Ready for fit outs,2 Basement + Ground + 7 Floors,"~43,420",,Pritech Park - Block 5A-5B,,Security; Reserved Parking; Visitor Parking; Centralized AC; 24 hours water supply; CCTV,"https://www.google.com/maps?q=12.923429284460903,77.68209891639403",https://properties.cityinfoservices.com/pritech-park-block-5a-5b-for-rent-in-bellandur-bangalore/vlhwzuc/prd,2026-09-21T05:42:03.786634+00:00,17
The Arcade at Brigade Orchards,Devanahalli,Brigade Enterprises Limited,Office Space,,,,,,,,,Ready for fit outs,Basement + Ground + 5 Floors,~38000,,The Arcade at Brigade Orchards,,Security; Reserved Parking; Visitor Parking; Centralized AC; 24 hours water supply; CCTV,"https://www.google.com/maps?q=13.236468668581201,77.72384583473206",https://properties.cityinfoservices.com/the-arcade-at-brigade-orchards-for-rent-in-devanahalli-bangalore/gpzap3b/prd,2026-09-21T05:42:05.026393+00:00,17
Pritech Park - Block 5A-5B,Bellandur,RGA Software Systems Pvt. Ltd. (Primal Projects Pvt. Ltd.),Office Space,,,,,,,,,Ready for fit outs,2 Basement + Ground + 7 Floors,"~43,420",,Pritech Park - Block 5A-5B,,Security; Reserved Parking; Visitor Parking; Centralized AC; 24 hours water supply; CCTV,"https://www.google.com/maps?q=12.923429284460903,77.68209891639403",https://properties.cityinfoservices.com/pritech-park-block-5a-5b-for-rent-in-bellandur-bangalore/vjhjo2s/prd,2026-09-21T05:42:06.028083+00:00,17
Venkateshwara Techno Park,Electronic City Phase I,Independent Developer,Office Space,,,,,,,,,Ready for fit outs,Basement + Ground + 3 Floors,~40012,,Venkateshwara Techno Park,,Security; Reserved Parking; Centralized AC; 24 hours water supply; CCTV,"https://www.google.com/maps?q=12.84046135973812,77.66465464893494",https://properties.cityinfoservices.com/venkateshwara-techno-park-for-rent-in-electronic-city-phase-i-bangalore/zu7glqq/prd,2026-09-21T05:42:07.427304+00:00,17
North Gate Business Park - Phase 1 - Wing B,Yelahanka,Modern Asset Management,Office Space,,,,,,,,,Ready for fit outs,3 Basement + Ground + 12 Floors,"~39,000",,North Gate Business Park - Phase 1 - Wing B,,Security; Reserved Parking; Visitor Parking; Centralized AC; 24 hours water supply; CCTV,"https://www.google.com/maps?q=13.11544090066017,77.60505013757324",https://properties.cityinfoservices.com/north-gate-business-park-phase-1-wing-b-for-rent-in-yelahanka-bangalore/6oc7fgp/prd,2026-09-21T05:42:08.551576+00:00,16
Venkateshwara Techno Park,Electronic City Phase I,Independent Developer,Office Space,,,,,,,,,Ready for fit outs,Basement + Ground + 3 Floors,~40012,,Venkateshwara Techno Park,,Security; Reserved Parking; Visitor Parking; Centralized AC; 24 hours water supply; CCTV,"https://www.google.com/maps?q=12.84046135973812,77.66465464893494",https://properties.cityinfoservices.com/venkateshwara-techno-park-for-rent-in-electronic-city-phase-i-bangalore/hp8uwyd/prd,2026-09-21T05:42:09.877154+00:00,17
Venkateshwara Techno Park,Electronic City Phase I,Independent Developer,Office Space,,,,,,,,,Ready for fit outs,Basement + Ground + 3 Floors,~40012,,Venkateshwara Techno Park,,Security; Reserved Parking; Visitor Parking; Centralized AC; 24 hours water supply; CCTV,"https://www.google.com/maps?q=12.84046135973812,77.66465464893494",https://properties.cityinfoservices.com/venkateshwara-techno-park-for-rent-in-electronic-city-phase-i-bangalore/xd7i3kt/prd,2026-09-21T05:42:10.421089+00:00,17
North Gate Business Park - Phase 1 - Wing B,Yelahanka,Modern Asset Management,Office Space,,,,,,,,,Ready for fit outs,3 Basement + Ground + 12 Floors,"~39,000",,North Gate Business Park - Phase 1 - Wing B,,Security; Reserved Parking; Visitor Parking; Centralized AC; 24 hours water supply; CCTV,"https://www.google.com/maps?q=13.11544090066017,77.60505013757324",https://properties.cityinfoservices.com/north-gate-business-park-phase-1-wing-b-for-rent-in-yelahanka-bangalore/it35ka3/prd,2026-09-21T05:42:10.710511+00:00,15
North Gate Business Park - Phase 1 - Wing A,Yelahanka,Modern Asset Management,Office Space,,,,,,,,,Ready for fit outs,3 Basement + Ground + 12 Floors,"~35,000",,North Gate Business Park - Phase 1 - Wing A,,Security; Reserved Parking; Visitor Parking; Centralized AC; 24 hours water supply; CCTV,"https://www.google.com/maps?q=13.115148329248628,77.60579042726135",https://properties.cityinfoservices.com/north-gate-business-park-phase-1-wing-a-for-rent-in-yelahanka-bangalore/9m4k9w3/prd,2026-09-21T05:42:13.011286+00:00,15
North Gate Business Park - Phase 1 - Wing B,Yelahanka,Modern Asset Management,Office Space,,,,,,,,,Ready for fit outs,3 Basement + Ground + 12 Floors,"~39,000",,North Gate Business Park - Phase 1 - Wing B,,Security; Reserved Parking; Visitor Parking; Centralized AC; 24 hours water supply; CCTV,"https://www.google.com/maps?q=13.11544090066017,77.60505013757324",https://properties.cityinfoservices.com/north-gate-business-park-phase-1-wing-b-for-rent-in-yelahanka-bangalore/yhrumbn/prd,2026-09-21T05:42:13.023038+00:00,15
North Gate Business Park - Phase 1 - Wing A,Yelahanka,Modern Asset Management,Office Space,,,,,,,,,Ready for fit outs,3 Basement + Ground + 12 Floors,"~35,000",,North Gate Business Park - Phase 1 - Wing A,,Security; Reserved Parking; Visitor Parking; Centralized AC; 24 hours water supply; CCTV,"https://www.google.com/maps?q=13.115148329248628,77.60579042726135",https://properties.cityinfoservices.com/north-gate-business-park-phase-1-wing-a-for-rent-in-yelahanka-bangalore/72j3s5w/prd,2026-09-21T05:42:13.798952+00:00,15
North Gate Business Park - Phase 1 - Wing B,Yelahanka,Modern Asset Management,Office Space,,,,,,,,,Ready for fit outs,3 Basement + Ground + 12 Floors,"~39,000",,North Gate Business Park - Phase 1 - Wing B,,Security; Reserved Parking; Visitor Parking; Centralized AC; 24 hours water supply; CCTV,"https://www.google.com/maps?q=13.11544090066017,77.60505013757324",https://properties.cityinfoservices.com/north-gate-business-park-phase-1-wing-b-for-rent-in-yelahanka-bangalore/q88k4fr/prd,2026-09-21T05:42:14.487669+00:00,16
North Gate Business Park - Phase 1 - Wing A,Yelahanka,Modern Asset Management,Office Space,,,,,,,,,Ready for fit outs,3 Basement + Ground + 12 Floors,"~35,000",,North Gate Business Park - Phase 1 - Wing A,,Security; Reserved Parking; Visitor Parking; Centralized AC; 24 hours water supply; CCTV,"https://www.google.com/maps?q=13.115148329248628,77.60579042726135",https://properties.cityinfoservices.com/north-gate-business-park-phase-1-wing-a-for-rent-in-yelahanka-bangalore/pgfqbrx/prd,2026-09-21T05:42:16.263688+00:00,15
North Gate Business Park - Phase 1 - Wing A,Yelahanka,Modern Asset Management,Office Space,,,,,,,,,Ready for fit outs,3 Basement + Ground + 12 Floors,"~35,000",,North Gate Business Park - Phase 1 - Wing A,,Security; Reserved Parking; Visitor Parking; Centralized AC; 24 hours water supply; CCTV,"https://www.google.com/maps?q=13.115148329248628,77.60579042726135",https://properties.cityinfoservices.com/north-gate-business-park-phase-1-wing-a-for-rent-in-yelahanka-bangalore/casxfv8/prd,2026-09-21T05:42:16.454654+00:00,15
Brookfield Ecoworld - Campus 1 - West Wing,Bellandur,Brookfield Properties,Office Space,,,,,,,,,Ready for fit outs,2 Basement + Ground + 7 Floors,"~28,500",,Brookfield Ecoworld - Campus 1 - West Wing,,Security; Reserved Parking; Visitor Parking; Centralized AC; 24 hours water supply; CCTV,"https://www.google.com/maps?q=12.925702484229475,77.6868624899353",https://properties.cityinfoservices.com/brookfield-ecoworld-campus-1-west-wing-for-rent-in-bellandur-bangalore/hubal94/prd,2026-09-21T05:42:17.205841+00:00,15
Pritech Park - Block 11,Bellandur,RGA Software Systems Pvt. Ltd. (Primal Projects Pvt. Ltd.),Office Space,,,,,,,,,Ready for fit outs,2 Basement + Ground + 9 Floors,"~63,461",,Pritech Park - Block 11,,Security; Reserved Parking; Visitor Parking; Centralized AC; 24 hours water supply; CCTV,"https://www.google.com/maps?q=12.922320832291403,77.6806719811981",https://properties.cityinfoservices.com/pritech-park-block-11-for-rent-in-bellandur-bangalore/qqt89cx/prd,2026-09-21T05:42:17.324739+00:00,15
RGA Tech Park - Block 4,Sarjapur Main Road,RGA Software Systems Pvt. Ltd. (Primal Projects Pvt. Ltd.),Office Space,,,,,,,,,Ready to move,2 Basement + Ground + 10 Floors,"~44,000 to ~51,000",,RGA Tech Park - Block 4,,Security; Reserved Parking; Visitor Parking; Centralized AC; 24 hours water supply; CCTV,"https://www.google.com/maps?q=12.90223026378709,77.70456076137702",https://properties.cityinfoservices.com/rga-tech-park-block-4-for-rent-in-sarjapur-main-road-bangalore/vw4ocrq/prd,2026-09-21T05:42:17.400674+00:00,14
North Gate Business Park - Phase 1 - Wing B,Yelahanka,Modern Asset Management,Office Space,,,,,,,,,Ready for fit outs,3 Basement + Ground + 12 Floors,"~39,000",,North Gate Business Park - Phase 1 - Wing B,,Security; Reserved Parking; Visitor Parking; Centralized AC; 24 hours water supply; CCTV,"https://www.google.com/maps?q=13.11544090066017,77.60505013757324",https://properties.cityinfoservices.com/north-gate-business-park-phase-1-wing-b-for-rent-in-yelahanka-bangalore/qpvawgr/prd,2026-09-21T05:42:20.341338+00:00,16
Manyata Embassy Business Park - Mountain Ash (H2),Nagavara,Embassy Property Developments Pvt. Ltd.,Office Space,,,,,,,,,Ready to move,Basement + Ground + 10 Floors,"~70,833",,Manyata Embassy Business Park - Mountain Ash (H2),,Security; Reserved Parking; Visitor Parking; Centralized AC; 24 hours water supply; CCTV,"https://www.google.com/maps?q=13.0465134,77.6223088",https://properties.cityinfoservices.com/manyata-embassy-business-park-mountain-ash-h2--for-rent-in-nagavara-bangalore/utft2ph/prd,2026-09-21T05:42:20.455937+00:00,14
Prestige Pegasus,Sarjapur Main Road,Prestige Estates Projects Limited,Office Space,,,,,,,,,Ready to move,Basement + Ground + 3 Floors + Terrace,"~171,96",,Prestige Pegasus,,Security; Reserved Parking; Visitor Parking; Centralized AC; 24 hours water supply; CCTV,"https://www.google.com/maps?q=12.917703306797181,77.67107318122864",https://properties.cityinfoservices.com/prestige-pegasus-for-rent-in-sarjapur-main-road-bangalore/8ib6hc3/prd,2026-09-21T05:42:20.826429+00:00,14
Prestige Featherlite Tech Park,Whitefield,Prestige Estates Projects Limited,Office Space,,,,,,,,,Ready for fit outs,Basement + Ground + 3 Floors,"~25,000 to ~28,000",,Prestige Featherlite Tech Park,,Security; Reserved Parking; Visitor Parking; Centralized AC; 24 hours water supply; CCTV,"https://www.google.com/maps?q=12.981438,77.72165",https://properties.cityinfoservices.com/prestige-featherlite-tech-park-for-rent-in-whitefield-bangalore/mw8y737/prd,2026-09-21T05:42:21.024515+00:00,14
International Tech Park Bangalore - Innovator,Whitefield,CapitaLand Services India Pvt. Ltd. (Ascendas-Singbridge Group),Office Space,,,,,,,,,Ready for fit outs,Ground + 10 Floors,"~40,000",,International Tech Park Bangalore - Innovator,,Security; Reserved Parking; Visitor Parking; Centralized AC; 24 hours water supply; CCTV,"https://www.google.com/maps?q=12.9861026,77.73605729999997",https://properties.cityinfoservices.com/international-tech-park-bangalore-innovator-for-rent-in-whitefield-bangalore/cclictp/prd,2026-09-21T05:42:21.049604+00:00,14
Embassy Point,Infantry Road,Embassy Property Developments Pvt. Ltd.,Office Space,,,,,,,,,Ready to move,Basement + Ground + 3 Floors + Terrace,"~12,000",,Embassy Point,,Security; Reserved Parking; Visitor Parking; 24 hours water supply; CCTV,"https://www.google.com/maps?q=12.9838383,77.5927906",https://properties.cityinfoservices.com/embassy-point-for-rent-in-infantry-road-bangalore/7tf8t85/prd,2026-09-21T05:42:22.709534+00:00,14
Salarpuria Softzone - Block C,Bellandur,Salarpuria Sattva Group,Office Space,,,,,,,,,Ready for fit outs,Basement + Ground + 4 Floors,"~25,400",,Salarpuria Softzone - Block C,,Security; Reserved Parking; Visitor Parking; Centralized AC; 24 hours water supply; CCTV,"https://www.google.com/maps?q=12.924163111570866,77.67123286918945",https://properties.cityinfoservices.com/salarpuria-softzone-block-c-for-rent-in-bellandur-bangalore/cx5mlkb/prd,2026-09-21T05:42:24.307258+00:00,14
Titanium Tech Park - Block 1,Kadugodi,Goyal and Co.,Office Space,,,,,,,,,Under Construction,3 Basement + Ground + 15 Floors,"~38,000 to ~57,000",,Titanium Tech Park - Block 1,,Security; Reserved Parking; Visitor Parking; Centralized AC; 24 hours water supply; CCTV,"https://www.google.com/maps?q=12.986036633307336,77.74795115001525",https://properties.cityinfoservices.com/titanium-tech-park-block-1-for-rent-in-kadugodi-bangalore/bztk6sq/prd,2026-09-21T05:42:25.140811+00:00,13
Titanium Tech Park - Block 1,Kadugodi,Goyal and Co.,Office Space,,,,,,,,,Under Construction,3 Basement + Ground + 15 Floors,"~38,000 to ~57,000",,Titanium Tech Park - Block 1,,Security; Reserved Parking; Visitor Parking; Centralized AC; CCTV,"https://www.google.com/maps?q=12.986036633307336,77.74795115001525",https://properties.cityinfoservices.com/titanium-tech-park-block-1-for-rent-in-kadugodi-bangalore/vk56xdh/prd,2026-09-21T05:42:26.094564+00:00,13
Titanium Tech Park - Block 1,Kadugodi,Goyal and Co.,Office Space,,,,,,,,,Under Construction,3 Basement + Ground + 15 Floors,"~38,000 to ~57,000",,Titanium Tech Park - Block 1,,Security; Reserved Parking; Visitor Parking; 24 hours water supply,"https://www.google.com/maps?q=12.986036633307336,77.74795115001525",https://properties.cityinfoservices.com/titanium-tech-park-block-1-for-rent-in-kadugodi-bangalore/qxhzqbj/prd,2026-09-21T05:42:26.206824+00:00,13
Titanium Tech Park - Block 1,Kadugodi,Goyal and Co.,Office Space,,,,,,,,,Under Construction,3 Basement + Ground + 15 Floors,"~38,000 to ~57,000",,Titanium Tech Park - Block 1,,Security; Reserved Parking; Visitor Parking; Centralized AC; 24 hours water supply; CCTV,"https://www.google.com/maps?q=12.986036633307336,77.74795115001525",https://properties.cityinfoservices.com/titanium-tech-park-block-1-for-rent-in-kadugodi-bangalore/9k5qr9f/prd,2026-09-21T05:42:27.362483+00:00,13
Titanium Tech Park - Block 1,Kadugodi,Goyal and Co.,Office Space,,,,,,,,,Under Construction,3 Basement + Ground + 15 Floors,"~38,000 to ~57,000",,Titanium Tech Park - Block 1,,Security; Reserved Parking; Visitor Parking; Centralized AC; 24 hours water supply; CCTV,"https://www.google.com/maps?q=12.986036633307336,77.74795115001525",https://properties.cityinfoservices.com/titanium-tech-park-block-1-for-rent-in-kadugodi-bangalore/gm3r6x6/prd,2026-09-21T05:42:27.790079+00:00,13
Titanium Tech Park - Block 1,Kadugodi,Goyal and Co.,Office Space,,,,,,,,,Under Construction,3 Basement + Ground + 15 Floors,"~38,000 to ~57,000",,Titanium Tech Park - Block 1,,Security; Reserved Parking; Visitor Parking; Centralized AC; 24 hours water supply; CCTV,"https://www.google.com/maps?q=12.986036633307336,77.74795115001525",https://properties.cityinfoservices.com/titanium-tech-park-block-1-for-rent-in-kadugodi-bangalore/drqd5o6/prd,2026-09-21T05:42:29.407906+00:00,13
Embassy Manyata NXT - Block 2,Nagavara,Embassy Property Developments Pvt. Ltd.,Office Space,,,,,,,,,Ready for fit outs,2 Basement + Ground + 10 Floors,"~29,321",,Embassy Manyata NXT - Block 2,,Security; Reserved Parking; Visitor Parking; Centralized AC; 24 hours water supply; CCTV,"https://www.google.com/maps?q=13.042216531166487,77.61966613834535",https://properties.cityinfoservices.com/embassy-manyata-nxt-block-2-for-rent-in-nagavara-bangalore/wdlucox/prd,2026-09-21T05:42:29.636655+00:00,26
Qube Software Park,Devarabisanahalli,Sai Srushti Developers Pvt. Ltd.,Office Space,,,,,,,,,Ready for fit outs,2 Basement + Ground + 8 Floors,"~39,000",,Qube Software Park,,Security; Reserved Parking; Visitor Parking; Centralized AC; 24 hours water supply; CCTV,"https://www.google.com/maps?q=12.930378858287211,77.69550012781676",https://properties.cityinfoservices.com/qube-software-park-for-rent-in-devarabisanahalli-road-bangalore/24cahd7/prd,2026-09-21T05:42:30.026350+00:00,23
Titanium Tech Park - Block 1,Kadugodi,Goyal and Co.,Office Space,,,,,,,,,Under Construction,3 Basement + Ground + 15 Floors,"~38,000 to ~57,000",,Titanium Tech Park - Block 1,,Security; Reserved Parking; Visitor Parking; Centralized AC; 24 hours water supply; CCTV,"https://www.google.com/maps?q=12.986036633307336,77.74795115001525",https://properties.cityinfoservices.com/titanium-tech-park-block-1-for-rent-in-kadugodi-bangalore/g9zc4xq/prd,2026-09-21T05:42:30.191593+00:00,13
Titanium Tech Park - Block 1,Kadugodi,Goyal and Co.,Office Space,,,,,,,,,Under Construction,3 Basement + Ground + 15 Floors,"~38,000 to ~57,000",,Titanium Tech Park - Block 1,,Security; Reserved Parking; Visitor Parking; Centralized AC; 24 hours water supply; CCTV,"https://www.google.com/maps?q=12.986036633307336,77.74795115001525",https://properties.cityinfoservices.com/titanium-tech-park-block-1-for-rent-in-kadugodi-bangalore/kxrkuij/prd,2026-09-21T05:42:30.378656+00:00,13
Bagmane World Technology Centre - Aquamarine Block B,Doddanekkundi,Bagmane Developers Pvt. Ltd.,Office Space,,,,,,,,,Ready for fit outs,Basement + Stilt + 9 Floors,"~22,511",,Bagmane World Technology Centre - Aquamarine Block B,,Security; Reserved Parking; Visitor Parking; Centralized AC; 24 hours water supply; CCTV,"https://www.google.com/maps?q=12.984043,77.693132",https://properties.cityinfoservices.com/bagmane-world-technology-centre-aquamarine-block-b-for-rent-in-doddanekkundi-bangalore/cgvmn65/prd,2026-09-21T05:42:30.413766+00:00,12
WeWork - Embassy Quest,Magrath Road,WeWork India Management Pvt. Ltd.,Business Center & Co-working Space,489,,,,,,,,Ready to Move In,,,,WeWork - Embassy Quest,,Security; Reserved Parking; Visitor Parking; Centralized AC; 24 hours water supply; CCTV,"https://www.google.com/maps?q=12.9688889,77.6137131",https://properties.cityinfoservices.com/wework-embassy-quest-for-rent-in-magrath-road-bangalore/j5xrg9t/prd,2026-09-21T05:42:30.544101+00:00,12
Titanium Tech Park - Block 1,Kadugodi,Goyal and Co.,Office Space,,,,,,,,,Under Construction,3 Basement + Ground + 15 Floors,"~38,000 to ~57,000",,Titanium Tech Park - Block 1,,Security; Reserved Parking; Visitor Parking; Centralized AC; 24 hours water supply; CCTV,"https://www.google.com/maps?q=12.986036633307336,77.74795115001525",https://properties.cityinfoservices.com/titanium-tech-park-block-1-for-rent-in-kadugodi-bangalore/xpvh5cv/prd,2026-09-21T05:42:30.556171+00:00,13
Diamond District - Tower C,Domlur,India Builders Corporation Ltd. (IBC Group),Office Space,,,,,,,,,Ready to move,Basement + Ground + 8 Floors + Terrace,"~28,00",,Diamond District - Tower C,,Security; Reserved Parking; Visitor Parking; Centralized AC; 24 hours water supply; CCTV,"https://www.google.com/maps?q=12.959997816487798,77.64312163921738",https://properties.cityinfoservices.com/diamond-district-tower-c-for-rent-in-domlur-bangalore/ldxqylp/prd,2026-09-21T05:42:33.506231+00:00,12
CoWrks - North Star,Yelahanka,CoWrks Coworking Spaces Pvt. Ltd.,Business Center & Co-working Space,20,,,,,,,,Ready to Occupy,,,,CoWrks - North Star,,Security; Reserved Parking; Visitor Parking; Centralized AC; 24 hours water supply; CCTV,"https://www.google.com/maps?q=13.095123218698022,77.59518026878665",https://properties.cityinfoservices.com/cowrks-north-star-for-rent-in-yelahanka-bangalore/sne4iga/prd,2026-09-21T05:42:35.802651+00:00,12
Embassy Tech Square - Omega Block,Kadubeesanahalli,Embassy Property Developments Pvt. Ltd.,Office Space,,,,,,,,,Ready to move,Basement + Ground + 9 Floors,"~44,834",,Embassy Tech Square - Omega Block,,Security; Reserved Parking; Visitor Parking; Centralized AC; 24 hours water supply; CCTV,"https://www.google.com/maps?q=12.935090257304745,77.69382324036714",https://properties.cityinfoservices.com/embassy-tech-square-omega-block-for-rent-in-kadubeesanahalli-road-bangalore/l8wqmba/prd,2026-09-21T05:42:36.714535+00:00,11
Prestige Tech Park 2 - Electra Block,Kadubeesanahalli,Prestige Estates Projects Limited,Office Space,,,,,,,,,Ready to move,Basement + Ground + 9 Floors,"~80,734",,Prestige Tech Park 2 - Electra Block,,Security; Reserved Parking; Visitor Parking; Centralized AC; 24 hours water supply; CCTV,"https://www.google.com/maps?q=12.94266442541954,77.69178276878661",https://properties.cityinfoservices.com/prestige-tech-park-2-electra-block-for-rent-in-kadubeesanahalli-road-bangalore/5il5sxo/prd,2026-09-21T05:42:37.286367+00:00,12
Helios Business Park - Block D,Kadubeesanahalli,Kalyani Developers Pvt. Ltd.,Office Space,,,,,,,,,Ready for fit outs,4 Basement + Ground + 11,~33,,Helios Business Park - Block D,,Security; Reserved Parking; Visitor Parking; Centralized AC; 24 hours water supply; CCTV,"https://www.google.com/maps?q=12.938387712454878,77.69022165421447",https://properties.cityinfoservices.com/helios-business-park-block-d-for-rent-in-kadubeesanahalli-road-bangalore/xk84wvk/prd,2026-09-21T05:42:37.806650+00:00,11
365 Shared Space - Invision,HSR Layout,365 Shared Space,Business Center & Co-working Space,30,,,,,,,,Ready for Fit outs,,,,365 Shared Space - Invision,,Security; Reserved Parking; Visitor Parking; Centralized AC; 24 hours water supply; CCTV,"https://www.google.com/maps?q=12.9163856,77.63669400000003",https://properties.cityinfoservices.com/365-shared-space-invision-for-rent-in-hsr-layout-bangalore/vfsiy38/prd,2026-09-21T05:42:40.044565+00:00,10
91 Springboard - MG Road,Residency Road,91 Springboard Business Hub Pvt. Ltd.,Business Center & Co-working Space,62,,,,,,,,Ready to Occupy,,,,91 Springboard - MG Road,,Security; Reserved Parking; 24 hours water supply; CCTV,"https://www.google.com/maps?q=12.973603317549282,77.60921683068848",https://properties.cityinfoservices.com/91-springboard-mg-road-for-rent-in-residency-road-bangalore/tikcyri/prd,2026-09-21T05:42:40.514715+00:00,10
Kalyani Platina - Maple Block,Brookefield,Kalyani Developers Pvt. Ltd.,Office Space,,,,,,,,,Ready to move,Basement + Ground + 4 Floors,"~35,000 to ~70,000",,Kalyani Platina - Maple Block,,Security; Reserved Parking; Visitor Parking; Centralized AC; 24 hours water supply; CCTV,"https://www.google.com/maps?q=12.9704246,77.717477",https://properties.cityinfoservices.com/kalyani-platina-maple-block-for-rent-in-brookefield-bangalore/8ujgdhy/prd,2026-09-21T05:42:42.157230+00:00,11
"WeWork - EGL, Cinnabar Hills",Intermediate Ring Road - Inner Ring Road,WeWork India Management Pvt. Ltd.,Business Center & Co-working Space,33,,,,,,,,Ready to Move In,,,,"WeWork - EGL, Cinnabar Hills",,Security; Reserved Parking; Visitor Parking; Centralized AC; 24 hours water supply; CCTV,"https://www.google.com/maps?q=12.953279463637264,77.64294789314575",https://properties.cityinfoservices.com/wework-egl-cinnabar-hills-for-rent-in-intermediate-ring-road-bangalore/dqxjyzq/prd,2026-09-21T05:42:44.155348+00:00,10
WeWork - RMZ Latitude,Hebbal,WeWork India Management Pvt. Ltd.,Business Center & Co-working Space,137,,,,,,,,Ready to Move In,,,,WeWork - RMZ Latitude,,Security; Reserved Parking; Visitor Parking; Centralized AC; 24 hours water supply; CCTV,"https://www.google.com/maps?q=13.0563101,77.59510320000004",https://properties.cityinfoservices.com/wework-rmz-latitude-for-rent-in-hebbal-bangalore/owm7f2b/prd,2026-09-21T05:42:44.292020+00:00,10
Gopalan Coworks - Old Madras Road,Old Madras Road,Gopalan Enterprises India Pvt. Ltd.,Business Center & Co-working Space,300,,,,,,,,Ready to Occupy,,,,Gopalan Coworks - Old Madras Road,,Security; Reserved Parking; Visitor Parking; Centralized AC; 24 hours water supply; CCTV,"https://www.google.com/maps?q=12.993462,77.661596",https://properties.cityinfoservices.com/gopalan-coworks-old-madras-road-for-rent-in-old-madras-road-bangalore/mvtct6q/prd,2026-09-21T05:42:44.396081+00:00,10
Embassy Tech Square - Alpha Block,Kadubeesanahalli,Embassy Property Developments Pvt. Ltd.,Office Space,,,,,,,,,Ready for fit outs,Basement + Ground + 6 Floors,~49000,,Embassy Tech Square - Alpha Block,,Security; Reserved Parking; Visitor Parking; Centralized AC; 24 hours water supply; CCTV,"https://www.google.com/maps?q=12.935926782635345,77.69466008957978",https://properties.cityinfoservices.com/embassy-tech-square-alpha-block-for-rent-in-kadubeesanahalli-road-bangalore/ybwnrpz/prd,2026-09-21T05:42:48.024550+00:00,11
WeWork - Salarpuria Magnificia,Old Madras Road,WeWork India Management Pvt. Ltd.,Business Center & Co-working Space,26,,,,,,,,Ready to Occupy,,,,WeWork - Salarpuria Magnificia,,Security; Reserved Parking; Visitor Parking; Centralized AC; 24 hours water supply; CCTV,"https://www.google.com/maps?q=13.0515153,77.7583604",https://properties.cityinfoservices.com/wework-salarpuria-magnificia-for-rent-in-old-madras-road-bangalore/z238tjf/prd,2026-09-21T05:42:48.305994+00:00,9
WeWork - Salarpuria Symbiosis,Bannerghatta Road,WeWork India Management Pvt. Ltd.,Business Center & Co-working Space,27,,,,,,,,Ready to Occupy,,,,WeWork - Salarpuria Symbiosis,,Security; Reserved Parking; Visitor Parking; Centralized AC; 24 hours water supply; CCTV,"https://www.google.com/maps?q=12.887012623121427,77.59742655648346",https://properties.cityinfoservices.com/wework-salarpuria-symbiosis-for-rent-in-bannerghatta-main-road-bangalore/6r5b9x5/prd,2026-09-21T05:42:48.433634+00:00,9
WeWork - Embassy Tech Village (Block L),Devarabisanahalli,WeWork India Management Pvt. Ltd.,Business Center & Co-working Space,449,,,,,,,,Ready to Move In,,,,WeWork - Embassy Tech Village (Block L),,Security; Reserved Parking; Visitor Parking; Centralized AC; 24 hours water supply; CCTV,"https://www.google.com/maps?q=12.927576425081774,77.69277500345763",https://properties.cityinfoservices.com/wework-embassy-tech-village-block-l--for-rent-in-devarabisanahalli-road-bangalore/bfmhsl5/prd,2026-09-21T05:42:48.550167+00:00,10
IndiQube - ETA,Doddanekkundi,Innovent Spaces Pvt. Ltd. (IndiQube),Business Center & Co-working Space,154,,,,,,,,Ready for Fit-outs,,,,IndiQube - ETA,,Security; Reserved Parking; Visitor Parking; Centralized AC; 24 hours water supply; CCTV,"https://www.google.com/maps?q=12.96347,77.701936",https://properties.cityinfoservices.com/indiqube-eta-for-rent-in-doddanekkundi-bangalore/ufjlcwq/prd,2026-09-21T05:42:51.629084+00:00,9
CoWrks - Residency Road - Purva Premiere,Residency Road,CoWrks Coworking Spaces Pvt. Ltd.,Business Center & Co-working Space,115,,,,,,,,Ready to Occupy,,,,CoWrks - Residency Road - Purva Premiere,,Security; Reserved Parking; Visitor Parking; Centralized AC; 24 hours water supply; CCTV,"https://www.google.com/maps?q=12.966120607904312,77.59905447794456",https://properties.cityinfoservices.com/cowrks-residency-road-purva-premiere-for-rent-in-residency-road-bangalore/8d8sheh/prd,2026-09-21T05:42:51.667817+00:00,10
Vaswani Augusta,Domlur,Vaswani Estates Developers Pvt. Ltd. (Vaswani Group),Office Space,,,,,,,,,Ready for fit outs,,8700,,TableSpace - Vaswani Augusta,,Security; Reserved Parking; Visitor Parking; Centralized AC; 24 hours water supply; CCTV,"https://www.google.com/maps?q=12.946364282800465,77.64827176018832",https://properties.cityinfoservices.com/vaswani-augusta-for-rent-in-domlur-bangalore/dkeimog/prd,2026-09-21T05:42:51.726372+00:00,9
TableSpace - Bren Optimus,Koramangala,TableSpace Technologies Pvt. Ltd.,Business Center & Co-working Space,71,,95,,,,,,Ready to Occupy,,,,TableSpace - Bren Optimus,,Security; Reserved Parking; Visitor Parking; Centralized AC; 24 hours water supply; CCTV,"https://www.google.com/maps?q=12.936952528285264,77.60692129333192",https://properties.cityinfoservices.com/tablespace-bren-optimus-for-rent-in-koramangala-bangalore/85eaqj9/prd,2026-09-21T05:42:51.940801+00:00,9
WeWork - Vaishnavi Signature,Bellandur,WeWork India Management Pvt. Ltd.,Business Center & Co-working Space,300,,,,,,,,Ready to Occupy,,,,WeWork - Vaishnavi Signature,,Security; Reserved Parking; Visitor Parking; Centralized AC; 24 hours water supply; CCTV,"https://www.google.com/maps?q=12.925803,77.6747011",https://properties.cityinfoservices.com/wework-vaishnavi-signature-for-rent-in-bellandur-bangalore/8zat7qw/prd,2026-09-21T05:42:52.115281+00:00,9
Prestige Tech Platina - Block 3,Kadubeesanahalli,Prestige Estates Projects Limited,Office Space,,,,,,,,,Ready for fit outs,2 Basement + Ground + 12 Floors,"~31,500",,Prestige Tech Platina - Block 3,,Security; Reserved Parking; Visitor Parking; Centralized AC; 24 hours water supply; CCTV,"https://www.google.com/maps?q=12.933972,77.69466598675538",https://properties.cityinfoservices.com/prestige-tech-platina-block-3-for-rent-in-kadubeesanahalli-road-bangalore/yv9ski7/prd,2026-09-21T05:42:53.430895+00:00,12
CoWrks - Yelahanka - RMZ Galleria,Yelahanka,CoWrks Coworking Spaces Pvt. Ltd.,Business Center & Co-working Space,82,,,,,,,,Ready to Occupy,,,,CoWrks - Yelahanka - RMZ Galleria,,Security; Reserved Parking; Visitor Parking; Centralized AC; 24 hours water supply; CCTV,"https://www.google.com/maps?q=13.0950711,77.595055",https://properties.cityinfoservices.com/cowrks-yelahanka-rmz-galleria-for-rent-in-yelahanka-bangalore/2o5w9s5/prd,2026-09-21T05:42:54.770230+00:00,9
Prestige Tech Park 2 - Elnath Block,Kadubeesanahalli,Prestige Estates Projects Limited,Office Space,,,,,,,,,Ready to move,Basement + Ground + 9 Floors,"~81,224",,Prestige Tech Park 2 - Elnath Block,,Security; Reserved Parking; Visitor Parking; Centralized AC; 24 hours water supply; CCTV,"https://www.google.com/maps?q=12.941676556080592,77.69094383002471",https://properties.cityinfoservices.com/prestige-tech-park-2-elnath-block-for-rent-in-kadubeesanahalli-road-bangalore/u9369yk/prd,2026-09-21T05:42:55.835800+00:00,8
Prestige Alecto,Electronic City Phase I,Prestige Estates Projects Limited,Office Space,,,,,,,,,Ready for fit outs,Basement + Ground + 3 Floors,"~24,000",,Prestige Alecto,,Security; Reserved Parking; Visitor Parking; Centralized AC; 24 hours water supply; CCTV,"https://www.google.com/maps?q=12.845029957478866,77.66210923257981",https://properties.cityinfoservices.com/prestige-alecto-for-rent-in-electronic-city-phase-i-bangalore/hbpnl5p/prd,2026-09-21T05:42:55.877605+00:00,9
Helios Business Park - Block D,Kadubeesanahalli,Kalyani Developers Pvt. Ltd.,Office Space,,,,,,,,,Ready for fit outs,4 Basement + Ground + 11 Floors,"~33,000 to ~55,000",,Helios Business Park - Block D,,Security; Reserved Parking; Visitor Parking; Centralized AC; 24 hours water supply; CCTV,"https://www.google.com/maps?q=12.938387712454878,77.69022165421447",https://properties.cityinfoservices.com/helios-business-park-block-d-for-rent-in-kadubeesanahalli-road-bangalore/potk26p/prd,2026-09-21T05:42:56.031144+00:00,11
IndiQube - Penta,Richmond Road,IndiQube Spaces Limited,Business Center & Co-working Space,76,,,,,,,,Ready to Move In,,,,IndiQube - Penta,,Security; Reserved Parking; Visitor Parking; Centralized AC; 24 hours water supply; CCTV,"https://www.google.com/maps?q=12.9659639,77.603515",https://properties.cityinfoservices.com/indiqube-penta-for-rent-in-richmond-road-bangalore/sweamht/prd,2026-09-21T05:42:56.860024+00:00,9
Prestige Tech Park 2 - Elnath Block,Kadubeesanahalli,Prestige Estates Projects Limited,Office Space,,,,,,,,,Ready to move,Basement + Ground + 9 Floors,"~81,224",,Prestige Tech Park 2 - Elnath Block,,Security; Reserved Parking; Visitor Parking; Centralized AC; 24 hours water supply; CCTV,"https://www.google.com/maps?q=12.941676556080592,77.69094383002471",https://properties.cityinfoservices.com/prestige-tech-park-2-elnath-block-for-rent-in-kadubeesanahalli-road-bangalore/9e5tq9v/prd,2026-09-21T05:42:56.981256+00:00,8
Gopalan Global Axis - Block G,Whitefield,Gopalan Enterprises India Pvt. Ltd.,Office Space,,,,,,,,,Ready to move,Basement + Ground + 3 Floors,~42033,,Gopalan Global Axis - Block G,,Security; Reserved Parking; Visitor Parking; Centralized AC; 24 hours water supply; CCTV,"https://www.google.com/maps?q=12.982930421344479,77.72384080950928",https://properties.cityinfoservices.com/gopalan-global-axis-block-g-for-rent-in-whitefield-bangalore/pbvimsb/prd,2026-09-21T05:42:59.041316+00:00,8
Purva Zentech Business Park,Kanakapura Road,Puravankara Projects Limited,Office Space,,,,,,,,,Ready for fit outs,2 Basement + Ground + UG + 15 Floors,"~52,000 to ~56,000",,Purva Zentech Business Park,,Security; Reserved Parking; Visitor Parking; Centralized AC; 24 hours water supply; CCTV,"https://www.google.com/maps?q=12.887047782024545,77.55899598051758",https://properties.cityinfoservices.com/purva-zentech-business-park-for-rent-in-kanakapura-road-bangalore/haqzjx7/prd,2026-09-21T05:42:59.435774+00:00,8
Gopalan Global Axis - Block F,Whitefield,Gopalan Enterprises India Pvt. Ltd.,Office Space,,,,,,,,,Ready for fit outs,Basement + Ground + 8 Floors,"~35,000",,Gopalan Global Axis - Block F,,Security; Reserved Parking; Visitor Parking; Centralized AC; 24 hours water supply; CCTV,"https://www.google.com/maps?q=12.98220382730296,77.72399101321412",https://properties.cityinfoservices.com/gopalan-global-axis-block-f-for-rent-in-whitefield-bangalore/588ixku/prd,2026-09-21T05:42:59.557175+00:00,8
Esteem Towers,Seshadripuram,Esteem Developers Pvt. Ltd.,Office Space,,,,,,,,,Ready for fit outs,Basement + Ground + 4 Floors,"~5,000",,Esteem Towers,,Security; Reserved Parking; 24 hours water supply; CCTV,"https://www.google.com/maps?q=12.9913197,77.5795825",https://properties.cityinfoservices.com/esteem-towers-for-rent-in-seshadripuram-bangalore/x7bdbsr/prd,2026-09-21T05:43:01.957732+00:00,8
Featherlite Signature,Kadubeesanahalli,Featherlite Developers Pvt. Ltd.,Office Space,,,,,,,,,Under Construction,2 Basement + Ground + 10 Floors,"~38,412",,Featherlite Signature,,Security; Reserved Parking; Visitor Parking; Centralized AC; 24 hours water supply; CCTV,"https://www.google.com/maps?q=12.937279326723575,77.69401966217956",https://properties.cityinfoservices.com/featherlite-signature-for-rent-in-kadubeesanahalli-road-bangalore/pap4itm/prd,2026-09-21T05:43:03.221531+00:00,5
Tata Intellion Park - Block 2,Yelahanka,Tata Realty and Infrastructure Limited (TRIL),Office Space,,,,,,,,,Ready for fit outs,3 Basement + Ground + 10 Floors,"~71,000",,Tata Intellion Park - Block 2,,Security; Reserved Parking; Visitor Parking; Centralized AC; 24 hours water supply; CCTV,"https://www.google.com/maps?q=13.127637,77.616759",https://properties.cityinfoservices.com/tata-intellion-park-block-2-for-rent-in-yelahanka-bangalore/zt8nj3x/prd,2026-09-21T05:43:03.433219+00:00,4
Purva Zentech Business Park,Kanakapura Road,Puravankara Projects Limited,Office Space,,,,,,,,,Ready for fit outs,2 Basement + Ground + UG + 15 Floors,"~52,000 to ~56,000",,Purva Zentech Business Park,,Security; Reserved Parking; Visitor Parking; Centralized AC; 24 hours water supply; CCTV,"https://www.google.com/maps?q=12.887047782024545,77.55899598051758",https://properties.cityinfoservices.com/purva-zentech-business-park-for-rent-in-kanakapura-road-bangalore/s4jbu5y/prd,2026-09-21T05:43:03.568114+00:00,8
Tata Intellion Park - Block 2,Yelahanka,Tata Realty and Infrastructure Limited (TRIL),Office Space,,,,,,,,,Ready for fit outs,3 Basement + Ground + 10 Floors,"~71,000",,Tata Intellion Park - Block 2,,Security; Reserved Parking; Visitor Parking; Centralized AC; 24 hours water supply; CCTV,"https://www.google.com/maps?q=13.127637,77.616759",https://properties.cityinfoservices.com/tata-intellion-park-block-2-for-rent-in-yelahanka-bangalore/euctblp/prd,2026-09-21T05:43:03.708102+00:00,4
Tata Intellion Park - Block 2,Yelahanka,Tata Realty and Infrastructure Limited (TRIL),Office Space,,,,,,,,,Ready for fit outs,3 Basement + Ground + 10 Floors,"~71,000",,Tata Intellion Park - Block 2,,Security; Reserved Parking; Visitor Parking; Centralized AC; 24 hours water supply; CCTV,"https://www.google.com/maps?q=13.127637,77.616759",https://properties.cityinfoservices.com/tata-intellion-park-block-2-for-rent-in-yelahanka-bangalore/hkocrxb/prd,2026-09-21T05:43:06.277448+00:00,4
Prestige Tech Park 2 - Elnath Block,Kadubeesanahalli,Prestige Estates Projects Limited,Office Space,,,,,,,,,Ready to move,Basement + Ground + 9 Floors,"~81,224",,Prestige Tech Park 2 - Elnath Block,,Security; Reserved Parking; Visitor Parking; Centralized AC; 24 hours water supply; CCTV,"https://www.google.com/maps?q=12.941676556080592,77.69094383002471",https://properties.cityinfoservices.com/prestige-tech-park-2-elnath-block-for-rent-in-kadubeesanahalli-road-bangalore/re9dgy5/prd,2026-09-21T05:43:06.821274+00:00,8
Tata Intellion Park - Block 2,Yelahanka,Tata Realty and Infrastructure Limited (TRIL),Office Space,,,,,,,,,Ready for fit outs,3 Basement + Ground + 10 Floors,"~71,000",,Tata Intellion Park - Block 2,,Security; Reserved Parking; Visitor Parking; Centralized AC; 24 hours water supply; CCTV,"https://www.google.com/maps?q=13.127637,77.616759",https://properties.cityinfoservices.com/tata-intellion-park-block-2-for-rent-in-yelahanka-bangalore/msojdcy/prd,2026-09-21T05:43:07.108439+00:00,4
Tata Intellion Park - Block 2,Yelahanka,Tata Realty and Infrastructure Limited (TRIL),Office Space,,,,,,,,,Ready for fit outs,3 Basement + Ground + 10 Floors,"~71,000",,Tata Intellion Park - Block 2,,Security; Reserved Parking; Visitor Parking; Centralized AC; 24 hours water supply; CCTV,"https://www.google.com/maps?q=13.127637,77.616759",https://properties.cityinfoservices.com/tata-intellion-park-block-2-for-rent-in-yelahanka-bangalore/hwqz4gg/prd,2026-09-21T05:43:07.139201+00:00,4
Tata Intellion Park - Block 2,Yelahanka,Tata Realty and Infrastructure Limited (TRIL),Office Space,,,,,,,,,Ready for fit outs,3 Basement + Ground + 10 Floors,"~71,000",,Tata Intellion Park - Block 2,,Security; Reserved Parking; Visitor Parking; Centralized AC; 24 hours water supply; CCTV,"https://www.google.com/maps?q=13.127637,77.616759",https://properties.cityinfoservices.com/tata-intellion-park-block-2-for-rent-in-yelahanka-bangalore/qrsy7sf/prd,2026-09-21T05:43:09.054676+00:00,4
Manyata Embassy Business Park - Silver Fir (L6),Nagavara,Embassy Property Developments Pvt. Ltd.,Office Space,,,,,,,,,Ready to move,Basement + Ground + 10 Floors,"~38,600",,Manyata Embassy Business Park - Silver Fir (L6),,Security; Reserved Parking; Visitor Parking; Centralized AC; 24 hours water supply; CCTV,"https://www.google.com/maps?q=13.04727528400224,77.61902240818178",https://properties.cityinfoservices.com/manyata-embassy-business-park-silver-fir-l6--for-rent-in-nagavara-bangalore/zmwv5uy/prd,2026-09-21T05:43:12.532826+00:00,3
Manyata Embassy Business Park - Silver Fir (L6),Nagavara,Embassy Property Developments Pvt. Ltd.,Office Space,,,,,,,,,Ready to move,Basement + Ground + 10 Floors,"~38,600",,Manyata Embassy Business Park - Silver Fir (L6),,Security; Reserved Parking; Visitor Parking; Centralized AC; 24 hours water supply; CCTV,"https://www.google.com/maps?q=13.04727528400224,77.61902240818178",https://properties.cityinfoservices.com/manyata-embassy-business-park-silver-fir-l6--for-rent-in-nagavara-bangalore/8akxbrz/prd,2026-09-21T05:43:16.899968+00:00,3
International Tech Park Bangalore - Innovator,Whitefield,CapitaLand Services India Pvt. Ltd. (Ascendas-Singbridge Group),Office Space,,,,,,,,,Ready for fit outs,Ground + 11 Floors,"~40,000",,International Tech Park Bangalore - Innovator,,Security; Reserved Parking; Visitor Parking; Centralized AC; 24 hours water supply; CCTV,"https://www.google.com/maps?q=12.9861026,77.73605729999997",https://properties.cityinfoservices.com/international-tech-park-bangalore-innovator-for-rent-in-whitefield-bangalore/qhuc8s3/prd,2026-09-21T05:43:18.080344+00:00,3
Titanium Tech Park - Block 1,Kadugodi,Goyal and Co.,Office Space,,,,,,,,,Under Construction,3 Basement + Ground + 15 Floors,"~38,000 to ~57,000",,Titanium Tech Park - Block 1,,Security; Reserved Parking; Visitor Parking; Centralized AC; 24 hours water supply; CCTV,"https://www.google.com/maps?q=12.986036633307336,77.74795115001525",https://properties.cityinfoservices.com/titanium-tech-park-block-1-for-rent-in-kadugodi-bangalore/tjatyga/prd,2026-09-21T05:43:20.806992+00:00,3
Titanium Tech Park - Block 1,Kadugodi,Goyal and Co.,Office Space,,,,,,,,,Under Construction,3 Basements + Ground + 15 Floors,"~38,000 to ~57,000",,Titanium Tech Park - Block 1,,Security; Reserved Parking; Visitor Parking; Centralized AC; 24 hours water supply; CCTV,"https://www.google.com/maps?q=12.986036633307336,77.74795115001525",https://properties.cityinfoservices.com/titanium-tech-park-block-1-for-rent-in-kadugodi-bangalore/a9xpjmi/prd,2026-09-21T05:43:21.128208+00:00,3
Titanium Tech Park - Block 1,Kadugodi,Goyal and Co.,Office Space,,,,,,,,,Under Construction,3 Basement + Ground + 15 Floors,"~38,000 to ~57,000",,Titanium Tech Park - Block 1,,Security; Reserved Parking; Visitor Parking; Centralized AC; 24 hours water supply; CCTV,"https://www.google.com/maps?q=12.986036633307336,77.74795115001525",https://properties.cityinfoservices.com/titanium-tech-park-block-1-for-rent-in-kadugodi-bangalore/v7q9av7/prd,2026-09-21T05:43:24.358281+00:00,3
Titanium Tech Park - Block 1,Kadugodi,Goyal and Co.,Office Space,,,,,,,,,Under Construction,3 Basement + Ground + 15 Floors,"~38,000 to ~57,000",,Titanium Tech Park - Block 1,,Security; Reserved Parking; Visitor Parking; Centralized AC; 24 hours water supply; CCTV,"https://www.google.com/maps?q=12.986036633307336,77.74795115001525",https://properties.cityinfoservices.com/titanium-tech-park-block-1-for-rent-in-kadugodi-bangalore/xyl9twj/prd,2026-09-21T05:43:28.173747+00:00,3
VK Tech Park,Brookefield,VKBS Software Technology Park LLP,Office Space,,,,,,,,,Ready to move,Basement + Ground + 4 Floors,~36000,,VK Tech Park,,Security; Reserved Parking; Visitor Parking; Centralized AC; 24 hours water supply; CCTV,"https://www.google.com/maps?q=12.972384,77.72101099999999",https://properties.cityinfoservices.com/vk-tech-park-for-rent-in-brookefield-bangalore/224jglk/prd,2026-09-21T05:43:32.208614+00:00,3
Gopalan Millennium Towers,Brookefield,Gopalan Enterprises India Pvt. Ltd.,Office Space,,,,,,,,,Ready for fit outs,Basement + Ground + 4 Floors,~50000,,Gopalan Millennium Towers,,Security; Reserved Parking; Visitor Parking; Centralized AC; 24 hours water supply; CCTV,"https://www.google.com/maps?q=12.9678729,77.7129793",https://properties.cityinfoservices.com/gopalan-millennium-towers-for-rent-in-brookefield-bangalore/v4h6bbf/prd,2026-09-21T05:43:33.259126+00:00,8
Tata Intellion Park - Block 2,Yelahanka,Tata Realty and Infrastructure Limited (TRIL),Office Space,,,,,,,,,Ready for fit outs,3 Basement + Ground + 10 Floors,"~71,000",,Tata Intellion Park - Block 2,,Security; Reserved Parking; Visitor Parking; Centralized AC; 24 hours water supply; CCTV,"https://www.google.com/maps?q=13.127637,77.616759",https://properties.cityinfoservices.com/tata-intellion-park-block-2-for-rent-in-yelahanka-bangalore/zzss5lw/prd,2026-09-21T05:43:36.058994+00:00,4
Sattva Aura - Block A,Kadubeesanahalli,Salarpuria Sattva Group,Office Space,,,,,,,,,Ready for fit outs,2 Basement + Ground + 6 Floors,~22052,,Sattva Aura - Block A,,Security; Reserved Parking; Visitor Parking; Centralized AC; 24 hours water supply; CCTV,"https://www.google.com/maps?q=12.93643392475101,77.69101764973756",https://properties.cityinfoservices.com/sattva-aura-block-a-for-rent-in-kadubeesanahalli-road-bangalore/2cfdo8b/prd,2026-09-21T05:43:36.255175+00:00,2
Brookfield Centennial - Campus C,Whitefield,RMZ Corp Holdings Pvt. Ltd.,Office Space,,,,,,,,,Ready for fit outs,Basement + Ground + 7 Floors,"~45,000",,Brookfield Centennial - Campus C,,,"https://www.google.com/maps?q=12.9753617,77.7113476",https://properties.cityinfoservices.com/brookfield-centennial-campus-c-for-rent-in-whitefield-bangalore/3yszmja/prd,2026-09-21T05:43:39.608779+00:00,2
Tata Intellion Park - Block 2,Yelahanka,Tata Realty and Infrastructure Limited (TRIL),Office Space,,,,,,,,,Ready for fit outs,3 Basement + Ground + 10 Floors,"~71,000",,Tata Intellion Park - Block 2,,Security; Reserved Parking; Visitor Parking; Centralized AC; 24 hours water supply; CCTV,"https://www.google.com/maps?q=13.127637,77.616759",https://properties.cityinfoservices.com/tata-intellion-park-block-2-for-rent-in-yelahanka-bangalore/2h2rxiz/prd,2026-09-21T05:43:39.632489+00:00,4
Attic Space - Lotus,Koramangala,Attic Spaces (Ilindra Workspace Pvt. Ltd.),Business Center & Co-working Space,160,,160,,,,,,Ready to Move In,,,,Attic Space - Lotus,,Security; Reserved Parking; Visitor Parking; Centralized AC; 24 hours water supply; CCTV,"https://www.google.com/maps?q=12.9364438,77.6274332",https://properties.cityinfoservices.com/attic-space-lotus-for-rent-in-koramangala-bangalore/7dwpwbw/prd,2026-09-21T05:43:39.736094+00:00,2
Tata Intellion Park - Block 2,Yelahanka,Tata Realty and Infrastructure Limited (TRIL),Office Space,,,,,,,,,Ready for fit outs,3 Basement + Ground + 10 Floors,"~71,000",,Tata Intellion Park - Block 2,,Security; Reserved Parking; Visitor Parking; Centralized AC; 24 hours water supply; CCTV,"https://www.google.com/maps?q=13.127637,77.616759",https://properties.cityinfoservices.com/tata-intellion-park-block-2-for-rent-in-yelahanka-bangalore/5izdywc/prd,2026-09-21T05:43:39.990522+00:00,3
BuzzWorks - Brigade Metropolis (Summit),Mahadevapura,BuzzWorks Coworking Space (Brigade Enterprises Ltd.),Business Center & Co-working Space,30,,40,,,,,,Ready to Occupy,,,,BuzzWorks - Brigade Metropolis (Summit),,Security; Reserved Parking; Visitor Parking; Centralized AC; 24 hours water supply; CCTV,"https://www.google.com/maps?q=12.9914639,77.7029976",https://properties.cityinfoservices.com/buzzworks-brigade-metropolis-summit--for-rent-in-mahadevapura-bangalore/kdgndqm/prd,2026-09-21T05:43:43.414429+00:00,2
BuzzWorks - Brigade Tech Gardens,Brookefield,BuzzWorks Coworking Space (Brigade Enterprises Ltd.),Business Center & Co-working Space,156,,,,,,,,Ready to Occupy,,,,BuzzWorks - Brigade Tech Gardens,,Security; Reserved Parking; Visitor Parking; Centralized AC; 24 hours water supply; CCTV,"https://www.google.com/maps?q=12.964582,77.71832719999998",https://properties.cityinfoservices.com/buzzworks-brigade-tech-gardens-for-rent-in-brookefield-bangalore/33cmsro/prd,2026-09-21T05:43:43.607922+00:00,2
Hustlehub One East,HSR Layout,Hustlehub Coworking Space,Business Center & Co-working Space,204,,,,,,,,Ready to Occupy,,,,Hustlehub One East,,Security; Reserved Parking; Visitor Parking; Centralized AC; 24 hours water supply; CCTV,"https://www.google.com/maps?q=12.8996964,77.65083479999998",https://properties.cityinfoservices.com/hustlehub-one-east-for-rent-in-hsr-layout-bangalore/ndfgze5/prd,2026-09-21T05:43:44.060442+00:00,2
The Executive Centre - Prestige Khoday Tower,Vasanth Nagar,The Executive Centre Limited,Co-working Space,58,"Level 10 &11, Prestige Khoday Tower, No. 5, Raj Bhavan Road, Vasanth Nagar, Bangalore, Karnataka 560001, India",18,,,Paid Parking,,,,,,,"This premium co-working space on Palace Road, can accommodate small to large teams with great flexibility. The centre is surrounded by some of the city’s most prominent landmarks such as Chinnaswamy cricket stadium, Cubbon Park, Bangalore Turf Club, Vidhan Soudha, premium hotels, restaurants and shopping malls. It enjoys easy connectivity to the entire city. RevMatrixx Global Solutions, SAP labs, Red Hat India & Aslan Power are the current tenants of this building",,24x7 Security; CCTV; Lift; Visitors Parking; Power; Power Backup; Fire Fighting Equipment’s; Building Maintenance,"https://www.google.com/maps?q=12.9825338,77.59396070000003",https://properties.cityinfoservices.com/the-executive-centre-prestige-khoday-tower-vasanth-nagar-bangalore/vtxb5pb/pjd,2026-09-21T05:43:49.280042+00:00,1
The Executive Centre - Mfar Greenheart (Manyata Tech Park),Hebbal,The Executive Centre Limited,Co-working Space,123,"Level 7, Mfar Greenheart, Outer Ring Road, MS Ramaiah North City, Manayata Tech Park, Hebbal, Bangalore, Karnataka 560045, India",25,,,Paid Parking,,,,,,,"The Executive Centre - Mfar Greenheart (Manyata Tech Park) is a co-working space located on Nagavara Outer Ring Road. Managed by The Executive Centre, it can accommodate teams of different sizes. The campus comes with a spacious food court, ample car parking space, and other shared amenities. The tower is currently occupied by ABKJ Infrastructure & Design Solutions, Innate Metrics Business Insights LLP, AstraZeneca Pharma, Avery Dennison RBIS India, Econz IT Services, Inzite Global Data Science, Škoda Auto Volkswagen India, Sakshath Technologies, Shure Audio Technologies, Target Sourcing Services India, and Y-Axis Overseas (Y-Axis Solutions).",,24x7 Security; BMS; CCTV; Lift; Boom Barriers; Visitors Parking; Power; Power Backup; Fire Fighting Equipment’s; Building Maintenance; Food Court,"https://www.google.com/maps?q=13.0454154,77.62135890000002",https://properties.cityinfoservices.com/the-executive-centre-mfar-greenheart-manyata-tech-park-hebbal-bangalore/dg5o9kc/pjd,2026-09-21T05:43:49.510038+00:00,1
Regus - UB City (Concorde Towers),Vittal Mallya Road,Regus Business Centre Pvt. Ltd.,Co-working Space,90,"Level 14 & 15 Concorde Towers, UB City, Vittal Mallya Road, Bangalore, Karnataka 560001, India",90,,,Paid Parking,,,,,,,"This 252 seater business centre managed by Regus is situated in UB City on Vittal Mallya Road. Located just 1km from MG Road, the centre lies close to the stock exchange, leading banks and government offices. The area is known for its easy commute options and it comes with multi-level and ground level parking. There is a food-court and retail outlet in the building. Its present tenants are Bloomberg Data Services India, Mastercard India Services (Mastercard Worldwide), Iron Pillar Holdings, Talentonic HR Solutions, Aramane Builders and Developers, Redclays Capital, Cherry Pick Talents, Salesbox, LLC (SalesboxAI), Confias, PSI CRO Pharma India, Netalla Innovations and Perch Technologies",,24x7 Security; CCTV; Lift; Boom Barriers; Visitors Parking; Power; Power Backup; Fire Fighting Equipment’s; Building Maintenance; Food Court; Retail Outlet,"https://www.google.com/maps?q=12.971427905674753,77.59590575924683",https://properties.cityinfoservices.com/regus-ub-city-concorde-towers-vittal-mallya-road-bangalore/lhb7svf/pjd,2026-09-21T05:43:52.635464+00:00,1
Regus - The Estate,MG Road,Regus Business Centre Pvt. Ltd.,Co-working Space,60,"The Estate, No.121, Dickenson Road, MG Road, Near Manipal Centre, Bangalore, Karnataka 560042, India",60,,,Paid Parking,,,,,,,"Regus - The Estate is a co-working space on Brunton Road. It provides flexible office space options and can accommodate up to 117 seats. The centre lies very close from several landmarks and attractions and is surrounded by office buildings, malls, hotels and restaurants. The location has good bus and metro connectivity to all other parts of the city. Cybrosys Technologies is one of the current tenant.",,24x7 Security; CCTV; Lift; Visitors Parking; Power; Power Backup; Fire Fighting Equipment’s; Building Maintenance,"https://www.google.com/maps?q=12.974381,77.614649",https://properties.cityinfoservices.com/regus-the-estate-mahatma-gandhi-road-bangalore/i4ce482/pjd,2026-09-21T05:43:53.449879+00:00,1
Vatika Business Centre - Embassy Signet,Kadugodi,Vatika Business Centre (Vatika Hotels Pvt. Limited),Co-working Space,76,"Embassy Signet, Marathahalli - Sarjapur Outer Ring Road, Kadubeesanahalli, Bangalore, Karnataka 560103, India",76,,,Paid Parking,,,,,,,"Vatika Business Centre - Embassy Signet is a Co-working Space on Marathahalli - Sarjapur Outer Ring Road. Developed by Vatika Business Centre, it is surrounded by hospitals, hotels, tech parks & retail complexes. Apart from being at the prime location, it can accommodate up to 200 seats with ease. Its current occupiers are HTC Global Services (Cibersites), SLM Solutions, PruTech Solutions, Bradford Consultants, Evry India (TietoEVRY India) and Faradaytek Solutions.",https://cf-cdn.cityinfoservices.com/public/uploads/project/floorImages/Vatika Business Centre - Embassy Signet__1236701567.jpg,24x7 Security; CCTV; Lift; Visitors Parking; Power; Power Backup,"https://www.google.com/maps?q=12.935717651565565,77.6936891299164",https://properties.cityinfoservices.com/vatika-business-centre-embassy-signet-kadugodi-bangalore/gqq42yr/pjd,2026-09-21T05:43:55.796225+00:00,1
Incubex - Koramangala Thrive Hub,Koramangala,Incubex Business Consulting Services Pvt. Ltd.,Co-working Space,32,"IMG Tower, # 18, 80 Feet Road, New Friends Colony, 4th Block, Koramangala, Bangalore, Karnataka 560034, India",11,,,Paid Parking,,,,,,,This 300 seater co-working space is located in Koramangala. It is ideal for mid-sized corporates as well as small startups and comes with custom made office spaces. The venue enjoys a great location advantage and provides easy and fast connectivity to the major transit points of the city. It comes with several shared spaces and is surrounded by residential area and restaurants nearby. It is currently occupied by Scaleup Street Technologies and A2 HR Consultants.,,24x7 Security; CCTV; Lift; Visitors Parking; Power; Power Backup,"https://www.google.com/maps?q=12.9327962,77.63144299999999",https://properties.cityinfoservices.com/incubex-koramangala-thrive-hub-koramangala-bangalore/uovx8gm/pjd,2026-09-21T05:43:56.147872+00:00,1
Tata Intellion Park - Block 2,Yelahanka,Tata Realty and Infrastructure Limited (TRIL),Office Space,,,,,,,,,Ready for fit outs,3 Basement + Ground + 10 Floors,"~71,000",,Tata Intellion Park - Block 2,,Security; Reserved Parking; Visitor Parking; Centralized AC; 24 hours water supply; CCTV,"https://www.google.com/maps?q=13.127637,77.616759",https://properties.cityinfoservices.com/tata-intellion-park-block-2-for-rent-in-yelahanka-bangalore/phty5a5/prd,2026-09-21T05:43:59.109123+00:00,4
Jorbish - Presidio,Kadubeesanahalli,Jorbish Space (Jorbish Pvt. Ltd.),Co-working Space,80,"No.79/1, Panathur Main Road, Marathahalli - Sarjapur Outer Ring Road, Kadubeesanahalli, Bangalore, Karnataka 560103, India",80,,,Paid Parking,,,,,,,"Jorbish - Presidio is a co-working space that can accommodate 655 seats with great flexibility. Located off – Sarjapur- Marthahalli Outer Ring Road, occupiers here have access to an array of amenities. It offers wide range and sizes of offices designed to meet different business requirements. There are hotels, malls, residential buildings, and hospitals in its vicinity.",,24x7 Security; CCTV; Lift; Visitors Parking; Power; Power Backup,"https://www.google.com/maps?q=12.933972,77.69962908808274",https://properties.cityinfoservices.com/jorbish-presidio-kadubeesanahalli-road-bangalore/hk83j7y/pjd,2026-09-21T05:43:59.319846+00:00,1
Pritech Park - Block 9,Bellandur,RGA Software Systems Pvt. Ltd. (Primal Projects Pvt. Ltd.),Office Space,,,,,,,,,Ready for fit outs,Basement + Ground + 9 Floors,"~63,830",,Pritech Park - Block 9,,Security; Reserved Parking; Visitor Parking; Centralized AC; 24 hours water supply; CCTV,"https://www.google.com/maps?q=12.92365933995496,77.6807256253784",https://properties.cityinfoservices.com/pritech-park-block-9-for-rent-in-bellandur-bangalore/3k44hhj/prd,2026-09-21T05:44:00.315449+00:00,12
Bagmane Tech Park - Lakeview - Block A,C V Raman Nagar,Bagmane Developers Pvt. Ltd.,Office Space,,"No.66, Lakeview, A Block, Bagmane Tech Park, Krishnappa Garden, C V Raman Nagar, Bangalore, Karnataka 560093, India",,,,,"~3,36,736 Sq. ft.",42095 Sq. ft. - 42095 Sq. ft.,Operational,2 Basement + Ground + 7 Floors,"~42,000",2006,"Set on an expansive campus spanning ~42 acres, Bagmane Tech Park is located on CV Raman Nagar and shares its boundary with HAL and DRDO. The Grade-A tech park, a flagship project of the Bagmane Group covers a total built-up area of ~5 million sq.ft. The commercial property is equipped with a sizable list of conveniences and amenities including a food court, complete power backup, transportation service, financial services and more. The project is positioned close to several bus stops, play-schools, and residential areas. This 8-story building brings to life new-age workplaces that are fitted with all basic and new-age amenities. Spanning a total built-up area of ~3,36,736 sq. ft., this block provides for a space of ~42,000 sq. ft. across each floor. The property currently houses corporate giants Texas Instruments, Pricewaterhouse Coopers Service Delivery Center, Concur Technologies, UD Trucks, and Alstom Transport.",,24x7 Security; BMS; CCTV; Lift; Boom Barriers; Visitors Parking; Power; Power Backup; Fire Fighting Equipment’s; Building Maintenance,"https://www.google.com/maps?q=12.9783621,77.66072239999994",https://properties.cityinfoservices.com/bagmane-tech-park-lakeview-block-a-c-v-raman-nagar-bangalore/hmqmuoq/pjd,2026-09-21T05:44:02.011417+00:00,1
GoodWorks - Infinity Park Tower 1,Electronic City Phase I,GoodWorks Spaces Pvt. Ltd.,Co-working Space,155,"GoodWorks Infinity Park, No.21, 2nd Main Road, Electronics City Phase 1, Electronic City, Bangalore, Karnataka 560100, India",45,,,Paid Parking,,,,,,,"GoodWorks - Infinity Park Tower 1 is a flexible co-working space on Electronics City - Phase 1. It has a seating capacity of 1,000 seats. This Centre is packed with amenities like central courtyard, gym, cafes, and recreational areas. Developed by GoodWorks Spaces Pvt. Ltd., the location has easy access to hotels, shopping malls and various modes of public transport. It is currently occupied by BMW India, NEC Software Solutions India (Rave Technologies), DMI Innovations, VDX.tv (a division of Exponential Interactive), and Pristech Technologies (Citility).",,24x7 Security; CCTV; Lift; Visitors Parking; Power; Power Backup,"https://www.google.com/maps?q=12.841967672463094,77.6685921317688",https://properties.cityinfoservices.com/goodworks-infinity-park-tower-1-electronic-city-phase-i-bangalore/nj67bvo/pjd,2026-09-21T05:44:02.045472+00:00,1
Evoma - Old Madras Road (Featherlite Evoma),Old Madras Road,Evoma Business Centre (Target Associates Pvt. Ltd.),Co-working Space,595,"No.14, Old Madras Road, Besides Pashmina Waterfront, Bhattarahalli, K R Puram, Bangalore, Karnataka 560049, India",595,,,Paid Parking,,,,,,,"Located on Old Madras Road, this co-working space can easily accommodate up to 595 co-workers. It comes with numerous amenities like a fully equipped gym, a central cafeteria and the centre is well-connected by public and shared transport. Its current occupiers are Intuitor SoftTech Services, Capacity Software Solution, and Evoma Business Center (Target Associates).",,24x7 Security; CCTV; Lift; Visitors Parking; Power; Power Backup,"https://www.google.com/maps?q=13.022596182760143,77.71209327513505",https://properties.cityinfoservices.com/evoma-old-madras-road-featherlite-evoma-old-madras-road-bangalore/5t87oh7/pjd,2026-09-21T05:44:02.596337+00:00,1
BKN Ambaram Estate,Indiranagar,Independent Developer,Office Space,,"No.648/L, Swamy Vivekananda Road, Binnamangala, Hoysala Nagar, Indiranagar, Bangalore, Karnataka 560038, India",,,,,"~37,500 Sq. ft.",5000 Sq. ft. - 12500 Sq. ft.,Operational,Basement + Ground + 4 Floors,~7500,,"This 5 storey building stands located at Indiranagar with a total built-up area of ~42,000 sq.ft. and per floor area of ~7,200 sq.ft. It is surrounded by malls, renowned hospitals, and IT Companies. The area has good public transport connectivity. It is currently occupied by Lenskart Solutions and Befree Business Resourcing LLP.",,24x7 Security; CCTV; Lift; Power; Power Backup,"https://www.google.com/maps?q=12.9830692,77.6385788",https://properties.cityinfoservices.com/bkn-ambaram-estate-indiranagar-bangalore/lqwidk4/pjd,2026-09-21T05:44:05.372741+00:00,1
Incubex - MTP (Manyata Tech Park),Nagavara,Incubex Business Consulting Services Pvt. Ltd.,Co-working Space,430,"M2 Block, North Avenue, Manyata Embassy Business Park, Outer Ring Road, Nagavara, Bangalore, Karnataka 560045, India",155,,,,,,,,,,"Incubex – MTP is a co-working space strategically located on the 12th and 13thfloor of Manyata Tech Park,Outer Ring Road. It offers an ideal solution for small and mid-size companies seeking a conducive workspace. The facility features a roof-top cafeteria and collab zone. Its prime location ensures convenient accessibility through public transportation, and its close proximity to tech parks, malls, hotels, and residential areas. The present tenants are Cielet Terre Solar (Ciel & Terre India), SankhyaSutra Labs and Dynapac Road Construction Equipment India",,24x7 Security; CCTV; Lift; Visitors Parking; Power; Power Backup; Fire Fighting Equipment’s; Building Maintenance,"https://www.google.com/maps?q=13.0449027,77.6215866",https://properties.cityinfoservices.com/incubex-mtp-manyata-tech-park-nagavara-bangalore/zxbb9lw/pjd,2026-09-21T05:44:07.007932+00:00,1
RGA Tech Park - Block 4,Sarjapur Main Road,RGA Software Systems Pvt. Ltd. (Primal Projects Pvt. Ltd.),Office Space,,"Plot No. 13,14 & 15, Sarjapur Main Road, Chikkanahalli Village, Varthur Hobli, Bangalore - 560035",,,,,"~4,87,178 Sq. ft.",47098 Sq. ft. - 349282 Sq. ft.,Operational,2 Basement + Ground + 10 Floors,"~44,000 to ~51,000",2016,"This Tech Park on Sarjapur Main Road helps its tenants tune into their business needs with ease. Spanning 18 acres, the ~2.2 million total built-up area of this tech park also provides for a wide variety of amenities including an in-house food court. The campus stands in close proximity to transport hubs, residential areas and restaurants. The project has been developed by RGA Software Systems Pvt. Ltd. in association with co-developer Primal Projects Pvt. Ltd.. Block 1& 2 are non SEZ blocks and Block 3 & 4 are SEZ blocks The block 4 spans an area totalling to ~4,87,178 sq.ft. with each floor offering ~44,000 sq.ft to ~50,000 sq.ft. of space. The block stands tall at 11 stories high and is occupied by Accenture.",https://cf-cdn.cityinfoservices.com/public/uploads/project/floorImages/RGA Tech Park - Block 4 - Floor Plan - Portal__10877087.jpg,24x7 Security; BMS; CCTV; Lift; Boom Barriers; Visitors Parking; Power; Power Backup; Fire Fighting Equipment’s; Food Court,"https://www.google.com/maps?q=12.90223026378709,77.70456076137702",https://properties.cityinfoservices.com/rga-tech-park-block-4-sarjapur-main-road-bangalore/c9axh8t/pjd,2026-09-21T05:44:08.633936+00:00,1
Gopalan Coworks - Commercial Street,Commercial Street,Gopalan Enterprises India Pvt. Ltd.,Business Center & Co-working Space,62,,,,,,,,Ready to Move In,,,,Gopalan Coworks - Commercial Street,,Security; Reserved Parking; Visitor Parking; Centralized AC; 24 hours water supply; CCTV,"https://www.google.com/maps?q=12.982295352867375,77.60995380209542",https://properties.cityinfoservices.com/-gopalan-coworks-commercial-street-for-rent-in-commercial-street-bangalore/mrltb3w/prd,2026-09-21T05:44:09.836771+00:00,2
La Palazzo,Sarjapur Main Road,KMB Group,Office Space,,"46/1, 47/1 and 48/1, Sarjapur Main Road, Ambalipura, Varthur Hobli, Bangalore, Karnataka 560102, India",,,,,"~2,55,944 Sq. ft.",21445 Sq. ft. - 257340 Sq. ft.,"Under Construction Completion Date : Aug,2026",Basement + Ground + 11 Floors,"~21,445",,"Designed for large scale corporate offices, La Palazzo on Sarjapur Main Road is an upcoming Grade A LEED certified building. Standing 12 floors high, it spans across a total built-up area of ~2,55,944 sq.ft., with typical floor areas of ~21,445 sq.ft. Its strategic location near major companies, residential enclaves, institutions, and other office buildings ensures seamless connectivity and accessibility. Complementing its functionality, the facility will offer shared office spaces including a food court.",,24x7 Security; CCTV; Lift; Power; Power Backup; Fire Fighting Equipment’s; Food Court,"https://www.google.com/maps?q=12.919533329777003,77.6659340687561",https://properties.cityinfoservices.com/la-palazzo-sarjapur-main-road-bangalore/wwe2red/pjd,2026-09-21T05:44:12.352876+00:00,1
Arvind The Edge,Peenya,Arvind SmartSpaces Ltd.,Office Space,,,,,,,,,Under Construction,4 Basement + Ground + 13 Floors,~8382,,Arvind The Edge,,Security; Reserved Parking; Visitor Parking; 24 hours water supply; CCTV,"https://www.google.com/maps?q=13.0582654,77.4685501",https://properties.cityinfoservices.com/arvind-the-edge-for-rent-in-peenya-bangalore/8tfd8i3/prd,2026-09-21T05:44:19.350754+00:00,27
Incubex - HSR9 Hub,HSR Layout,Incubex Business Consulting Services Pvt. Ltd.,Co-working Space,90,"No.1501, 19th Main Road, Vanganahalli, 1st Sector, HSR Layout, Bangalore, Karnataka, India",90,,,Paid Parking,,,,,,,"Presenting a remarkable 120seater flexible space, conveniently situated along the HSR Layout, this centre offers excellent accessibility from the main road and enjoys proximity to various modes of public transport. Catering to the diverse needs of start-ups and established companies alike, it provides an array of co-working options in different sizes. The facility boasts an array of amenities, including a roof-top cafeteria and collab zone.",,24x7 Security; CCTV; Lift; Power; Power Backup,"https://www.google.com/maps?q=12.9136257,77.64465489999998",https://properties.cityinfoservices.com/incubex-hsr9-hub-hsr-layout-bangalore/8by5nkf/pjd,2026-09-21T05:44:22.222536+00:00,1
Titanium Tech Park - Block 3,Kadugodi,Goyal and Co.,Office Space,,,,,,,,,Under Construction,3 Basement + Ground + 20 Floors,~58000,,Titanium Tech Park - Block 3,,Security; Reserved Parking; Visitor Parking; Centralized AC; 24 hours water supply; CCTV,"https://www.google.com/maps?q=12.9890693,77.7484029",https://properties.cityinfoservices.com/titanium-tech-park-block-3-for-rent-in-kadugodi-bangalore/wnetm5o/prd,2026-09-21T05:44:25.666214+00:00,28
Titanium Tech Park - Block 3,Kadugodi,Goyal and Co.,Office Space,,,,,,,,,Under Construction,3 Basement + Ground + 20 Floors,~58000,,Titanium Tech Park - Block 3,,Security; Reserved Parking; Visitor Parking; Centralized AC; 24 hours water supply; CCTV,"https://www.google.com/maps?q=12.9890693,77.7484029",https://properties.cityinfoservices.com/titanium-tech-park-block-3-for-rent-in-kadugodi-bangalore/jmxjv8d/prd,2026-09-21T05:44:29.272192+00:00,28
Titanium Tech Park - Block 3,Kadugodi,Goyal and Co.,Office Space,,,,,,,,,Under Construction,3 Basement + Ground + 20 Floors,~58000,,Titanium Tech Park - Block 3,,Security; Reserved Parking; Visitor Parking; Centralized AC; 24 hours water supply; CCTV,"https://www.google.com/maps?q=12.9890693,77.7484029",https://properties.cityinfoservices.com/titanium-tech-park-block-3-for-rent-in-kadugodi-bangalore/osoiyv9/prd,2026-09-21T05:44:34.228360+00:00,28
Titanium Tech Park - Block 3,Kadugodi,Goyal and Co.,Office Space,,,,,,,,,Under Construction,3 Basement + Ground + 20 Floors,~58000,,Titanium Tech Park - Block 3,,Security; Reserved Parking; Visitor Parking; Centralized AC; 24 hours water supply; CCTV,"https://www.google.com/maps?q=12.9890693,77.7484029",https://properties.cityinfoservices.com/titanium-tech-park-block-3-for-rent-in-kadugodi-bangalore/ndyq6hp/prd,2026-09-21T05:44:39.901963+00:00,28
Titanium Tech Park - Block 3,Kadugodi,Goyal and Co.,Office Space,,,,,,,,,Under Construction,3 Basement + Ground + 20 Floors,~58000,,Titanium Tech Park - Block 3,,Security; Reserved Parking; Visitor Parking; Centralized AC; 24 hours water supply; CCTV,"https://www.google.com/maps?q=12.9890693,77.7484029",https://properties.cityinfoservices.com/titanium-tech-park-block-3-for-rent-in-kadugodi-bangalore/w83rx6e/prd,2026-09-21T05:44:45.239027+00:00,28
Regus - World Trade Centre,Rajajinagar,Regus Business Centre Pvt. Ltd.,Co-working Space,90,"Unit No 2201, 22nd Floor, World Trade Centre Brigade Gateway Campus, Rajajinagar, Bangalore, Karnataka 560055, India",90,,,Paid Parking,,,,,,,"This 222 seater co-working space in Brigade World Trade Centre is managed by Regus Business Centre. Apart from a great location it comes with a breathtaking view, vast triple-height atrium and a helipad. The centre has easy access to restaurants, hotels, shopping malls and various modes of public transport. It is currently occupied by Snapminds Technologies, Sun Knowledge, Improvement Interactive, Arridae Infosec, Idexx Laboratories, Eterno Housing (Smart Agro) and Pragya Health Technologies.",,24x7 Security; CCTV; Lift; Visitors Parking; Power; Power Backup; Fire Fighting Equipment’s,"https://www.google.com/maps?q=13.0121,77.55629999999996",https://properties.cityinfoservices.com/regus-world-trade-centre-rajajinagar-bangalore/njzty6b/pjd,2026-09-21T05:44:50.548357+00:00,1
IndiQube - Lakeside,Bellandur,IndiQube Spaces Limited,Business Center & Co-working Space,86,,,,,,,,Ready to Occupy,,,,IndiQube - Lakeside,,Security; Reserved Parking; Visitor Parking; Centralized AC; 24 hours water supply; CCTV,"https://www.google.com/maps?q=12.92415307429125,77.67152117922362",https://properties.cityinfoservices.com/indiqube-lakeside-for-rent-in-bellandur-bangalore/txcqs3i/prd,2026-09-21T05:44:51.794700+00:00,2
Titanium Tech Park - Block 3,Kadugodi,Goyal and Co.,Office Space,,,,,,,,,Under Construction,3 Basement + Ground + 20 Floors,~58000,,Titanium Tech Park - Block 3,,Security; Reserved Parking; Visitor Parking; Centralized AC; 24 hours water supply; CCTV,"https://www.google.com/maps?q=12.9890693,77.7484029",https://properties.cityinfoservices.com/titanium-tech-park-block-3-for-rent-in-kadugodi-bangalore/mm9e7uk/prd,2026-09-21T05:44:52.425937+00:00,29
Pritech Park - Block 5A-5B,Bellandur,RGA Software Systems Pvt. Ltd. (Primal Projects Pvt. Ltd.),Office Space,,"No.51-64, Marathahalli-Sarjapur Outer Ring Road, Adarsh Palm Retreat, Bellandur, Bangalore, Karnataka 560103, India",,,,,"~4,47,692 Sq. ft.",21290.81 Sq. ft. - 299507.41 Sq. ft.,Operational,2 Basement + Ground + 7 Floors,"~43,420",2008,"This SEZ Grade-A tech park, encompasses an extensive area of ~38 acres with a total built-up area of ~4.3 million sq. ft. It is located on Bangalore’s IT hub – Marathahalli - Sarjapur Outer Ring Road, with easy access to a range of conveniences such as bus stops, restaurants, day-care centres, hotels, and residential areas. Developed by RGA Software Systems, this LEED certified sustainable construction comes with modern amenities like food court, fitness centre and healthcare facility. Block 5A-5B has a total built-up area of ~4,47,692 sq. ft. with each floor spanning an area of ~43,420 sq. ft. Current occupiers at this 8-storey premium facility include Eagleview Technology, Mphasis, GENPACT India and GlobalLogic India.",https://cf-cdn.cityinfoservices.com/public/uploads/project/floorImages/Pritech Park - Block 5A-5B__1608000366.jpg,24x7 Security; BMS; CCTV; Lift; Boom Barriers; Visitors Parking; Power; Power Backup; Fire Fighting Equipment’s; Food Court,"https://www.google.com/maps?q=12.923429284460903,77.68209891639403",https://properties.cityinfoservices.com/pritech-park-block-5a-5b-bellandur-bangalore/wl472vw/pjd,2026-09-21T05:44:53.893663+00:00,1
Titanium Tech Park - Block 4,Kadugodi,Goyal and Co.,Office Space,,,,,,,,,Under Construction,3 Basement + Ground + 20 Floors,~58000,,Titanium Tech Park - Block 4,,Security; Reserved Parking; Visitor Parking; Centralized AC; 24 hours water supply; CCTV,"https://www.google.com/maps?q=12.9890693,77.7484029",https://properties.cityinfoservices.com/titanium-tech-park-block-4-for-rent-in-kadugodi-bangalore/ivf5aur/prd,2026-09-21T05:44:55.553628+00:00,30
Titanium Tech Park - Block 4,Kadugodi,Goyal and Co.,Office Space,,,,,,,,,Under Construction,3 Basement + Ground + 20 Floors,~58000,,Titanium Tech Park - Block 4,,Security; Reserved Parking; Visitor Parking; Centralized AC; 24 hours water supply; CCTV,"https://www.google.com/maps?q=12.9890693,77.7484029",https://properties.cityinfoservices.com/titanium-tech-park-block-4-for-rent-in-kadugodi-bangalore/wm982dc/prd,2026-09-21T05:44:55.576655+00:00,30
Titanium Tech Park - Block 4,Kadugodi,Goyal and Co.,Office Space,,,,,,,,,Under Construction,3 Basement + Ground + 20 Floors,~58000,,Titanium Tech Park - Block 4,,Security; Reserved Parking; Visitor Parking; Centralized AC; 24 hours water supply; CCTV,"https://www.google.com/maps?q=12.9890693,77.7484029",https://properties.cityinfoservices.com/titanium-tech-park-block-4-for-rent-in-kadugodi-bangalore/n9w8oht/prd,2026-09-21T05:44:55.686921+00:00,30
RGA Tech Park - Block 2,Sarjapur Main Road,RGA Software Systems Pvt. Ltd. (Primal Projects Pvt. Ltd.),Office Space,,"Plot No. 13,14 & 15, Sarjapur Main Road, Chikkanahalli Village, Varthur Hobli, Bangalore - 560035",,,,,"~4,91,768 Sq. ft.",16625 Sq. ft. - 190783 Sq. ft.,Operational,3 Basement + Ground + 10 Floors,"~40,000 to ~52,000",2016,"This Tech Park on Sarjapur Main Road helps its tenants tune into their business needs with ease. Spanning 18 acres, the ~2.2 million total built-up area of this tech park also provides for a wide variety of amenities including an in-house food court. The campus stands in close proximity to transport hubs, residential areas and restaurants. The project has been developed by RGA Software Systems Pvt. Ltd. in association with co-developer Primal Projects Pvt. Ltd..- Block 1 & 2 are non SEZ blocks and Block 3 & 4 are SEZ blocks Backed by an LEED-certification, this 11-floor building provides top quality office spaces and a terrace cafeteria across its total built-up area of ~4,91,768 sq.ft. Each floor in the block is spread over ~40,000 sq.ft to ~52,000 sq.ft. The facility is currently occupied by Uber India Support Center Pvt. Ltd and Pay Pal India Pvt Ltd and Siemens Technologies.",https://cf-cdn.cityinfoservices.com/public/uploads/project/floorImages/RGA Tech Park - Block 2 - Portal__1221532850.jpg,24x7 Security; BMS; CCTV; Lift; Boom Barriers; Visitors Parking; Power; Power Backup; Fire Fighting Equipment’s; Food Court,"https://www.google.com/maps?q=12.902157058057721,77.7047002362458",https://properties.cityinfoservices.com/rga-tech-park-block-2-sarjapur-main-road-bangalore/5w85lg7/pjd,2026-09-21T05:44:55.861201+00:00,1
RMZ Millenia - Tower B,Halasuru (Ulsoor),RMZ Corp Holdings Pvt. Ltd.,Office Space,,"No.1 & 2, Murphy Road, Halasuru, Bangalore, Karnataka 560008, India",,,,,"~2,48,250 Sq. ft.",3895 Sq. ft. - 9756 Sq. ft.,Operational,2 Basement + Ground + 14 Floors,"~16,550",2001,"RMZ Millenia in Bangalore is strategically located in Ulsoor and offers tastefully designed office space. This Grade A tech park enjoys the convenience of multiple entry and exit points and easy access to prime residential areas, transport hubs and restaurants. It is built upon ~5,30,000 sq.ft. of land with an amazing view of the Ulsoor lake. RMZ Millenia - Tower B is a 15- storey tower encompassing a total built-up area of ~2,48,250 sq.ft. with a floor plate size of ~16,550 sq.ft. . The facility provides a range of basic and modern amenities including a food-court. The current tenants of this building are RMZ Corp Holdings (RMZ Buildcon), PVH India (PVH Corp.), Japan External Trade Organisation (JETRO), ICRA , FM Global Group, Eight Roads Ventures (Fidelity International), Vertex Ventures Southeast Asia and India, Tetra Pak India, Marks and Spencer India, Booking.com India Support & Marketing Services, Enagic India Kangen Water, Micron Semiconductor India, TRS RenTelco (McGrath RentCorp), Nippon Express, etc.",https://cf-cdn.cityinfoservices.com/public/uploads/project/floorImages/RMZ Millenia - Tower B__1687786920.jpg,24x7 Security; BMS; CCTV; Lift; Boom Barriers; Visitors Parking; Power; Power Backup; Fire Fighting Equipment’s; Building Maintenance; Food Court; Cafeteria on Terrace,"https://www.google.com/maps?q=12.9824107,77.624615",https://properties.cityinfoservices.com/rmz-millenia-tower-b-halasuru-bangalore/syqvq3s/pjd,2026-09-21T05:44:57.541228+00:00,1
Titanium Tech Park - Block 4,Kadugodi,Goyal and Co.,Office Space,,,,,,,,,Under Construction,3 Basement + Ground + 20 Floors,~58000,,Titanium Tech Park - Block 4,,Security; Reserved Parking; Visitor Parking; Centralized AC; 24 hours water supply; CCTV,"https://www.google.com/maps?q=12.9890693,77.7484029",https://properties.cityinfoservices.com/titanium-tech-park-block-4-for-rent-in-kadugodi-bangalore/qvmbxne/prd,2026-09-21T05:44:59.170103+00:00,31
Titanium Tech Park - Block 4,Kadugodi,Goyal and Co.,Office Space,,,,,,,,,Under Construction,3 Basement + Ground + 20 Floors,~58000,,Titanium Tech Park - Block 4,,Security; Reserved Parking; Visitor Parking; Centralized AC; 24 hours water supply; CCTV,"https://www.google.com/maps?q=12.9890693,77.7484029",https://properties.cityinfoservices.com/titanium-tech-park-block-4-for-rent-in-kadugodi-bangalore/wne6ulo/prd,2026-09-21T05:44:59.883825+00:00,31
Titanium Tech Park - Block 5,Kadugodi,Goyal and Co.,Office Space,,,,,,,,,Under Construction,3 Basement + Ground + 20 Floors,~58000,,Titanium Tech Park - Block 5,,Security; Reserved Parking; Visitor Parking; Centralized AC; 24 hours water supply; CCTV,"https://www.google.com/maps?q=12.9890693,77.7484029",https://properties.cityinfoservices.com/titanium-tech-park-block-5-for-rent-in-kadugodi-bangalore/l275qpj/prd,2026-09-21T05:45:01.687002+00:00,32
Titanium Tech Park - Block 4,Kadugodi,Goyal and Co.,Office Space,,,,,,,,,Under Construction,3 Basement + Ground + 20 Floors,~58000,,Titanium Tech Park - Block 4,,Security; Reserved Parking; Visitor Parking; Centralized AC; 24 hours water supply; CCTV,"https://www.google.com/maps?q=12.9890693,77.7484029",https://properties.cityinfoservices.com/titanium-tech-park-block-4-for-rent-in-kadugodi-bangalore/db6eax8/prd,2026-09-21T05:45:03.798056+00:00,31
Titanium Tech Park - Block 5,Kadugodi,Goyal and Co.,Office Space,,,,,,,,,Under Construction,3 Basement + Ground + 20 Floors,~58000,,Titanium Tech Park - Block 5,,Security; Reserved Parking; Visitor Parking; Centralized AC; 24 hours water supply; CCTV,"https://www.google.com/maps?q=12.9890693,77.7484029",https://properties.cityinfoservices.com/titanium-tech-park-block-5-for-rent-in-kadugodi-bangalore/b23ww53/prd,2026-09-21T05:45:03.829710+00:00,32
Titanium Tech Park - Block 4,Kadugodi,Goyal and Co.,Office Space,,,,,,,,,Under Construction,3 Basement + Ground + 20 Floors,~58000,,Titanium Tech Park - Block 4,,Security; Reserved Parking; Visitor Parking; Centralized AC; 24 hours water supply; CCTV,"https://www.google.com/maps?q=12.9890693,77.7484029",https://properties.cityinfoservices.com/titanium-tech-park-block-4-for-rent-in-kadugodi-bangalore/aucs7gn/prd,2026-09-21T05:45:05.156092+00:00,32
Titanium Tech Park - Block 4,Kadugodi,Goyal and Co.,Office Space,,,,,,,,,Under Construction,3 Basement + Ground + 20 Floors,~58000,,Titanium Tech Park - Block 4,,Security; Reserved Parking; Visitor Parking; Centralized AC; 24 hours water supply; CCTV,"https://www.google.com/maps?q=12.9890693,77.7484029",https://properties.cityinfoservices.com/titanium-tech-park-block-4-for-rent-in-kadugodi-bangalore/2rxrzcq/prd,2026-09-21T05:45:05.591185+00:00,32
Titanium Tech Park - Block 4,Kadugodi,Goyal and Co.,Office Space,,,,,,,,,Under Construction,3 Basement + Ground + 20 Floors,~58000,,Titanium Tech Park - Block 4,,Security; Reserved Parking; Visitor Parking; Centralized AC; 24 hours water supply; CCTV,"https://www.google.com/maps?q=12.9890693,77.7484029",https://properties.cityinfoservices.com/titanium-tech-park-block-4-for-rent-in-kadugodi-bangalore/nprv532/prd,2026-09-21T05:45:07.952046+00:00,32
Titanium Tech Park - Block 4,Kadugodi,Goyal and Co.,Office Space,,,,,,,,,Under Construction,3 Basement + Ground + 20 Floors,~58000,,Titanium Tech Park - Block 4,,Security; Reserved Parking; Visitor Parking; Centralized AC; 24 hours water supply; CCTV,"https://www.google.com/maps?q=12.9890693,77.7484029",https://properties.cityinfoservices.com/titanium-tech-park-block-4-for-rent-in-kadugodi-bangalore/csgr3oj/prd,2026-09-21T05:45:08.868759+00:00,32
Titanium Tech Park - Block 4,Kadugodi,Goyal and Co.,Office Space,,,,,,,,,Under Construction,3 Basement + Ground + 20 Floors,~58000,,Titanium Tech Park - Block 4,,Security; Reserved Parking; Visitor Parking; Centralized AC; 24 hours water supply; CCTV,"https://www.google.com/maps?q=12.9890693,77.7484029",https://properties.cityinfoservices.com/titanium-tech-park-block-4-for-rent-in-kadugodi-bangalore/4k5uq93/prd,2026-09-21T05:45:09.521078+00:00,32
Titanium Tech Park - Block 4,Kadugodi,Goyal and Co.,Office Space,,,,,,,,,Under Construction,3 Basement + Ground + 20 Floors,~58000,,Titanium Tech Park - Block 4,,Security; Reserved Parking; Visitor Parking; Centralized AC; 24 hours water supply; CCTV,"https://www.google.com/maps?q=12.9890693,77.7484029",https://properties.cityinfoservices.com/titanium-tech-park-block-4-for-rent-in-kadugodi-bangalore/zepu9d7/prd,2026-09-21T05:45:09.616191+00:00,32
Brigade Deccan Heights,Yeshwanthpur,Brigade Enterprises Limited,Office Space,,,,,,,,,Ready for fit outs,2 Basement + Ground + 23 Floors,~25000,,Brigade Deccan Heights,,Security; Reserved Parking; Visitor Parking; Centralized AC; 24 hours water supply; CCTV,"https://www.google.com/maps?q=13.0267798,77.54473669999993",https://properties.cityinfoservices.com/brigade-deccan-heights-for-rent-in-yeshwanthpur-bangalore/rt8z8yc/prd,2026-09-21T05:45:13.087220+00:00,27
Titanium Tech Park - Block 5,Kadugodi,Goyal and Co.,Office Space,,,,,,,,,Under Construction,3 Basement + Ground + 20 Floors,~58000,,Titanium Tech Park - Block 5,,Security; Reserved Parking; Visitor Parking; Centralized AC; 24 hours water supply; CCTV,"https://www.google.com/maps?q=12.9890693,77.7484029",https://properties.cityinfoservices.com/titanium-tech-park-block-5-for-rent-in-kadugodi-bangalore/3nkp66i/prd,2026-09-21T05:45:13.533826+00:00,33
Titanium Tech Park - Block 5,Kadugodi,Goyal and Co.,Office Space,,,,,,,,,Under Construction,3 Basement + Ground + 20 Floors,~58000,,Titanium Tech Park - Block 5,,Security; Reserved Parking; Visitor Parking; Centralized AC; 24 hours water supply; CCTV,"https://www.google.com/maps?q=12.9890693,77.7484029",https://properties.cityinfoservices.com/titanium-tech-park-block-5-for-rent-in-kadugodi-bangalore/7pndb3b/prd,2026-09-21T05:45:13.584400+00:00,33
Titanium Tech Park - Block 5,Kadugodi,Goyal and Co.,Office Space,,,,,,,,,Under Construction,3 Basement + Ground + 20 Floors,~58000,,Titanium Tech Park - Block 5,,Security; Reserved Parking; Visitor Parking; Centralized AC; 24 hours water supply; CCTV,"https://www.google.com/maps?q=12.9890693,77.7484029",https://properties.cityinfoservices.com/titanium-tech-park-block-5-for-rent-in-kadugodi-bangalore/7r44ht7/prd,2026-09-21T05:45:13.672901+00:00,33
Titanium Tech Park - Block 5,Kadugodi,Goyal and Co.,Office Space,,,,,,,,,Under Construction,3 Basement + Ground + 20 Floors,~58000,,Titanium Tech Park - Block 5,,Security; Reserved Parking; Visitor Parking; Centralized AC; 24 hours water supply; CCTV,"https://www.google.com/maps?q=12.9890693,77.7484029",https://properties.cityinfoservices.com/titanium-tech-park-block-5-for-rent-in-kadugodi-bangalore/kynrygi/prd,2026-09-21T05:45:14.724532+00:00,33
Fortuna Tech Park,Electronic City Phase I,Sarala Group,Office Space,,,,,,,,,Ready for fit outs,Basement + Ground + 6 Floors,"~38,500",,Fortuna Tech Park,,Security; Reserved Parking; Visitor Parking; Centralized AC; 24 hours water supply; CCTV,"https://www.google.com/maps?q=12.835387948403335,77.66138235393677",https://properties.cityinfoservices.com/fortuna-tech-park-for-rent-in-electronic-city-phase-i-bangalore/cepze9s/prd,2026-09-21T05:45:18.675855+00:00,34
Titanium Tech Park - Block 5,Kadugodi,Goyal and Co.,Office Space,,,,,,,,,Under Construction,3 Basement + Ground + 20 Floors,~58000,,Titanium Tech Park - Block 5,,Security; Reserved Parking; Visitor Parking; Centralized AC; 24 hours water supply; CCTV,"https://www.google.com/maps?q=12.9890693,77.7484029",https://properties.cityinfoservices.com/titanium-tech-park-block-5-for-rent-in-kadugodi-bangalore/7j5w3l2/prd,2026-09-21T05:45:18.879009+00:00,34
Titanium Tech Park - Block 5,Kadugodi,Goyal and Co.,Office Space,,,,,,,,,Under Construction,3 Basement + Ground + 20 Floors,~58000,,Titanium Tech Park - Block 5,,Security; Reserved Parking; Visitor Parking; Centralized AC; 24 hours water supply; CCTV,"https://www.google.com/maps?q=12.9890693,77.7484029",https://properties.cityinfoservices.com/titanium-tech-park-block-5-for-rent-in-kadugodi-bangalore/wn5clwx/prd,2026-09-21T05:45:19.014948+00:00,34
Prestige RMZ Star Tech - Wing B,Koramangala,Prestige Estates Projects Limited,Office Space,,,,,,,,,Ready for fit outs,2 Basement + Ground + 8 Floors,"~56,202",,Prestige RMZ Star Tech - Wing B,,Security; Reserved Parking; Visitor Parking; Centralized AC; 24 hours water supply; CCTV,"https://www.google.com/maps?q=12.930804026931074,77.61534342963868",https://properties.cityinfoservices.com/prestige-rmz-star-tech-wing-b-for-rent-in-koramangala-bangalore/8iulde4/prd,2026-09-21T05:45:21.451532+00:00,28
Titanium Tech Park - Block 5,Kadugodi,Goyal and Co.,Office Space,,,,,,,,,Under Construction,3 Basement + Ground + 20 Floors,~58000,,Titanium Tech Park - Block 5,,Security; Reserved Parking; Visitor Parking; Centralized AC; 24 hours water supply; CCTV,"https://www.google.com/maps?q=12.9890693,77.7484029",https://properties.cityinfoservices.com/titanium-tech-park-block-5-for-rent-in-kadugodi-bangalore/yjtm9wi/prd,2026-09-21T05:45:22.717701+00:00,34
Titanium Tech Park - Block 5,Kadugodi,Goyal and Co.,Office Space,,,,,,,,,Under Construction,3 Basement + Ground + 20 Floors,~58000,,Titanium Tech Park - Block 5,,Security; Reserved Parking; Visitor Parking; Centralized AC; 24 hours water supply; CCTV,"https://www.google.com/maps?q=12.9890693,77.7484029",https://properties.cityinfoservices.com/titanium-tech-park-block-5-for-rent-in-kadugodi-bangalore/bu2metv/prd,2026-09-21T05:45:23.187235+00:00,34
Titanium Tech Park - Block 5,Kadugodi,Goyal and Co.,Office Space,,,,,,,,,Under Construction,3 Basement + Ground + 20 Floors,~58000,,Titanium Tech Park - Block 5,,Security; Reserved Parking; Visitor Parking; Centralized AC; 24 hours water supply; CCTV,"https://www.google.com/maps?q=12.9890693,77.7484029",https://properties.cityinfoservices.com/titanium-tech-park-block-5-for-rent-in-kadugodi-bangalore/z3j5vr9/prd,2026-09-21T05:45:23.511845+00:00,34
Titanium Tech Park - Block 5,Kadugodi,Goyal and Co.,Office Space,,,,,,,,,Under Construction,3 Basement + Ground + 20 Floors,~58000,,Titanium Tech Park - Block 5,,Security; Reserved Parking; Visitor Parking; Centralized AC; 24 hours water supply; CCTV,"https://www.google.com/maps?q=12.9890693,77.7484029",https://properties.cityinfoservices.com/titanium-tech-park-block-5-for-rent-in-kadugodi-bangalore/jju5kbv/prd,2026-09-21T05:45:25.477707+00:00,34
Titanium Tech Park - Block 5,Kadugodi,Goyal and Co.,Office Space,,,,,,,,,Under Construction,3 Basement + Ground + 20 Floors,~58000,,Titanium Tech Park - Block 5,,Security; Reserved Parking; Visitor Parking; Centralized AC; 24 hours water supply; CCTV,"https://www.google.com/maps?q=12.9890693,77.7484029",https://properties.cityinfoservices.com/titanium-tech-park-block-5-for-rent-in-kadugodi-bangalore/kbpcp7p/prd,2026-09-21T05:45:28.018371+00:00,34
Titanium Tech Park - Block 5,Kadugodi,Goyal and Co.,Office Space,,,,,,,,,Under Construction,3 Basement + Ground + 20 Floors,~58000,,Titanium Tech Park - Block 5,,Security; Reserved Parking; Visitor Parking; Centralized AC; 24 hours water supply; CCTV,"https://www.google.com/maps?q=12.9890693,77.7484029",https://properties.cityinfoservices.com/titanium-tech-park-block-5-for-rent-in-kadugodi-bangalore/6k6o7bq/prd,2026-09-21T05:45:28.625678+00:00,34
Titanium Tech Park - Block 5,Kadugodi,Goyal and Co.,Office Space,,,,,,,,,Under Construction,3 Basement + Ground + 20 Floors,~58000,,Titanium Tech Park - Block 5,,Security; Reserved Parking; Visitor Parking; Centralized AC; 24 hours water supply; CCTV,"https://www.google.com/maps?q=12.9890693,77.7484029",https://properties.cityinfoservices.com/titanium-tech-park-block-5-for-rent-in-kadugodi-bangalore/sgjbpvw/prd,2026-09-21T05:45:29.244417+00:00,33
Titanium Tech Park - Block 5,Kadugodi,Goyal and Co.,Office Space,,,,,,,,,Under Construction,3 Basement + Ground + 20 Floors,~58000,,Titanium Tech Park - Block 5,,Security; Reserved Parking; Visitor Parking; Centralized AC; 24 hours water supply; CCTV,"https://www.google.com/maps?q=12.9890693,77.7484029",https://properties.cityinfoservices.com/titanium-tech-park-block-5-for-rent-in-kadugodi-bangalore/ho98whm/prd,2026-09-21T05:45:29.268172+00:00,33
Titanium Tech Park - Block 5,Kadugodi,Goyal and Co.,Office Space,,,,,,,,,Under Construction,3 Basement + Ground + 20 Floors,~58000,,Titanium Tech Park - Block 5,,Security; Reserved Parking; Visitor Parking; Centralized AC; 24 hours water supply; CCTV,"https://www.google.com/maps?q=12.9890693,77.7484029",https://properties.cityinfoservices.com/titanium-tech-park-block-5-for-rent-in-kadugodi-bangalore/a6537ba/prd,2026-09-21T05:45:32.177030+00:00,33
L&T Tech Park - Tower S1,Hebbal,Larsen and Toubro Limited (L and T Realty Limited),Office Space,,,,,,,,,Ready for fit outs,4 Basement + Ground + 10 Floors,"~57,000",,L&T Tech Park - Tower S1,,Security; Reserved Parking; Visitor Parking; Centralized AC; 24 hours water supply; CCTV,"https://www.google.com/maps?q=13.068999575235184,77.59230718302003",https://properties.cityinfoservices.com/l-amp-t-tech-park-tower-s1-for-rent-in-hebbal-bangalore/vfnagu2/prd,2026-09-21T05:45:34.622162+00:00,35
L&T Tech Park - Tower S1,Hebbal,Larsen and Toubro Limited (L and T Realty Limited),Office Space,,,,,,,,,Ready for fit outs,4 Basement + Ground + 10 Floors,"~57,000",,L&T Tech Park - Tower S1,,Security; Reserved Parking; Visitor Parking; Centralized AC; 24 hours water supply; CCTV,"https://www.google.com/maps?q=13.068999575235184,77.59230718302003",https://properties.cityinfoservices.com/l-amp-t-tech-park-tower-s1-for-rent-in-hebbal-bangalore/wx74aoi/prd,2026-09-21T05:45:34.847046+00:00,35
L&T Tech Park - Tower S1,Hebbal,Larsen and Toubro Limited (L and T Realty Limited),Office Space,,,,,,,,,Ready for fit outs,4 Basement + Ground + 10 Floors,"~57,000",,L&T Tech Park - Tower S1,,Security; Reserved Parking; Visitor Parking; Centralized AC; 24 hours water supply; CCTV,"https://www.google.com/maps?q=13.068999575235184,77.59230718302003",https://properties.cityinfoservices.com/l-amp-t-tech-park-tower-s1-for-rent-in-hebbal-bangalore/bqtbyql/prd,2026-09-21T05:45:36.047187+00:00,35
L&T Tech Park - Tower S1,Hebbal,Larsen and Toubro Limited (L and T Realty Limited),Office Space,,,,,,,,,Ready for fit outs,4 Basement + Ground + 10 Floors,"~57,000",,L&T Tech Park - Tower S1,,Security; Reserved Parking; Visitor Parking; Centralized AC; 24 hours water supply; CCTV,"https://www.google.com/maps?q=13.068999575235184,77.59230718302003",https://properties.cityinfoservices.com/l-amp-t-tech-park-tower-s1-for-rent-in-hebbal-bangalore/zj6s6ov/prd,2026-09-21T05:45:37.495964+00:00,35
L&T Tech Park - Tower S1,Hebbal,Larsen and Toubro Limited (L and T Realty Limited),Office Space,,,,,,,,,Ready for fit outs,4 Basement + Ground + 10 Floors,"~57,000",,L&T Tech Park - Tower S1,,Security; Reserved Parking; Visitor Parking; Centralized AC; 24 hours water supply; CCTV,"https://www.google.com/maps?q=13.068999575235184,77.59230718302003",https://properties.cityinfoservices.com/l-amp-t-tech-park-tower-s1-for-rent-in-hebbal-bangalore/gb7g9fo/prd,2026-09-21T05:45:39.567748+00:00,35
Diamond District - Tower D,HAL Old Airport Road,India Builders Corporation Ltd. (IBC Group),Office Space,,,,,,,,,Ready for fit outs,Basement + Ground + 7 Floors,"~10,000",,Diamond District - Tower D,,Security; Reserved Parking; Visitor Parking; Centralized AC; 24 hours water supply; CCTV,"https://www.google.com/maps?q=12.9593548,77.64341399999999",https://properties.cityinfoservices.com/diamond-district-tower-d-for-rent-in-hal-old-airport-road-bangalore/wnrogek/prd,2026-09-21T05:45:41.035433+00:00,35
Titanium Tech Park - Block 4,Kadugodi,Goyal and Co.,Office Space,,,,,,,,,Under Construction,3 Basement + Ground + 20 Floors,~58000,,Titanium Tech Park - Block 4,,Security; Reserved Parking; Visitor Parking; Centralized AC; 24 hours water supply; CCTV,"https://www.google.com/maps?q=12.9890693,77.7484029",https://properties.cityinfoservices.com/titanium-tech-park-block-4-for-rent-in-kadugodi-bangalore/zybeawm/prd,2026-09-21T05:45:42.045635+00:00,31
RMZ Infinity - Tower D,Old Madras Road,RMZ Corp Holdings Pvt. Ltd.,Office Space,,,,,,,,,Ready for fit outs,2 Basement + Ground + 8 Floors,"~36,000",,RMZ Infinity - Tower D,,Security; Reserved Parking; Visitor Parking; Intercom; Centralized AC; 24 hours water supply; CCTV,"https://www.google.com/maps?q=12.9941952,77.6602911",https://properties.cityinfoservices.com/rmz-infinity-tower-d-for-rent-in-old-madras-road-bangalore/h5t2hzb/prd,2026-09-21T05:45:42.429021+00:00,36
Salarpuria Touchstone - Block B,Kadubeesanahalli,Salarpuria Sattva Group,Office Space,,,,,,,,,Ready for fit outs,Basement + Ground + 5 Floors,"~40,000",,Salarpuria Touchstone - Block B,,Security; Reserved Parking; Visitor Parking; Centralized AC; 24 hours water supply; CCTV,"https://www.google.com/maps?q=12.936746045041215,77.69061862114867",https://properties.cityinfoservices.com/salarpuria-touchstone-block-b-for-rent-in-kadubeesanahalli-road-bangalore/tjf4q8m/prd,2026-09-21T05:45:45.805009+00:00,36
Nitesh Plaza,Vasanth Nagar,NEL Holdings Limited (Nitesh Estates),Office Space,,,,,,,,,Under Construction,2 Basement + Ground + 17 Floors,~17000,,Nitesh Plaza,,Security; Reserved Parking; Visitor Parking; Centralized AC; 24 hours water supply; CCTV,"https://www.google.com/maps?q=12.9855704,77.5940196",https://properties.cityinfoservices.com/nitesh-plaza-for-rent-in-vasanth-nagar-bangalore/22aekib/prd,2026-09-21T05:45:46.454002+00:00,37
Nitesh Plaza,Vasanth Nagar,NEL Holdings Limited (Nitesh Estates),Office Space,,,,,,,,,Under Construction,2 Basement + Ground + 17 Floors,~17000,,Nitesh Plaza,,Security; Reserved Parking; Visitor Parking; Centralized AC; 24 hours water supply; CCTV,"https://www.google.com/maps?q=12.9855704,77.5940196",https://properties.cityinfoservices.com/nitesh-plaza-for-rent-in-vasanth-nagar-bangalore/vlvcrps/prd,2026-09-21T05:45:46.663491+00:00,37
Nitesh Plaza,Vasanth Nagar,NEL Holdings Limited (Nitesh Estates),Office Space,,,,,,,,,Under Construction,2 Basement + Ground + 17 Floors,~17000,,Nitesh Plaza,,Security; Reserved Parking; Visitor Parking; Centralized AC; 24 hours water supply; CCTV,"https://www.google.com/maps?q=12.9855704,77.5940196",https://properties.cityinfoservices.com/nitesh-plaza-for-rent-in-vasanth-nagar-bangalore/k8brmsl/prd,2026-09-21T05:45:51.785429+00:00,38
Nitesh Plaza,Vasanth Nagar,NEL Holdings Limited (Nitesh Estates),Office Space,,,,,,,,,Under Construction,2 Basement + Ground + 17 Floors,~17000,,Nitesh Plaza,,Security; Reserved Parking; Visitor Parking; Centralized AC; 24 hours water supply; CCTV,"https://www.google.com/maps?q=12.9855704,77.5940196",https://properties.cityinfoservices.com/nitesh-plaza-for-rent-in-vasanth-nagar-bangalore/65ktrya/prd,2026-09-21T05:45:52.057152+00:00,37
Titanium Tech Park - Block 4,Kadugodi,Goyal and Co.,Office Space,,,,,,,,,Under Construction,3 Basement + Ground + 20 Floors,~58000,,Titanium Tech Park - Block 4,,Security; Reserved Parking; Visitor Parking; Centralized AC; 24 hours water supply; CCTV,"https://www.google.com/maps?q=12.9890693,77.7484029",https://properties.cityinfoservices.com/titanium-tech-park-block-4-for-rent-in-kadugodi-bangalore/wz4xjxq/prd,2026-09-21T05:45:52.249872+00:00,32
Salarpuria Touchstone - Block B,Kadubeesanahalli,Salarpuria Sattva Group,Office Space,,,,,,,,,Ready to move,Basement + Ground + 5 Floors,"~40,000",,Salarpuria Touchstone - Block B,,Security; Reserved Parking; Visitor Parking; Centralized AC; 24 hours water supply; CCTV,"https://www.google.com/maps?q=12.936746045041215,77.69061862114867",https://properties.cityinfoservices.com/salarpuria-touchstone-block-b-for-rent-in-kadubeesanahalli-road-bangalore/gi5wau7/prd,2026-09-21T05:45:53.171691+00:00,36
Brookfield Ecoworld - Campus 5A,Bellandur,Brookfield Properties,Office Space,,,,,,,,,Ready to move,3 Basement + Ground + 9 Floors,"~44,000",,Brookfield Ecoworld - Campus 5A,,Security; Reserved Parking; Visitor Parking; Centralized AC; 24 hours water supply; CCTV,"https://www.google.com/maps?q=12.922000686744939,77.68503858780517",https://properties.cityinfoservices.com/brookfield-ecoworld-campus-5a-for-rent-in-bellandur-bangalore/ejv7o3f/prd,2026-09-21T05:45:56.515434+00:00,39
Brookfield Ecoworld - Campus 5A,Bellandur,Brookfield Properties,Office Space,,,,,,,,,Ready for fit outs,3 Basement + Ground + 9 Floors,"~44,000 to ~57,000",,Brookfield Ecoworld - Campus 5A,,Security; Reserved Parking; Visitor Parking; Centralized AC; 24 hours water supply; CCTV,"https://www.google.com/maps?q=12.922000686744939,77.68503858780517",https://properties.cityinfoservices.com/brookfield-ecoworld-campus-5a-for-rent-in-bellandur-bangalore/y42thkg/prd,2026-09-21T05:45:57.450578+00:00,39
Brookfield Ecoworld - Campus 5A,Bellandur,Brookfield Properties,Office Space,,,,,,,,,Ready for fit outs,3 Basement + Ground + 9 Floors,"~44,000 to ~57,000",,Brookfield Ecoworld - Campus 5A,,Security; Reserved Parking; Visitor Parking; Centralized AC; 24 hours water supply; CCTV,"https://www.google.com/maps?q=12.922000686744939,77.68503858780517",https://properties.cityinfoservices.com/brookfield-ecoworld-campus-5a-for-rent-in-bellandur-bangalore/lprq98d/prd,2026-09-21T05:45:58.378850+00:00,39
Brookfield Ecoworld - Campus 5A,Bellandur,Brookfield Properties,Office Space,,,,,,,,,Ready for fit outs,3 Basement + Ground + 9 Floors,"~44,000 to ~57,000",,Brookfield Ecoworld - Campus 5A,,Security; Reserved Parking; Visitor Parking; Centralized AC; 24 hours water supply; CCTV,"https://www.google.com/maps?q=12.922000686744939,77.68503858780517",https://properties.cityinfoservices.com/brookfield-ecoworld-campus-5a-for-rent-in-bellandur-bangalore/y4c3upy/prd,2026-09-21T05:45:59.711407+00:00,39
Pritech Park - Block 14,Bellandur,RGA Software Systems Pvt. Ltd. (Primal Projects Pvt. Ltd.),Office Space,,,,,,,,,Ready to move,2 Basement + Ground + 9 Floors,"~68,729",,Pritech Park - Block 14,,Security; Reserved Parking; Centralized AC; 24 hours water supply; CCTV,"https://www.google.com/maps?q=12.920532658515235,77.68107967696837",https://properties.cityinfoservices.com/pritech-park-block-14-for-rent-in-bellandur-bangalore/7r3muek/prd,2026-09-21T05:48:09.671228+00:00,40
"Simpliwork - H2 Block, Manyata Tech Park",Nagavara,Simpliwork Offices Private Limited,Business Center & Co-working Space,2100,,2700,,,,,,Ready to Occupy,,,,"Simpliwork - H2 Block, Manyata Tech Park",,Security; Reserved Parking; Visitor Parking; Centralized AC; 24 hours water supply; CCTV,"https://www.google.com/maps?q=13.046460,77.622519",https://properties.cityinfoservices.com/simpliwork-h2-block-manyata-tech-park-for-rent-in-nagavara-bangalore/wk9tgu2/prd,2026-09-21T05:48:11.582027+00:00,40
Pritech Park - Block 11,Bellandur,RGA Software Systems Pvt. Ltd. (Primal Projects Pvt. Ltd.),Office Space,,,,,,,,,Ready for fit outs,2 Basement + Ground + 9 Floors,"~63,000",,Pritech Park - Block 11,,Security; Reserved Parking; Centralized AC; 24 hours water supply; CCTV,"https://www.google.com/maps?q=12.922320832291403,77.6806719811981",https://properties.cityinfoservices.com/pritech-park-block-11-for-rent-in-bellandur-bangalore/9esh69a/prd,2026-09-21T05:48:12.537842+00:00,40
VK Tech Park,Brookefield,VKBS Software Technology Park LLP,Office Space,,,,,,,,,Ready for fit outs,Basement + Ground + 4 Floors,"~36,000",,VK Tech Park,,Security; Reserved Parking; Visitor Parking; Centralized AC; 24 hours water supply; CCTV,"https://www.google.com/maps?q=12.972384,77.72101099999999",https://properties.cityinfoservices.com/vk-tech-park-for-rent-in-brookefield-bangalore/nvf5edf/prd,2026-09-21T05:48:12.777518+00:00,41
Brookfield Ecoworld - Campus 5A,Bellandur,Brookfield Properties,Office Space,,,,,,,,,Ready for fit outs,3 Basement + Ground + 9 Floors,"~44,000 to ~57,000",,Brookfield Ecoworld - Campus 5A,,Security; Reserved Parking; Visitor Parking; Centralized AC; 24 hours water supply; CCTV,"https://www.google.com/maps?q=12.922000686744939,77.68503858780517",https://properties.cityinfoservices.com/brookfield-ecoworld-campus-5a-for-rent-in-bellandur-bangalore/mysctyd/prd,2026-09-21T05:48:12.949759+00:00,40
RGA Tech Park - Block 4,Sarjapur Main Road,RGA Software Systems Pvt. Ltd. (Primal Projects Pvt. Ltd.),Office Space,,,,,,,,,Ready to move,2 Basement + Ground + 10 Floors,"~44,000 to ~51,000",,RGA Tech Park - Block 4,,Security; Reserved Parking; Visitor Parking; Centralized AC; 24 hours water supply; CCTV,"https://www.google.com/maps?q=12.90223026378709,77.70456076137702",https://properties.cityinfoservices.com/rga-tech-park-block-4-for-rent-in-sarjapur-main-road-bangalore/oyuvj53/prd,2026-09-21T05:48:13.263154+00:00,40
Brookfield Ecoworld - Campus 5A,Bellandur,Brookfield Properties,Office Space,,,,,,,,,Ready for fit outs,3 Basement + Ground + 9 Floors,"~44,000 to ~57,000",,Brookfield Ecoworld - Campus 5A,,Security; Reserved Parking; Visitor Parking; Centralized AC; 24 hours water supply; CCTV,"https://www.google.com/maps?q=12.922000686744939,77.68503858780517",https://properties.cityinfoservices.com/brookfield-ecoworld-campus-5a-for-rent-in-bellandur-bangalore/p3vuq2c/prd,2026-09-21T05:48:14.145742+00:00,40
Prestige RMZ Star Tech - Wing B,Koramangala,Prestige Estates Projects Limited,Office Space,,,,,,,,,Ready for fit outs,2 Basement + Ground + 8 Floors,"~56,202",,Prestige RMZ Star Tech - Wing B,,,"https://www.google.com/maps?q=12.930804026931074,77.61534342963868",https://properties.cityinfoservices.com/prestige-rmz-star-tech-wing-b-for-rent-in-koramangala-bangalore/vtpud4j/prd,2026-09-21T05:48:14.291638+00:00,40
Brookfield Ecoworld - Campus 5A,Bellandur,Brookfield Properties,Office Space,,,,,,,,,Ready for fit outs,3 Basement + Ground + 9 Floors,"~44,000 to ~57,000",,Brookfield Ecoworld - Campus 5A,,Security; Reserved Parking; Visitor Parking; Centralized AC; 24 hours water supply; CCTV,"https://www.google.com/maps?q=12.922000686744939,77.68503858780517",https://properties.cityinfoservices.com/brookfield-ecoworld-campus-5a-for-rent-in-bellandur-bangalore/aecbqms/prd,2026-09-21T05:48:15.053002+00:00,39
BizzHub Workspaces - Novaire (Brigade Tech Park),Whitefield,BizzHub Workspaces,Business Center & Co-working Space,600,,,,,,,,Ready to Occupy,,,,BizzHub Workspaces - Novaire (Brigade Tech Park),,Security; Reserved Parking; Visitor Parking; Centralized AC; 24 hours water supply; CCTV,"https://www.google.com/maps?q=12.985988,77.740254",https://properties.cityinfoservices.com/bizzhub-workspaces-novaire-brigade-tech-park--for-rent-in-whitefield-bangalore/4a68hoi/prd,2026-09-21T05:48:16.510540+00:00,39
TableSpace - DivyaSree Greens,Domlur,TableSpace Technologies Private Limited,Business Center & Co-working Space,2100,,,,,,,,Ready to Occupy from Sep 2026,,,,TableSpace - DivyaSree Greens,,Security; Reserved Parking; Visitor Parking; Centralized AC; 24 hours water supply; CCTV,"https://www.google.com/maps?q=12.9716076,77.6459169",https://properties.cityinfoservices.com/tablespace-divyasree-greens-for-rent-in-domlur-bangalore/mhvucdh/prd,2026-09-21T05:48:17.656637+00:00,41
Nitesh Plaza,Vasanth Nagar,NEL Holdings Limited (Nitesh Estates),Office Space,,,,,,,,,Under Construction,2 Basement + Ground + 17 Floors,~17000,,Nitesh Plaza,,Security; Reserved Parking; Visitor Parking; Centralized AC; 24 hours water supply; CCTV,"https://www.google.com/maps?q=12.9855704,77.5940196",https://properties.cityinfoservices.com/nitesh-plaza-for-rent-in-vasanth-nagar-bangalore/8s8lsmo/prd,2026-09-21T05:48:17.796867+00:00,38
Neil Rao Towers ( Rao Tower ),Whitefield,Rao Computer Consultants Pvt. Ltd.,Office Space,,,,,,,,,Ready to move,Basement + Ground + 6 Floors,"~19,140",,Neil Rao Towers ( Rao Tower ),,Security; Reserved Parking; Visitor Parking; Centralized AC; 24 hours water supply; CCTV,"https://www.google.com/maps?q=12.9781214,77.724960",https://properties.cityinfoservices.com/neil-rao-towers-rao-tower--for-rent-in-whitefield-bangalore/9n6fcon/prd,2026-09-21T05:48:18.000293+00:00,39
Smartworks - Global Technology Park - Tower C,Bellandur,Smartworks Coworking Spaces Pvt. Ltd.,Business Center & Co-working Space,166,,,,,,,,90 days from the date of signing agreement,,,,Smartworks - Global Technology Park - Tower C,,Security; Reserved Parking; Visitor Parking; Centralized AC; 24 hours water supply; CCTV,"https://www.google.com/maps?q=12.924684130035153,77.68321471534422",https://properties.cityinfoservices.com/smartworks-global-technology-park-tower-c-for-rent-in-bellandur-bangalore/j4ih93t/prd,2026-09-21T05:48:18.339529+00:00,39
Pritech Park - Block 14,Bellandur,RGA Software Systems Pvt. Ltd. (Primal Projects Pvt. Ltd.),Office Space,,,,,,,,,Ready to move,2 Basement + Ground + 9 Floors,"~66,000",,Pritech Park - Block 14,,Security; Reserved Parking; Centralized AC; 24 hours water supply; CCTV,"https://www.google.com/maps?q=12.920532658515235,77.68107967696837",https://properties.cityinfoservices.com/pritech-park-block-14-for-rent-in-bellandur-bangalore/2g4g34q/prd,2026-09-21T05:48:18.415102+00:00,40
Nitesh Plaza,Vasanth Nagar,NEL Holdings Limited (Nitesh Estates),Office Space,,,,,,,,,Under Construction,2 Basement + Ground + 17 Floors,~17000,,Nitesh Plaza,,Security; Reserved Parking; Visitor Parking; Centralized AC; 24 hours water supply; CCTV,"https://www.google.com/maps?q=12.9855704,77.5940196",https://properties.cityinfoservices.com/nitesh-plaza-for-rent-in-vasanth-nagar-bangalore/a3x45x8/prd,2026-09-21T05:48:18.603504+00:00,38
Salarpuria Softzone - Block A,Bellandur,Salarpuria Sattva Group,Office Space,,,,,,,,,Ready to move,Basement + Ground + 6 Floors,"~47,000 to ~90,000",,Salarpuria Softzone - Block A,,,"https://www.google.com/maps?q=12.923797114832743,77.67036383346863",https://properties.cityinfoservices.com/salarpuria-softzone-block-a-for-rent-in-bellandur-bangalore/cg4bj3o/prd,2026-09-21T05:48:18.640126+00:00,39
Nitesh Plaza,Vasanth Nagar,NEL Holdings Limited (Nitesh Estates),Office Space,,,,,,,,,Under Construction,2 Basement + Ground + 17 Floors,~17000,,Nitesh Plaza,,Security; Reserved Parking; Visitor Parking; Centralized AC; 24 hours water supply; CCTV,"https://www.google.com/maps?q=12.9855704,77.5940196",https://properties.cityinfoservices.com/nitesh-plaza-for-rent-in-vasanth-nagar-bangalore/kkus6ba/prd,2026-09-21T05:48:19.496071+00:00,39
Nitesh Plaza,Vasanth Nagar,NEL Holdings Limited (Nitesh Estates),Office Space,,,,,,,,,Under Construction,2 Basement + Ground + 17 Floors,~17000,,Nitesh Plaza,,Security; Reserved Parking; Visitor Parking; Centralized AC; 24 hours water supply; CCTV,"https://www.google.com/maps?q=12.9855704,77.5940196",https://properties.cityinfoservices.com/nitesh-plaza-for-rent-in-vasanth-nagar-bangalore/z4opvkj/prd,2026-09-21T05:48:19.767863+00:00,38
Nitesh Plaza,Vasanth Nagar,NEL Holdings Limited (Nitesh Estates),Office Space,,,,,,,,,Under Construction,2 Basement + Ground + 17 Floors,~17000,,Nitesh Plaza,,Security; Reserved Parking; Visitor Parking; Centralized AC; 24 hours water supply; CCTV,"https://www.google.com/maps?q=12.9855704,77.5940196",https://properties.cityinfoservices.com/nitesh-plaza-for-rent-in-vasanth-nagar-bangalore/6t9akob/prd,2026-09-21T05:48:20.417210+00:00,38
Nitesh Plaza,Vasanth Nagar,NEL Holdings Limited (Nitesh Estates),Office Space,,,,,,,,,Under Construction,2 Basement + Ground + 17 Floors,~17000,,Nitesh Plaza,,Security; Reserved Parking; Visitor Parking; Centralized AC; 24 hours water supply; CCTV,"https://www.google.com/maps?q=12.9855704,77.5940196",https://properties.cityinfoservices.com/nitesh-plaza-for-rent-in-vasanth-nagar-bangalore/3lt47z4/prd,2026-09-21T05:48:21.609646+00:00,38
Nitesh Plaza,Vasanth Nagar,NEL Holdings Limited (Nitesh Estates),Office Space,,,,,,,,,Under Construction,2 Basement + Ground + 17 Floors,~17000,,Nitesh Plaza,,Security; Reserved Parking; Visitor Parking; Centralized AC; 24 hours water supply; CCTV,"https://www.google.com/maps?q=12.9855704,77.5940196",https://properties.cityinfoservices.com/nitesh-plaza-for-rent-in-vasanth-nagar-bangalore/mr3urqe/prd,2026-09-21T05:48:22.058449+00:00,38
Nitesh Plaza,Vasanth Nagar,NEL Holdings Limited (Nitesh Estates),Office Space,,,,,,,,,Under Construction,2 Basement + Ground + 17 Floors,~17000,,Nitesh Plaza,,Security; Reserved Parking; Visitor Parking; Centralized AC; 24 hours water supply; CCTV,"https://www.google.com/maps?q=12.9855704,77.5940196",https://properties.cityinfoservices.com/nitesh-plaza-for-rent-in-vasanth-nagar-bangalore/rndaus2/prd,2026-09-21T05:48:22.179555+00:00,38
Embassy Tech Village - Flora - Block 5F,Devarabisanahalli,Embassy Property Developments Pvt. Ltd.,Office Space,,,,,,,,,Ready to move,Ground + 4 Floors,~25741,,Embassy Tech Village - Flora - Block 5F,,Security; Reserved Parking; Visitor Parking; Centralized AC; 24 hours water supply; CCTV,"https://www.google.com/maps?q=12.9434397,77.6907387",https://properties.cityinfoservices.com/embassy-tech-village-flora-block-5f-for-rent-in-devarabisanahalli-road-bangalore/n2ahz86/prd,2026-09-21T05:48:22.763429+00:00,37
Nitesh Plaza,Vasanth Nagar,NEL Holdings Limited (Nitesh Estates),Office Space,,,,,,,,,Under Construction,2 Basement + Ground + 17 Floors,~17000,,Nitesh Plaza,,Security; Reserved Parking; Visitor Parking; Centralized AC; 24 hours water supply; CCTV,"https://www.google.com/maps?q=12.9855704,77.5940196",https://properties.cityinfoservices.com/nitesh-plaza-for-rent-in-vasanth-nagar-bangalore/opcgs2j/prd,2026-09-21T05:48:22.994436+00:00,37
Nitesh Plaza,Vasanth Nagar,NEL Holdings Limited (Nitesh Estates),Office Space,,,,,,,,,Under Construction,2 Basement + Ground + 17 Floors,~17000,,Nitesh Plaza,,Security; Reserved Parking; Visitor Parking; Centralized AC; 24 hours water supply; CCTV,"https://www.google.com/maps?q=12.9855704,77.5940196",https://properties.cityinfoservices.com/nitesh-plaza-for-rent-in-vasanth-nagar-bangalore/5q5jan8/prd,2026-09-21T05:48:23.712464+00:00,37
Prestige Tech Park 1 - Neptune (West Wing),Kadubeesanahalli,Prestige Estates Projects Limited,Office Space,,,,,,,,,Ready for fit outs,Basement + Ground + 6 Floors,"~38,610",,Prestige Tech Park 1 - Neptune Tower 2,,Security; Reserved Parking; Visitor Parking; Centralized AC; 24 hours water supply; CCTV,"https://www.google.com/maps?q=12.9434397,77.6907387",https://properties.cityinfoservices.com/prestige-tech-park-1-neptune-west-wing--for-rent-in-kadubeesanahalli-road-bangalore/jlxfbow/prd,2026-09-21T05:48:24.446314+00:00,37
Prestige Tech Park 1 - Neptune (East Wing),Kadubeesanahalli,Prestige Estates Projects Limited,Office Space,,,,,,,,,Ready for fit outs,Basement + Ground + 4 Floors,"~42,089",,Prestige Tech Park 1 - Neptune (East Wing),,Security; Reserved Parking; Visitor Parking; Centralized AC; 24 hours water supply; CCTV,"https://www.google.com/maps?q=12.9434397,77.6907387",https://properties.cityinfoservices.com/prestige-tech-park-1-neptune-east-wing--for-rent-in-kadubeesanahalli-road-bangalore/a2ohkok/prd,2026-09-21T05:48:24.870440+00:00,37
Nitesh Plaza,Vasanth Nagar,NEL Holdings Limited (Nitesh Estates),Office Space,,,,,,,,,Under Construction,2 Basement + Ground + 17 Floors,~17000,,Nitesh Plaza,,Security; Reserved Parking; Visitor Parking; Centralized AC; 24 hours water supply; CCTV,"https://www.google.com/maps?q=12.9855704,77.5940196",https://properties.cityinfoservices.com/nitesh-plaza-for-rent-in-vasanth-nagar-bangalore/mjwiywz/prd,2026-09-21T05:48:24.936102+00:00,37
L&T Tech Park - Tower S1,Hebbal,Larsen and Toubro Limited (L and T Realty Limited),Office Space,,,,,,,,,Ready for fit outs,4 Basement + Ground + 10 Floors,"~57,000",,L&T Tech Park - Tower S1,,Security; Reserved Parking; Visitor Parking; Centralized AC; 24 hours water supply; CCTV,"https://www.google.com/maps?q=13.068999575235184,77.59230718302003",https://properties.cityinfoservices.com/l-amp-t-tech-park-tower-s1-for-rent-in-hebbal-bangalore/w8kw88f/prd,2026-09-21T05:48:26.318558+00:00,36
L&T Tech Park - Tower S1,Hebbal,Larsen and Toubro Limited (L and T Realty Limited),Office Space,,,,,,,,,Ready for fit outs,4 Basement + Ground + 10 Floors,"~57,000",,L&T Tech Park - Tower S1,,Security; Reserved Parking; Visitor Parking; Centralized AC; 24 hours water supply; CCTV,"https://www.google.com/maps?q=13.068999575235184,77.59230718302003",https://properties.cityinfoservices.com/l-amp-t-tech-park-tower-s1-for-rent-in-hebbal-bangalore/lh2p5ra/prd,2026-09-21T05:48:26.806586+00:00,36
L&T Tech Park - Tower S1,Hebbal,Larsen and Toubro Limited (L and T Realty Limited),Office Space,,,,,,,,,Ready for fit outs,4 Basement + Ground + 10 Floors,"~57,000",,L&T Tech Park - Tower S1,,Security; Reserved Parking; Visitor Parking; Centralized AC; 24 hours water supply; CCTV,"https://www.google.com/maps?q=13.068999575235184,77.59230718302003",https://properties.cityinfoservices.com/l-amp-t-tech-park-tower-s1-for-rent-in-hebbal-bangalore/93grxy2/prd,2026-09-21T05:48:27.035910+00:00,36
L&T Tech Park - Tower S1,Hebbal,Larsen and Toubro Limited (L and T Realty Limited),Office Space,,,,,,,,,Ready for fit outs,4 Basement + Ground + 10 Floors,"~57,000",,L&T Tech Park - Tower S1,,Security; Reserved Parking; Visitor Parking; Centralized AC; 24 hours water supply; CCTV,"https://www.google.com/maps?q=13.068999575235184,77.59230718302003",https://properties.cityinfoservices.com/l-amp-t-tech-park-tower-s1-for-rent-in-hebbal-bangalore/vvelue9/prd,2026-09-21T05:48:27.306284+00:00,36
Salarpuria Touchstone - Block B,Kadubeesanahalli,Salarpuria Sattva Group,Office Space,,,,,,,,,Ready for fit outs,Basement + Ground + 5 Floors,"~40,000",,Salarpuria Touchstone - Block B,,Security; Reserved Parking; Visitor Parking; Centralized AC; 24 hours water supply; CCTV,"https://www.google.com/maps?q=12.936746045041215,77.69061862114867",https://properties.cityinfoservices.com/salarpuria-touchstone-block-b-for-rent-in-kadubeesanahalli-road-bangalore/jvj8qgb/prd,2026-09-21T05:48:27.909431+00:00,36
Sattva Tech Park - Jal Block,Whitefield,Salarpuria Sattva Group,Office Space,,,,,,,,,Ready for fit outs,Ground + 4 Floors,"~38,000 to ~48,000",,Sattva Tech Park - Jal Block,,Security; Reserved Parking; Visitor Parking; Centralized AC; 24 hours water supply; CCTV,"https://www.google.com/maps?q=12.9862219,77.74315159999999",https://properties.cityinfoservices.com/sattva-tech-park-jal-block-for-rent-in-whitefield-bangalore/xwvs2cz/prd,2026-09-21T05:48:28.381984+00:00,37
Pritech Park - Block 15 (Annex Building),Bellandur,RGA Software Systems Pvt. Ltd. (Primal Projects Pvt. Ltd.),Office Space,,,,,,,,,Ready to move,2 Basement + Ground + 8 Floors,~25704,,Pritech Park - Block 15 (Annex Building),,Security; Reserved Parking; Visitor Parking; Centralized AC; 24 hours water supply; CCTV,"https://www.google.com/maps?q=12.924600473859755,77.68251734100035",https://properties.cityinfoservices.com/-pritech-park-block-15-annex-building--for-rent-in-bellandur-bangalore/cphfsc4/prd,2026-09-21T05:48:28.929915+00:00,35
Manyata Embassy Business Park - Hazel (L3),Nagavara,Embassy Property Developments Pvt. Ltd.,Office Space,,,,,,,,,Ready for fit outs,2 Basement + Ground + 11 Floors,"~40,000",,Manyata Embassy Business Park - Hazel (L3),,Security; Reserved Parking; Visitor Parking; Centralized AC; 24 hours water supply; CCTV,"https://www.google.com/maps?q=13.0483898,77.6222566",https://properties.cityinfoservices.com/manyata-embassy-business-park-hazel-l3--for-rent-in-nagavara-bangalore/e3ghoic/prd,2026-09-21T05:48:29.257426+00:00,35
Total Environment Workcation,ITPL Main Road,Total Environment Building Systems Pvt. Ltd.,Office Space,,,,,,,,,Ready for fit outs,3 Basement + Ground + 17 Floors,~20000,,Total Environment Workcation,,Security; Reserved Parking; Visitor Parking; Centralized AC; 24 hours water supply; CCTV,"https://www.google.com/maps?q=12.991399,77.7205015",https://properties.cityinfoservices.com/total-environment-workcation-for-rent-in-itpl-main-road-bangalore/7uddlxc/prd,2026-09-21T05:48:29.547301+00:00,35
L&T Tech Park - Tower S1,Hebbal,Larsen and Toubro Limited (L and T Realty Limited),Office Space,,,,,,,,,Ready for fit outs,4 Basement + Ground + 10 Floors,"~57,000",,L&T Tech Park - Tower S1,,Security; Reserved Parking; Visitor Parking; Centralized AC; 24 hours water supply; CCTV,"https://www.google.com/maps?q=13.068999575235184,77.59230718302003",https://properties.cityinfoservices.com/l-amp-t-tech-park-tower-s1-for-rent-in-hebbal-bangalore/ntw2j4c/prd,2026-09-21T05:48:30.484091+00:00,36
Titanium Tech Park - Block 5,Kadugodi,Goyal and Co.,Office Space,,,,,,,,,Under Construction,3 Basement + Ground + 20 Floors,~58000,,Titanium Tech Park - Block 5,,Security; Reserved Parking; Visitor Parking; Centralized AC; 24 hours water supply; CCTV,"https://www.google.com/maps?q=12.9890693,77.7484029",https://properties.cityinfoservices.com/titanium-tech-park-block-5-for-rent-in-kadugodi-bangalore/cftjsm6/prd,2026-09-21T05:48:31.341632+00:00,33
Sattva Aura - Block A,Kadubeesanahalli,Salarpuria Sattva Group,Office Space,,,,,,,,,Ready for fit outs,2 Basement + Ground + 6 Floors,"~22,052",,Sattva Aura - Block A,,Security; Reserved Parking; Visitor Parking; Centralized AC; 24 hours water supply; CCTV,"https://www.google.com/maps?q=12.93643392475101,77.69101764973756",https://properties.cityinfoservices.com/sattva-aura-block-a-for-rent-in-kadubeesanahalli-road-bangalore/yfuizvq/prd,2026-09-21T05:48:31.613374+00:00,35
Titanium Tech Park - Block 5,Kadugodi,Goyal and Co.,Office Space,,,,,,,,,Under Construction,3 Basement + Ground + 20 Floors,~58000,,Titanium Tech Park - Block 5,,Security; Reserved Parking; Visitor Parking; Centralized AC; 24 hours water supply; CCTV,"https://www.google.com/maps?q=12.9890693,77.7484029",https://properties.cityinfoservices.com/titanium-tech-park-block-5-for-rent-in-kadugodi-bangalore/3jjpvxu/prd,2026-09-21T05:48:31.776282+00:00,33
Titanium Tech Park - Block 4,Kadugodi,Goyal and Co.,Office Space,,,,,,,,,Under Construction,3 Basement + Ground + 20 Floors,~58000,,Titanium Tech Park - Block 4,,Security; Reserved Parking; Visitor Parking; Centralized AC; 24 hours water supply; CCTV,"https://www.google.com/maps?q=12.9890693,77.7484029",https://properties.cityinfoservices.com/titanium-tech-park-block-4-for-rent-in-kadugodi-bangalore/ewsyd4b/prd,2026-09-21T05:48:32.410358+00:00,31
Titanium Tech Park - Block 4,Kadugodi,Goyal and Co.,Office Space,,,,,,,,,Under Construction,3 Basement + Ground + 20 Floors,~58000,,Titanium Tech Park - Block 4,,Security; Reserved Parking; Visitor Parking; Centralized AC; 24 hours water supply; CCTV,"https://www.google.com/maps?q=12.9890693,77.7484029",https://properties.cityinfoservices.com/titanium-tech-park-block-4-for-rent-in-kadugodi-bangalore/848l93h/prd,2026-09-21T05:48:32.775784+00:00,32
Titanium Tech Park - Block 4,Kadugodi,Goyal and Co.,Office Space,,,,,,,,,Under Construction,3 Basement + Ground + 20 Floors,~58000,,Titanium Tech Park - Block 4,,Security; Reserved Parking; Visitor Parking; Centralized AC; 24 hours water supply; CCTV,"https://www.google.com/maps?q=12.9890693,77.7484029",https://properties.cityinfoservices.com/titanium-tech-park-block-4-for-rent-in-kadugodi-bangalore/2833nxf/prd,2026-09-21T05:48:33.166761+00:00,31
Titanium Tech Park - Block 4,Kadugodi,Goyal and Co.,Office Space,,,,,,,,,Under Construction,3 Basement + Ground + 20 Floors,~58000,,Titanium Tech Park - Block 4,,Security; Reserved Parking; Visitor Parking; Centralized AC; 24 hours water supply; CCTV,"https://www.google.com/maps?q=12.9890693,77.7484029",https://properties.cityinfoservices.com/titanium-tech-park-block-4-for-rent-in-kadugodi-bangalore/3mfkqqn/prd,2026-09-21T05:48:33.815724+00:00,31
Titanium Tech Park - Block 4,Kadugodi,Goyal and Co.,Office Space,,,,,,,,,Under Construction,3 Basement + Ground + 20 Floors,~58000,,Titanium Tech Park - Block 4,,Security; Reserved Parking; Visitor Parking; Centralized AC; 24 hours water supply; CCTV,"https://www.google.com/maps?q=12.9890693,77.7484029",https://properties.cityinfoservices.com/titanium-tech-park-block-4-for-rent-in-kadugodi-bangalore/pvroob9/prd,2026-09-21T05:48:34.454544+00:00,31
Titanium Tech Park - Block 5,Kadugodi,Goyal and Co.,Office Space,,,,,,,,,Under Construction,3 Basement + Ground + 20 Floors,~58000,,Titanium Tech Park - Block 5,,Security; Reserved Parking; Visitor Parking; Centralized AC; 24 hours water supply; CCTV,"https://www.google.com/maps?q=12.9890693,77.7484029",https://properties.cityinfoservices.com/titanium-tech-park-block-5-for-rent-in-kadugodi-bangalore/k5qqarn/prd,2026-09-21T05:48:35.229827+00:00,33
Titanium Tech Park - Block 3,Kadugodi,Goyal and Co.,Office Space,,,,,,,,,Under Construction,3 Basement + Ground + 20 Floors,~58000,,Titanium Tech Park - Block 3,,Security; Reserved Parking; Visitor Parking; Centralized AC; 24 hours water supply; CCTV,"https://www.google.com/maps?q=12.9890693,77.7484029",https://properties.cityinfoservices.com/titanium-tech-park-block-3-for-rent-in-kadugodi-bangalore/mzjgsav/prd,2026-09-21T05:48:35.551880+00:00,30
Titanium Tech Park - Block 3,Kadugodi,Goyal and Co.,Office Space,,,,,,,,,Under Construction,3 Basement + Ground + 20 Floors,~58000,,Titanium Tech Park - Block 3,,Security; Reserved Parking; Visitor Parking; Centralized AC; 24 hours water supply; CCTV,"https://www.google.com/maps?q=12.9890693,77.7484029",https://properties.cityinfoservices.com/titanium-tech-park-block-3-for-rent-in-kadugodi-bangalore/yhecxbt/prd,2026-09-21T05:48:36.886346+00:00,30
Titanium Tech Park - Block 3,Kadugodi,Goyal and Co.,Office Space,,,,,,,,,Under Construction,3 Basement + Ground + 20 Floors,~58000,,Titanium Tech Park - Block 3,,Security; Reserved Parking; Visitor Parking; Centralized AC; 24 hours water supply; CCTV,"https://www.google.com/maps?q=12.9890693,77.7484029",https://properties.cityinfoservices.com/titanium-tech-park-block-3-for-rent-in-kadugodi-bangalore/lyg2mcn/prd,2026-09-21T05:48:36.896951+00:00,30
Titanium Tech Park - Block 3,Kadugodi,Goyal and Co.,Office Space,,,,,,,,,Under Construction,3 Basement + Ground + 20 Floors,~58000,,Titanium Tech Park - Block 3,,Security; Reserved Parking; Visitor Parking; Centralized AC; 24 hours water supply; CCTV,"https://www.google.com/maps?q=12.9890693,77.7484029",https://properties.cityinfoservices.com/titanium-tech-park-block-3-for-rent-in-kadugodi-bangalore/rjv8cj5/prd,2026-09-21T05:48:37.144418+00:00,30
Titanium Tech Park - Block 3,Kadugodi,Goyal and Co.,Office Space,,,,,,,,,Under Construction,3 Basement + Ground + 20 Floors,~58000,,Titanium Tech Park - Block 3,,Security; Reserved Parking; Visitor Parking; Centralized AC; 24 hours water supply; CCTV,"https://www.google.com/maps?q=12.9890693,77.7484029",https://properties.cityinfoservices.com/titanium-tech-park-block-3-for-rent-in-kadugodi-bangalore/6ex6rnl/prd,2026-09-21T05:48:37.813015+00:00,30
Titanium Tech Park - Block 3,Kadugodi,Goyal and Co.,Office Space,,,,,,,,,Under Construction,3 Basement + Ground + 20 Floors,~58000,,Titanium Tech Park - Block 3,,Security; Reserved Parking; Visitor Parking; Centralized AC; 24 hours water supply; CCTV,"https://www.google.com/maps?q=12.9890693,77.7484029",https://properties.cityinfoservices.com/titanium-tech-park-block-3-for-rent-in-kadugodi-bangalore/u9ul8ks/prd,2026-09-21T05:48:38.556511+00:00,30
Titanium Tech Park - Block 4,Kadugodi,Goyal and Co.,Office Space,,,,,,,,,Under Construction,3 Basement + Ground + 20 Floors,~58000,,Titanium Tech Park - Block 4,,Security; Reserved Parking; Visitor Parking; Centralized AC; 24 hours water supply; CCTV,"https://www.google.com/maps?q=12.9890693,77.7484029",https://properties.cityinfoservices.com/titanium-tech-park-block-4-for-rent-in-kadugodi-bangalore/zpi4lji/prd,2026-09-21T05:48:39.062596+00:00,31
Titanium Tech Park - Block 4,Kadugodi,Goyal and Co.,Office Space,,,,,,,,,Under Construction,3 Basement + Ground + 20 Floors,~58000,,Titanium Tech Park - Block 4,,Security; Reserved Parking; Visitor Parking; Centralized AC; 24 hours water supply; CCTV,"https://www.google.com/maps?q=12.9890693,77.7484029",https://properties.cityinfoservices.com/titanium-tech-park-block-4-for-rent-in-kadugodi-bangalore/wp2lnx9/prd,2026-09-21T05:48:39.573394+00:00,31
Titanium Tech Park - Block 3,Kadugodi,Goyal and Co.,Office Space,,,,,,,,,Under Construction,3 Basement + Ground + 20 Floors,~58000,,Titanium Tech Park - Block 3,,Security; Reserved Parking; Visitor Parking; Centralized AC; 24 hours water supply; CCTV,"https://www.google.com/maps?q=12.9890693,77.7484029",https://properties.cityinfoservices.com/titanium-tech-park-block-3-for-rent-in-kadugodi-bangalore/lkfzi7j/prd,2026-09-21T05:48:39.819540+00:00,29
Titanium Tech Park - Block 3,Kadugodi,Goyal and Co.,Office Space,,,,,,,,,Under Construction,3 Basement + Ground + 20 Floors,~58000,,Titanium Tech Park - Block 3,,Security; Reserved Parking; Visitor Parking; Centralized AC; 24 hours water supply; CCTV,"https://www.google.com/maps?q=12.9890693,77.7484029",https://properties.cityinfoservices.com/titanium-tech-park-block-3-for-rent-in-kadugodi-bangalore/2pycn2p/prd,2026-09-21T05:48:40.015916+00:00,29
Titanium Tech Park - Block 3,Kadugodi,Goyal and Co.,Office Space,,,,,,,,,Under Construction,3 Basement + Ground + 20 Floors,~58000,,Titanium Tech Park - Block 3,,Security; Reserved Parking; Visitor Parking; Centralized AC; 24 hours water supply; CCTV,"https://www.google.com/maps?q=12.9890693,77.7484029",https://properties.cityinfoservices.com/titanium-tech-park-block-3-for-rent-in-kadugodi-bangalore/ioxo5sr/prd,2026-09-21T05:48:40.921862+00:00,29
Titanium Tech Park - Block 3,Kadugodi,Goyal and Co.,Office Space,,,,,,,,,Under Construction,3 Basement + Ground + 20 Floors,~58000,,Titanium Tech Park - Block 3,,Security; Reserved Parking; Visitor Parking; Centralized AC; 24 hours water supply; CCTV,"https://www.google.com/maps?q=12.9890693,77.7484029",https://properties.cityinfoservices.com/titanium-tech-park-block-3-for-rent-in-kadugodi-bangalore/r7ptnpo/prd,2026-09-21T05:48:41.614929+00:00,29
Titanium Tech Park - Block 3,Kadugodi,Goyal and Co.,Office Space,,,,,,,,,Under Construction,3 Basement + Ground + 20 Floors,~58000,,Titanium Tech Park - Block 3,,Security; Reserved Parking; Visitor Parking; Centralized AC; 24 hours water supply; CCTV,"https://www.google.com/maps?q=12.9890693,77.7484029",https://properties.cityinfoservices.com/titanium-tech-park-block-3-for-rent-in-kadugodi-bangalore/8kl7566/prd,2026-09-21T05:48:42.326603+00:00,30
Titanium Tech Park - Block 3,Kadugodi,Goyal and Co.,Office Space,,,,,,,,,Under Construction,3 Basement + Ground + 20 Floors,~58000,,Titanium Tech Park - Block 3,,Security; Reserved Parking; Visitor Parking; Centralized AC; 24 hours water supply; CCTV,"https://www.google.com/maps?q=12.9890693,77.7484029",https://properties.cityinfoservices.com/titanium-tech-park-block-3-for-rent-in-kadugodi-bangalore/z8nw6at/prd,2026-09-21T05:48:42.983272+00:00,29
Titanium Tech Park - Block 3,Kadugodi,Goyal and Co.,Office Space,,,,,,,,,Under Construction,3 Basement + Ground + 20 Floors,~58000,,Titanium Tech Park - Block 3,,Security; Reserved Parking; Visitor Parking; Centralized AC; 24 hours water supply; CCTV,"https://www.google.com/maps?q=12.9890693,77.7484029",https://properties.cityinfoservices.com/titanium-tech-park-block-3-for-rent-in-kadugodi-bangalore/xj3d6r4/prd,2026-09-21T05:48:43.124109+00:00,29
Titanium Tech Park - Block 3,Kadugodi,Goyal and Co.,Office Space,,,,,,,,,Under Construction,3 Basement + Ground + 20 Floors,~58000,,Titanium Tech Park - Block 3,,Security; Reserved Parking; Visitor Parking; Centralized AC; 24 hours water supply; CCTV,"https://www.google.com/maps?q=12.9890693,77.7484029",https://properties.cityinfoservices.com/titanium-tech-park-block-3-for-rent-in-kadugodi-bangalore/wrny4l5/prd,2026-09-21T05:48:43.443402+00:00,29
Titanium Tech Park - Block 3,Kadugodi,Goyal and Co.,Office Space,,,,,,,,,Under Construction,3 Basement + Ground + 20 Floors,~58000,,Titanium Tech Park - Block 3,,Security; Reserved Parking; Visitor Parking; Centralized AC; 24 hours water supply; CCTV,"https://www.google.com/maps?q=12.9890693,77.7484029",https://properties.cityinfoservices.com/titanium-tech-park-block-3-for-rent-in-kadugodi-bangalore/l836hok/prd,2026-09-21T05:48:43.572153+00:00,29
Prestige Tech Cloud Park - Building 6 (Nimbus),New Airport Road,Prestige Estates Projects Limited,Office Space,,,,,,,,,Under Construction,2 Basement + Ground + 8 Floors,~42905,,Prestige Tech Cloud Park - Building 6 (Nimbus),,Security; Reserved Parking; Visitor Parking; Centralized AC; 24 hours water supply; CCTV,"https://www.google.com/maps?q=13.190798,77.646118",https://properties.cityinfoservices.com/prestige-tech-cloud-park-building-6-nimbus--for-rent-in-international-airport-road-bangalore/gge4xkt/prd,2026-09-21T05:48:44.178500+00:00,28
Brigade Deccan Heights,Yeshwanthpur,Brigade Enterprises Limited,Office Space,,,,,,,,,Ready for fit outs,2 Basement + Ground + 23 Floors,~25000,,Brigade Deccan Heights,,Security; Reserved Parking; Visitor Parking; Centralized AC; 24 hours water supply; CCTV,"https://www.google.com/maps?q=13.0267798,77.54473669999993",https://properties.cityinfoservices.com/brigade-deccan-heights-for-rent-in-yeshwanthpur-bangalore/puzcn47/prd,2026-09-21T05:48:44.591308+00:00,28
Titanium Tech Park - Block 3,Kadugodi,Goyal and Co.,Office Space,,,,,,,,,Under Construction,3 Basement + Ground + 20 Floors,~58000,,Titanium Tech Park - Block 3,,Security; Reserved Parking; Visitor Parking; Centralized AC; 24 hours water supply; CCTV,"https://www.google.com/maps?q=12.9890693,77.7484029",https://properties.cityinfoservices.com/titanium-tech-park-block-3-for-rent-in-kadugodi-bangalore/n3estyx/prd,2026-09-21T05:48:45.290267+00:00,29
Brigade Deccan Heights,Yeshwanthpur,Brigade Enterprises Limited,Office Space,,,,,,,,,Ready for fit outs,2 Basement + Ground + 23 Floors,~25000,,Brigade Deccan Heights,,Security; Reserved Parking; Visitor Parking; Centralized AC; 24 hours water supply; CCTV,"https://www.google.com/maps?q=13.0267798,77.54473669999993",https://properties.cityinfoservices.com/brigade-deccan-heights-for-rent-in-yeshwanthpur-bangalore/ovj66z3/prd,2026-09-21T05:48:45.491739+00:00,28
Arvind The Edge,Peenya,Arvind SmartSpaces Ltd.,Office Space,,,,,,,,,Under Construction,4 Basement + Ground + 13 Floors,~8382,,Arvind The Edge,,Security; Reserved Parking; Visitor Parking; 24 hours water supply; CCTV,"https://www.google.com/maps?q=13.0582654,77.4685501",https://properties.cityinfoservices.com/arvind-the-edge-for-rent-in-peenya-bangalore/i4l8gqb/prd,2026-09-21T05:48:46.508381+00:00,27
Arvind The Edge,Peenya,Arvind SmartSpaces Ltd.,Office Space,,,,,,,,,Under Construction,4 Basement + Ground + 13 Floors,~8382,,Arvind The Edge,,Security; Reserved Parking; Visitor Parking; 24 hours water supply; CCTV,"https://www.google.com/maps?q=13.0582654,77.4685501",https://properties.cityinfoservices.com/arvind-the-edge-for-rent-in-peenya-bangalore/pkxwhmi/prd,2026-09-21T05:48:46.710734+00:00,27
Brigade Deccan Heights,Yeshwanthpur,Brigade Enterprises Limited,Office Space,,,,,,,,,Ready for fit outs,2 Basement + Ground + 23 Floors,~25000,,Brigade Deccan Heights,,Security; Reserved Parking; Visitor Parking; Centralized AC; 24 hours water supply; CCTV,"https://www.google.com/maps?q=13.0267798,77.54473669999993",https://properties.cityinfoservices.com/brigade-deccan-heights-for-rent-in-yeshwanthpur-bangalore/sxifwqr/prd,2026-09-21T05:48:47.543197+00:00,28
Arvind The Edge,Peenya,Arvind SmartSpaces Ltd.,Office Space,,,,,,,,,Under Construction,4 Basement + Ground + 13 Floors,~8382,,Arvind The Edge,,Security; Reserved Parking; Visitor Parking; Centralized AC; 24 hours water supply; CCTV,"https://www.google.com/maps?q=13.0582654,77.4685501",https://properties.cityinfoservices.com/arvind-the-edge-for-rent-in-peenya-bangalore/3lyycl2/prd,2026-09-21T05:48:47.951893+00:00,27
Arvind The Edge,Peenya,Arvind SmartSpaces Ltd.,Office Space,,,,,,,,,Under Construction,4 Basement + Ground + 13 Floors,~8382,,Arvind The Edge,,Security; Reserved Parking; Visitor Parking; 24 hours water supply; CCTV,"https://www.google.com/maps?q=13.0582654,77.4685501",https://properties.cityinfoservices.com/arvind-the-edge-for-rent-in-peenya-bangalore/6z27qqy/prd,2026-09-21T05:48:48.587632+00:00,27
Arvind The Edge,Peenya,Arvind SmartSpaces Ltd.,Office Space,,,,,,,,,Under Construction,4 Basement + Ground + 13 Floors,~8382,,Arvind The Edge,,Security; Reserved Parking; Visitor Parking; 24 hours water supply; CCTV,"https://www.google.com/maps?q=13.0582654,77.4685501",https://properties.cityinfoservices.com/arvind-the-edge-for-rent-in-peenya-bangalore/3gxve7z/prd,2026-09-21T05:48:49.189315+00:00,27
Arvind The Edge,Peenya,Arvind SmartSpaces Ltd.,Office Space,,,,,,,,,Under Construction,4 Basement + Ground + 13 Floors,~8382,,Arvind The Edge,,Security; Reserved Parking; Visitor Parking; 24 hours water supply; CCTV,"https://www.google.com/maps?q=13.0582654,77.4685501",https://properties.cityinfoservices.com/arvind-the-edge-for-rent-in-peenya-bangalore/7fk9i4a/prd,2026-09-21T05:48:49.868182+00:00,27
Prestige Tech Forest - Core 2 (Tower B),Varthur,Prestige Estates Projects Limited,Office Space,,,,,,,,,Ready for fit outs,2 Basement + Ground + 14 Floors,"~63,000",,Prestige Tech Forest - Core 2 (Tower B),,Security; Reserved Parking; Visitor Parking; Centralized AC; 24 hours water supply; CCTV,"https://www.google.com/maps?q=12.950778,77.747028",https://properties.cityinfoservices.com/prestige-tech-forest-core-2-tower-b--for-rent-in-varthur-road-bangalore/m9njnmv/prd,2026-09-21T05:48:51.403079+00:00,40
Titanium Tech Park - Block 5,Kadugodi,Goyal and Co.,Office Space,,,,,,,,,Under Construction,3 Basement + Ground + 20 Floors,~58000,,Titanium Tech Park - Block 5,,Security; Reserved Parking; Visitor Parking; Centralized AC; 24 hours water supply; CCTV,"https://www.google.com/maps?q=12.9890693,77.7484029",https://properties.cityinfoservices.com/titanium-tech-park-block-5-for-rent-in-kadugodi-bangalore/lyxlx5z/prd,2026-09-21T05:48:51.848622+00:00,34
Arvind The Edge,Peenya,Arvind SmartSpaces Ltd.,Office Space,,,,,,,,,Under Construction,4 Basement + Ground + 13 Floors,~8382,,Arvind The Edge,,Security; Reserved Parking; Visitor Parking; 24 hours water supply; CCTV,"https://www.google.com/maps?q=13.0582654,77.4685501",https://properties.cityinfoservices.com/arvind-the-edge-for-rent-in-peenya-bangalore/eawqzsx/prd,2026-09-21T05:48:52.193551+00:00,27
315 Work Avenue - HSR3,HSR Layout,315 Work Avenue Spaces Pvt. Ltd.,Business Center & Co-working Space,110,,,,,,,,Ready to Occupy from Oct 2025,,,,315 Work Avenue - HSR3,,Security; Reserved Parking; Visitor Parking; Centralized AC; 24 hours water supply; CCTV,"https://www.google.com/maps?q=12.912850127163775,77.6327745380066",https://properties.cityinfoservices.com/315-work-avenue-hsr3-for-rent-in-hsr-layout-bangalore/xiep27q/prd,2026-09-21T05:48:52.474233+00:00,36
Arvind The Edge,Peenya,Arvind SmartSpaces Ltd.,Office Space,,,,,,,,,Under Construction,4 Basement + Ground + 13 Floors,~8382,,Arvind The Edge,,Security; Reserved Parking; Visitor Parking; 24 hours water supply; CCTV,"https://www.google.com/maps?q=13.0582654,77.4685501",https://properties.cityinfoservices.com/arvind-the-edge-for-rent-in-peenya-bangalore/jgrzohh/prd,2026-09-21T05:48:52.967172+00:00,27
Prestige Tech Forest - Core 3 (Tower C),Varthur,Prestige Estates Projects Limited,Office Space,,,,,,,,,Ready for fit outs,2 Basement + Ground + 14 Floors,"~46,000 to ~51,000",,Prestige Tech Forest - Core 3 (Tower C),,Security; Reserved Parking; Visitor Parking; Centralized AC; 24 hours water supply; CCTV,"https://www.google.com/maps?q=12.950778,77.747028",https://properties.cityinfoservices.com/prestige-tech-forest-core-3-tower-c--for-rent-in-varthur-road-bangalore/yf9euay/prd,2026-09-21T05:48:53.657097+00:00,40
Vaswani Presidio,Kadubeesanahalli,Vaswani Estates Developers Pvt. Ltd. (Vaswani Group),Office Space,,,,,,,,,Ready to move,2 Basement + Ground + 6 Floors,"~18,000",,Vaswani Presidio,,Security; Reserved Parking; Visitor Parking; Centralized AC; 24 hours water supply; CCTV,"https://www.google.com/maps?q=12.937660,77.699599",https://properties.cityinfoservices.com/vaswani-presidio-for-rent-in-kadubeesanahalli-road-bangalore/968tchk/prd,2026-09-21T05:48:54.235320+00:00,41
Bagmane World Technology Centre - Citrine Block,Doddanekkundi,Bagmane Developers Pvt. Ltd.,Office Space,,,,,,,,,Ready to move,Basement + Ground + 14 Floors,"~56,929",,"An ideal location on Marathahalli Outer Ring road, Doddanekundi, Mahadevapura, coupled with a premium ~52 acre, SEZ campus with LEED-certified towers gives Bagmane World Technology Centre an excellent edge when it comes to office spaces in Bangalore. The sizeable campus currently has an office space across ~3.5 million sq. ft. already developed and operational and ~1.5 million sq. ft. currently under construction. The campus also holds 3 million sq. ft. of space for future growth potential. The Grade-A tech park housing 11 complexes, provides for a wide range of basic and new-age amenities including a food court, day-care centre, fitness centre, sports amenities, and coffee shops. The facility is strategically located with an ease of access to various residences, bus stops, restaurants, and hotels in the neighbourhood. Standing tall at 15 stories high, the Citrine Block is spread out over an expansive total built-up area of ~7,97,006 sq.ft. Each floor within this prime block measures an area of 56,929 sq.ft. Quotient Technology, Microland Ltd, Marlabs Software, Ericsson India Global Services, ARM Embedded Technologies and Mphasis Ltd. are few of the organisations currently housed within this building.",,Security; Reserved Parking; Visitor Parking; Centralized AC; 24 hours water supply; CCTV,"https://www.google.com/maps?q=12.983663,77.693397",https://properties.cityinfoservices.com/bagmane-world-technology-centre-citrine-block-for-rent-in-doddanekkundi-bangalore/wt4o4hv/prd,2026-09-21T05:48:54.732354+00:00,42
Nitesh Plaza,Vasanth Nagar,NEL Holdings Limited (Nitesh Estates),Office Space,,,,,,,,,Under Construction,2 Basement + Ground + 17 Floors,~17000,,Nitesh Plaza,,Security; Reserved Parking; Visitor Parking; Centralized AC; 24 hours water supply; CCTV,"https://www.google.com/maps?q=12.9855704,77.5940196",https://properties.cityinfoservices.com/nitesh-plaza-for-rent-in-vasanth-nagar-bangalore/fhxsb85/prd,2026-09-21T05:48:55.087021+00:00,38
Beginest Harbor - 9,J. P. Nagar,Beginest CoWorking Private Limited,Business Center & Co-working Space,1000,,,,,,,,90 days from the date of signing agreement,,,,"Beginest Harbor 9 is a premium, flexible managed workspace tailored for enterprise teams, global capability centres (GCCs), SMEs, and scaling businesses with Design-Led Interiors & Flexible Infrastructure",,Security; Reserved Parking; Centralized AC; 24 hours water supply; CCTV,"https://www.google.com/maps?q=12.916659567389116,77.59240120799156",https://properties.cityinfoservices.com/beginest-harbor-9-for-rent-in-j-p-nagar-bangalore/qjf8juu/prd,2026-09-21T05:48:55.252546+00:00,42
Buzzworks - Brigade WTC Annexe,Rajajinagar,BuzzWorks Coworking Space (Brigade Enterprises Ltd.),Business Center & Co-working Space,20,,25,,,,,,Ready to Occupy,,,,"Buzzworks - Brigade WTC Annexe is one of the premium office space in Bangalore's leading commercial hubs. The property offers modern infrastructure, flexible office layouts, excellent transport connectivity, and premium amenities, making it an ideal choice for IT companies, multinational corporations, startups, consulting firms, and enterprises looking for a prominent business location in Bangalore.",,Security; Reserved Parking; Visitor Parking; Centralized AC; 24 hours water supply; CCTV,"https://www.google.com/maps?q=13.014882,77.555984",https://properties.cityinfoservices.com/buzzworks-brigade-wtc-annexe-for-rent-in-rajajinagar-bangalore/mdgzp3x/prd,2026-09-21T05:48:56.017063+00:00,42
Sattva Tech Park - Akash (Wing B),Whitefield,Salarpuria Sattva Group,Office Space,,,,,,,,,Ready for fit outs,Basement + Ground + 11 Floors,"~30,000 to ~44,000",,"Developed by Salarpuria Sattva Group located in East Bangalore at the ITPL-Whitefield Main Road, Mahadevpura. This 10-acre campus provides an all-inclusive work environment - from optimised workplace solutions to a variety of amenities including food courts, coffee shops and ATMs. Easy access to malls, schools, transport hubs and residential areas nearby works in favour of this prime commercial property. Akash Wing B is a 12-story block at Sattva Tech Park .The total built-up area of this block stands at ~4,00,265 sq.ft. with each floor spreading across ~30,000 sq.ft. to ~44,000 sq.ft.",,Security; Reserved Parking; Visitor Parking; Centralized AC; 24 hours water supply; CCTV,"https://www.google.com/maps?q=12.984989507782984,77.74377214603271",https://properties.cityinfoservices.com/sattva-tech-park-akash-wing-b--for-rent-in-whitefield-bangalore/wcj8mlh/prd,2026-09-21T05:48:56.300412+00:00,42
IndiQube - Maruthi Onyx,Whitefield,IndiQube Spaces Limited,Business Center & Co-working Space,350,,,,,,,,Ready to Move In,,,,IndiQube - Maruthi Onyx,,Security; Reserved Parking; Visitor Parking; Centralized AC; 24 hours water supply; CCTV,"https://www.google.com/maps?q=12.986809,77.706868",https://properties.cityinfoservices.com/indiqube-maruthi-onyx-for-rent-in-whitefield-bangalore/69hx25h/prd,2026-09-21T05:48:57.041946+00:00,42
IndiQube - Elevate (Shilpitha),Devarabisanahalli,IndiQube Spaces Limited,Business Center & Co-working Space,667,,,,,,,,Ready for Fit-out,,,,IndiQube - Elevate (Shilpitha),,Security; Reserved Parking; Visitor Parking; Centralized AC; 24 hours water supply; CCTV,"https://www.google.com/maps?q=12.9321122,77.6860255",https://properties.cityinfoservices.com/indiqube-elevate-shilpitha--for-rent-in-devarabisanahalli-road-bangalore/b2t4es3/prd,2026-09-21T05:48:57.464762+00:00,42
Pritech Park - Block 9,Bellandur,RGA Software Systems Pvt. Ltd. (Primal Projects Pvt. Ltd.),Office Space,,,,,,,,,Ready to move,Basement + Ground + 9 Floors,"~63,830",,Pritech Park - Block 9,,Security; Reserved Parking; Visitor Parking; Centralized AC; 24 hours water supply; CCTV,"https://www.google.com/maps?q=12.92365933995496,77.6807256253784",https://properties.cityinfoservices.com/pritech-park-block-9-for-rent-in-bellandur-bangalore/zqpcqeq/prd,2026-09-21T05:48:57.787333+00:00,42
Nomads - 86,Indiranagar,Nomad Spaces,Business Center & Co-working Space,58,,,,,,,,Ready to Occupy,,,,Nomads - 86,,Security; Reserved Parking; 24 hours water supply; CCTV,"https://www.google.com/maps?q=12.9783719,77.6343734",https://properties.cityinfoservices.com/nomads-86-for-rent-in-indiranagar-bangalore/tuerwfl/prd,2026-09-21T05:48:58.621889+00:00,42
Vaswani Presidio,Kadubeesanahalli,Vaswani Estates Developers Pvt. Ltd. (Vaswani Group),Office Space,,,,,,,,,Ready to move,2 Basement + Ground + 6 Floors,"~18,000",,Vaswani Presidio,,Security; Reserved Parking; Visitor Parking; Centralized AC; 24 hours water supply; CCTV,"https://www.google.com/maps?q=12.937660,77.699599",https://properties.cityinfoservices.com/vaswani-presidio-for-rent-in-kadubeesanahalli-road-bangalore/hbix2d6/prd,2026-09-21T05:48:58.996206+00:00,42
Vaswani Presidio,Kadubeesanahalli,Vaswani Estates Developers Pvt. Ltd. (Vaswani Group),Office Space,,,,,,,,,Ready to move,2 Basement + Ground + 6 Floors,"~18,000",,Vaswani Presidio,,Security; Reserved Parking; Visitor Parking; Centralized AC; 24 hours water supply; CCTV,"https://www.google.com/maps?q=12.937660,77.699599",https://properties.cityinfoservices.com/vaswani-presidio-for-rent-in-kadubeesanahalli-road-bangalore/dqh538n/prd,2026-09-21T05:48:59.881528+00:00,42
Nitesh Plaza,Vasanth Nagar,NEL Holdings Limited (Nitesh Estates),Office Space,,,,,,,,,Under Construction,2 Basement + Ground + 17 Floors,~17000,,Nitesh Plaza,,Security; Reserved Parking; Visitor Parking; Centralized AC; 24 hours water supply; CCTV,"https://www.google.com/maps?q=12.9855704,77.5940196",https://properties.cityinfoservices.com/nitesh-plaza-for-rent-in-vasanth-nagar-bangalore/us6zg34/prd,2026-09-21T05:49:02.244717+00:00,38
Embassy Tech Village - Hibiscus (2B) - Tower 3,Devarabisanahalli,Embassy Property Developments Pvt. Ltd.,Office Space,,,,,,,,,Ready for fit outs,Basement + Ground + 7 Floors,"~30,000",,"Spread over an expansive 106-acres, Embassy TechVillage is an all-encompassing, modern, integrated project offering commercial, retail and residential property solutions. The Grade A+ tech park in Bangalore enjoys an advantageous location in the heart of Bangalore’s IT corridor on Outer Ring Road, Bellandur, with easy access to the city's other prime hotspots like CBD, Electronic City and Whitefield. The property is ideal for organisations looking for scalable commercial property solutions in Bangalore as it holds a potential built-up area in excess of 10 million sq.ft. with ~1.6 million sq.ft. already under development. ~6.1 million sq.ft. of the area on-site has already been developed to provide premium office space for organisations from around the globe. Occupiers at Embassy TechVillage can enjoy an exceptional array of amenities including fine dining offerings, in-house food courts, a day-care centre, gym access and sports and medical facilities. This tower spans across ~2,45,998 sq.ft. across 8 stories and a floor plate size of ~30,000 sq.ft.It is a multitenated building with firms like TAAL Tech, Collins Aerospace, Nexter Automtive, Just Energy, XL India, Arctern and Cisco.",,Security; Reserved Parking; Visitor Parking; Centralized AC; 24 hours water supply; CCTV,"https://www.google.com/maps?q=12.93076575890684,77.69199179842528",https://properties.cityinfoservices.com/embassy-tech-village-hibiscus-2b-tower-3-for-rent-in-devarabisanahalli-road-bangalore/5cnx3si/prd,2026-09-21T05:49:03.513969+00:00,43
Krupakara Rao Building,KIADB Hardware Park,,Industrial,,,,,,,,,Ready for fit outs,Basement + Ground + 1 Floor,"~52,000",,"Krupakara Rao Building is one of the premium office space in Bangalore's leading commercial hubs. The property offers modern infrastructure, flexible office layouts, excellent transport connectivity, and premium amenities, making it an ideal choice for IT companies, multinational corporations, startups, consulting firms, and enterprises looking for a prominent business location in Bangalore.",,,"https://www.google.com/maps?q=13.151504,77.706572",https://properties.cityinfoservices.com/krupakara-rao-building-for-rent-in-huvinayakanahalli-bangalore/lic4kfn/prd,2026-09-21T05:49:04.396226+00:00,43
Embassy Tech Village - Aster (2A) - East Tower,Devarabisanahalli,Embassy Property Developments Pvt. Ltd.,Office Space,,,,,,,,,Ready for fit outs,Basement + Ground + 6 Floors,"~62,000",,"Spread over an expansive 106 acres, Embassy Tech Village is a Grade A+ SEZ Tech Park in Bangalore located on Outer Ring Road - Bellandur, with easy access to the city's other prime hotspots like CBD, Electronic City and Whitefield. Occupiers at Aster (2A) - East Tower can enjoy an exceptional array of amenities including fine dining offerings, in-house food court, a day-care centre, gym access, sports and medical facilities. This 7-floor tower at Embassy Tech Village has a total built-up area of ~4,34,000sq.ft. with each floor surfacing an area of ~62,000sq.ft. Software AG Bangalore Technologies, Photon Infotech, Eka Software Solutions, Seagate Technology HDD (India), Cisco Systems, Acuity Software Technologies and Course5 Intelligence are its current occupiers.",,Security; Reserved Parking; Visitor Parking; Centralized AC; 24 hours water supply; CCTV,"https://www.google.com/maps?q=12.931707529395595,77.6911678534424",https://properties.cityinfoservices.com/embassy-tech-village-aster-2a-east-tower-for-rent-in-devarabisanahalli-road-bangalore/27cx98h/prd,2026-09-21T05:49:04.696080+00:00,43
Krupakara Rao Building,KIADB Hardware Park,,Industrial,,,,,,,,,Ready for fit outs,Basement + Ground + 1 Floor,"~52,000",,"Krupakara Rao Building is one of the premium office space in Bangalore's leading commercial hubs. The property offers modern infrastructure, flexible office layouts, excellent transport connectivity, and premium amenities, making it an ideal choice for IT companies, multinational corporations, startups, consulting firms, and enterprises looking for a prominent business location in Bangalore.",,,"https://www.google.com/maps?q=13.151504,77.706572",https://properties.cityinfoservices.com/krupakara-rao-building-for-rent-in-huvinayakanahalli-bangalore/gwg2vxr/prd,2026-09-21T05:49:05.348751+00:00,43
Brookfield Ecoworld - Campus 6A,Bellandur,Brookfield Properties,Office Space,,,,,,,,,Ready for fit outs,2 Basement + Ground + 10 Floors,"~47,000 to ~67,000",,"Designed by Singapore-based DP Architects and developed by RMZ Corp Holdings Pvt. Ltd. this park is conveniently close to bus bays, hotels, residential areas, and malls and has all measures for sustainability The splendid architecture of Ecoworld brings to life a new-age, comprehensive work ecosystem. The ~77.8 acre facility is located in the heart of Bangalore’s IT hub ""Sarjapur - Marathahalli Outer Ring Road"". The ~12 million sq.ft. total built-up area offers both, SEZ and Non-SEZ office spaces. RMZ Ecoworld offers a diverse line-up of facilities and conveniences including a day-care centre, food courts, dine-in restaurants, galleries, a sports centre, an amphitheatre, retail shops and more, with several of them housed within their dedicated luxury leisure area - The Bay. Developed by RMZ Corp Holdings Pvt. Ltd., special attention has been paid to the park’s design aesthetics with landscaped gardens, extensive waterworks and art installations adorning the campus. This Grade-A tech park in Bangalore lies in close distance to bus bays, hotels, residential areas, and malls. Backed with an LEED certification, Campus 6A is home to exemplary office spaces across its total built-up area of ~5,04,379 sq.ft. Each floor within this 11-story block offers a floor plate size of ~47,000 sq.ft to ~67,000 sq.ft. making it ideal for organisations looking at large office spaces in Bangalore. The building enjoys easy access to Ecoworld’s leisure area - The Bay, located on the ground floor. Organizations occupying this building include Standard Chartered Global Business Services, Morgan Stanley Advantage Services, Beckman Coulter WestBridge Capital and CoWrks Coworking Spaces.",,Security; Reserved Parking; Visitor Parking; Centralized AC; 24 hours water supply; CCTV,"https://www.google.com/maps?q=12.921164114739524,77.6846308920349",https://properties.cityinfoservices.com/brookfield-ecoworld-campus-6a-for-rent-in-bellandur-bangalore/oj32r95/prd,2026-09-21T05:49:05.723396+00:00,43
Attic Space - Chanakya,Koramangala,Attic Spaces (Ilindra Workspace Pvt. Ltd.),Business Center & Co-working Space,70,,70,,,,,,Ready to Move In,,,,"Attic Space - Chanakya in Koramangala, is a co working space ideal for small to mid-size companies. It is easily accessible through public transport and surrounded by offices, malls, hotels and residential area. Managed by Attic Spaces (Ilindra Workspace), the centre can accommodate up to 400 seats with ease. Miles Education, EnigmaSoft Technologies, and Blubble are its current tenants.",,Security; Reserved Parking; Centralized AC; 24 hours water supply; CCTV,"https://www.google.com/maps?q=12.944305,77.619816",https://properties.cityinfoservices.com/attic-space-chanakya-for-rent-in-koramangala-bangalore/qyq3l7u/prd,2026-09-21T05:49:07.004808+00:00,43
Poise Vertex,Bommasandra Industrial Area,,Industrial,,,,,,,,,Ready for fit outs,,"~15,000",,"Poise Vertex industrial area offering spacious and functional storage and operational space. The property features a large floor area, good ceiling height, efficient loading and unloading facilities, and easy access for heavy vehicles. Suitable for manufacturing, warehousing, logistics, distribution, storage, and other industrial operations. Located in a well-connected industrial area with convenient access to major roads, transport hubs, and key commercial locations in Bengaluru.",,,"https://www.google.com/maps?q=12.822935,77.677123",https://properties.cityinfoservices.com/poise-vertex-for-rent-in-bommasandra-industrial-area-bangalore/ulwv9ai/prd,2026-09-21T05:49:08.049301+00:00,43
Pritech Park - Block 8,Bellandur,RGA Software Systems Pvt. Ltd. (Primal Projects Pvt. Ltd.),Office Space,,,,,,,,,Ready to move,Basement + Ground + 8 Floors,"~15,000 to ~23,000",,"A Grade-A tech park, Pritech Park encompasses an extensive area of ~36 acres with a total built-up area of ~4.3 million sq.ft. The SEZ campus enjoys a key location on Bangalore’s IT Corridor - Marathahalli-Sarjapur Outer Ring Road, Bellandur with easy access to a range of conveniences such as bus stops, restaurants, day-care centres, hotels, and residential areas. The premises houses a comprehensive range of amenities including an in-house food court, a gym and coffee shops. Pritech Park has been co-developed by Primal Projects Pvt. Ltd. and RGA Software Systems Pvt. Ltd.. A thoughtfully designed building, Block 8 is a LEED Platinum-certified facility with an in-house food court and cafeteria. The total built-up area of this building stands at ~1,97,124 sq.ft. with each floor comprising an area of ~21,902 sq.ft.",,Security; Reserved Parking; Visitor Parking; Centralized AC; 24 hours water supply; CCTV,"https://www.google.com/maps?q=12.923774367622501,77.68144445739439",https://properties.cityinfoservices.com/pritech-park-block-8-for-rent-in-bellandur-bangalore/74lua9c/prd,2026-09-21T05:49:08.172713+00:00,44
Pritech Park - Block 8,Bellandur,RGA Software Systems Pvt. Ltd. (Primal Projects Pvt. Ltd.),Office Space,,,,,,,,,Ready to move,Basement + Ground + 8 Floors,"~15,000 to ~23,000",,"A Grade-A tech park, Pritech Park encompasses an extensive area of ~36 acres with a total built-up area of ~4.3 million sq.ft. The SEZ campus enjoys a key location on Bangalore’s IT Corridor - Marathahalli-Sarjapur Outer Ring Road, Bellandur with easy access to a range of conveniences such as bus stops, restaurants, day-care centres, hotels, and residential areas. The premises houses a comprehensive range of amenities including an in-house food court, a gym and coffee shops. Pritech Park has been co-developed by Primal Projects Pvt. Ltd. and RGA Software Systems Pvt. Ltd.. A thoughtfully designed building, Block 8 is a LEED Platinum-certified facility with an in-house food court and cafeteria. The total built-up area of this building stands at ~1,97,124 sq.ft. with each floor comprising an area of ~21,902 sq.ft.",,Security; Reserved Parking; Visitor Parking; Centralized AC; 24 hours water supply; CCTV,"https://www.google.com/maps?q=12.923774367622501,77.68144445739439",https://properties.cityinfoservices.com/pritech-park-block-8-for-rent-in-bellandur-bangalore/3g7wskw/prd,2026-09-21T05:49:09.393322+00:00,44
Prestige Shantiniketan - Crescent 4,Whitefield,Prestige Estates Projects Limited,Office Space,,,,,,,,,Ready for fit outs,2 Basement + Ground + 12 Floors,"~46,695",,"A comprehensive mix-use development, Prestige Shantiniketan is located in Bangalore’s IT Hub on Whitefield Main Road,. Housing residential, commercial and hospitality centres, this development is set on a ~105 acre campus with commercial space built-up totalling to ~3.2 million sq. ft.. The campus is home to 7 LEED Gold-certified, tastefully designed towers out of which 6 are made in a unique crescent shape. The hospitality centre of Prestige Shantiniketan includes luxury hotel Sheraton and the Forum Shantiniketan Mall. The development also houses a wide-reaching list of amenities including a large spacious food court, an amphitheater, open-air kiosks, a day-care centre, a fitness centre, and a convention centre. Housing all the requirements of a modern-day work life, Crescent 3 is a 13-story tower with a total built-up area of ~5,97,891 sq.ft. Each level within this premium block is spread out over an area of ~46,695 sq.ft. Current tenants at this facility include Flowserve India Controls. Tata Elxsi, Baxter Innovations and Business Solutions, Agilon Health, Kaseya Software, Spaces Works, Nielsen Sports and Caterpillar India Engineering Solutions.",,Security; Reserved Parking; Visitor Parking; Centralized AC; 24 hours water supply; CCTV,"https://www.google.com/maps?q=12.991250203550194,77.73029031363069",https://properties.cityinfoservices.com/prestige-shantiniketan-crescent-4-for-rent-in-whitefield-bangalore/tkmvgmx/prd,2026-09-21T05:49:09.917300+00:00,45
Pritech Park - Block 8,Bellandur,RGA Software Systems Pvt. Ltd. (Primal Projects Pvt. Ltd.),Office Space,,,,,,,,,Ready to move,Basement + Ground + 8 Floors,"~15,000 to ~23,000",,Pritech Park - Block 8,,Security; Reserved Parking; Visitor Parking; Centralized AC; 24 hours water supply; CCTV,"https://www.google.com/maps?q=12.923774367622501,77.68144445739439",https://properties.cityinfoservices.com/pritech-park-block-8-for-rent-in-bellandur-bangalore/4ior63j/prd,2026-09-21T05:49:10.007062+00:00,44
Pritech Park - Block 8,Bellandur,RGA Software Systems Pvt. Ltd. (Primal Projects Pvt. Ltd.),Office Space,,,,,,,,,Ready to move,Basement + Ground + 8 Floors,"~15,000 to ~23,000",,"A Grade-A tech park, Pritech Park encompasses an extensive area of ~36 acres with a total built-up area of ~4.3 million sq.ft. The SEZ campus enjoys a key location on Bangalore’s IT Corridor - Marathahalli-Sarjapur Outer Ring Road, Bellandur with easy access to a range of conveniences such as bus stops, restaurants, day-care centres, hotels, and residential areas. The premises houses a comprehensive range of amenities including an in-house food court, a gym and coffee shops. Pritech Park has been co-developed by Primal Projects Pvt. Ltd. and RGA Software Systems Pvt. Ltd.. A thoughtfully designed building, Block 8 is a LEED Platinum-certified facility with an in-house food court and cafeteria. The total built-up area of this building stands at ~1,97,124 sq.ft. with each floor comprising an area of ~21,902 sq.ft.",,Security; Reserved Parking; Visitor Parking; Centralized AC; 24 hours water supply; CCTV,"https://www.google.com/maps?q=12.923774367622501,77.68144445739439",https://properties.cityinfoservices.com/pritech-park-block-8-for-rent-in-bellandur-bangalore/kvo6did/prd,2026-09-21T05:49:11.192576+00:00,44
Smartworks - DSR Apex,Bengaluru,Smartworks Coworking Spaces Pvt. Ltd.,Business Center & Co-working Space,187,,,,,,,,Ready to Move In,,,,"DSR Apex isn't just office space, it's a complete workspace ecosystem. With 350 workstations across Grade A floors and amenities spanning meeting rooms, training spaces, a lounge, and a pantry, every team has what it needs to focus, collaborate, and recharge.",,Security; Reserved Parking; Centralized AC; 24 hours water supply; CCTV,"https://www.google.com/maps?q=12.95591450604986,77.71845629416931",https://properties.cityinfoservices.com/smartworks-dsr-apex-for-rent-in-bengaluru-bangalore/wxlanuj/prd,2026-09-21T05:49:12.039062+00:00,45
Aurbis - Connective,Whitefield,Aurbis Business Parks Pvt. Ltd.,Office Space,,,,,,,,,Ready for fit outs,2 Basement + Ground + 3 Floors,"~23,617",,Aurbis - Connective,,Security; Reserved Parking; Visitor Parking; Centralized AC; 24 hours water supply; CCTV,"https://www.google.com/maps?q=12.974976,77.7686336",https://properties.cityinfoservices.com/aurbis-connective-for-rent-in-whitefield-bangalore/4huaix4/prd,2026-09-21T05:49:12.445791+00:00,45
Prestige Tech Park 1 - Neptune (West Wing),Kadubeesanahalli,Prestige Estates Projects Limited,Office Space,,,,,,,,,Ready for fit outs,Basement + Ground + 6 Floors,"~38,610",,"Prestige Tech Park 1 provides a thriving work environment with all basic and modern amenities required to assist your business needs including an in-house food court. The Grade-A tech park is strategically situated on Sarjapur-Marathahalli Outer Ring Road and ranges over a total built up area of 1 million sq. ft. Developed by Prestige Estates and Projects, the facility has easy access to conveniences such as bus bays, residential areas, luxury hotels and restaurants nearby. Spread over 7 levels and a total built-up area of ~2,32,240 sq. ft., each floor ranges over an area of ~38,610 sq.ft.",,Security; Reserved Parking; Visitor Parking; Centralized AC; 24 hours water supply; CCTV,"https://www.google.com/maps?q=12.9434397,77.6907387",https://properties.cityinfoservices.com/prestige-tech-park-1-neptune-west-wing--for-rent-in-kadubeesanahalli-road-bangalore/w6325yg/prd,2026-09-21T05:49:13.146605+00:00,46
Prestige Tech Park 1 - Neptune (East Wing),Kadubeesanahalli,Prestige Estates Projects Limited,Office Space,,,,,,,,,Ready for fit outs,Basement + Ground + 4 Floors,"~42,089",,"Prestige Tech Park 1 provides a thriving work environment with all basic and modern amenities required to assist your business needs including an in-house food court. The Grade-A tech park is strategically situated on Sarjapur-Marathahalli Outer Ring Road and ranges over a total built up area of 1 million sq. ft. Developed by Prestige Estates and Projects, the facility has easy access to conveniences such as bus bays, residential areas, luxury hotels and restaurants nearby. Spread over 5 levels and a total built-up area of ~1,65,929 sq. ft., each floor ranges over an area of ~42,089 sq.ft.",,Security; Reserved Parking; Visitor Parking; Centralized AC; 24 hours water supply; CCTV,"https://www.google.com/maps?q=12.9434397,77.6907387",https://properties.cityinfoservices.com/prestige-tech-park-1-neptune-east-wing--for-rent-in-kadubeesanahalli-road-bangalore/cxww4n4/prd,2026-09-21T05:49:13.555044+00:00,46
Prestige Tech Park 1 - Neptune (East Wing),Kadubeesanahalli,Prestige Estates Projects Limited,Office Space,,,,,,,,,Ready for fit outs,Basement + Ground + 4 Floors,"~42,089",,"Prestige Tech Park 1 provides a thriving work environment with all basic and modern amenities required to assist your business needs including an in-house food court. The Grade-A tech park is strategically situated on Sarjapur-Marathahalli Outer Ring Road and ranges over a total built up area of 1 million sq. ft. Developed by Prestige Estates and Projects, the facility has easy access to conveniences such as bus bays, residential areas, luxury hotels and restaurants nearby. Spread over 5 levels and a total built-up area of ~1,65,929 sq. ft., each floor ranges over an area of ~42,089 sq.ft.",,Security; Reserved Parking; Centralized AC; 24 hours water supply; CCTV,"https://www.google.com/maps?q=12.9434397,77.6907387",https://properties.cityinfoservices.com/prestige-tech-park-1-neptune-east-wing--for-rent-in-kadubeesanahalli-road-bangalore/8y6lumz/prd,2026-09-21T05:49:13.698926+00:00,46
Prestige Tech Park 1 - Neptune (East Wing),Kadubeesanahalli,Prestige Estates Projects Limited,Office Space,,,,,,,,,Ready for fit outs,Basement + Ground + 4 Floors,"~42,089",,"Prestige Tech Park 1 provides a thriving work environment with all basic and modern amenities required to assist your business needs including an in-house food court. The Grade-A tech park is strategically situated on Sarjapur-Marathahalli Outer Ring Road and ranges over a total built up area of 1 million sq. ft. Developed by Prestige Estates and Projects, the facility has easy access to conveniences such as bus bays, residential areas, luxury hotels and restaurants nearby. Spread over 5 levels and a total built-up area of ~1,65,929 sq. ft., each floor ranges over an area of ~42,089 sq.ft.",,Security; Reserved Parking; Centralized AC; 24 hours water supply; CCTV,"https://www.google.com/maps?q=12.9434397,77.6907387",https://properties.cityinfoservices.com/prestige-tech-park-1-neptune-east-wing--for-rent-in-kadubeesanahalli-road-bangalore/gslfov7/prd,2026-09-21T05:49:14.430528+00:00,46
Prestige Tech Park 1 - Neptune (West Wing),Kadubeesanahalli,Prestige Estates Projects Limited,Office Space,,,,,,,,,Ready for fit outs,Basement + Ground + 6 Floors,"~38,610",,"Prestige Tech Park 1 provides a thriving work environment with all basic and modern amenities required to assist your business needs including an in-house food court. The Grade-A tech park is strategically situated on Sarjapur-Marathahalli Outer Ring Road and ranges over a total built up area of 1 million sq. ft. Developed by Prestige Estates and Projects, the facility has easy access to conveniences such as bus bays, residential areas, luxury hotels and restaurants nearby. Spread over 7 levels and a total built-up area of ~2,32,240 sq. ft., each floor ranges over an area of ~38,610 sq.ft.",,Security; Reserved Parking; Visitor Parking; Centralized AC; 24 hours water supply; CCTV,"https://www.google.com/maps?q=12.9434397,77.6907387",https://properties.cityinfoservices.com/prestige-tech-park-1-neptune-west-wing--for-rent-in-kadubeesanahalli-road-bangalore/fyy38h3/prd,2026-09-21T05:49:14.968608+00:00,46
IndiQube - Aurum (Salarpuria Ascent),Koramangala,IndiQube Spaces Limited,Business Center & Co-working Space,470,,,,,,,,Ready to Occupy,,,,"Located in Koramangala, IndiQube - Aurum (Salarpuria Ascent) is one of the prominent co-working spaces which can accommodate over 1,000 seats. It has a central cafeteria and lounge, is accessible from the main road, and is in close proximity to various modes of public transport. The area is surrounded by retail outlets, offices and restaurants.",,Security; Reserved Parking; Centralized AC; 24 hours water supply; CCTV,"https://www.google.com/maps?q=12.9351929,77.6244807",https://properties.cityinfoservices.com/indiqube-aurum-salarpuria-ascent--for-rent-in-koramangala-bangalore/4iubsdn/prd,2026-09-21T05:49:15.777139+00:00,46
Prestige Tech Habitat,Varthur,Prestige Estates Projects Limited,Office Space,,,,,,,,,Ready for fit outs,2 Basement + Ground + 18 Floors,"~31,000 to ~50,000",,"Prestige Tech Habitat is one of the premium office space in Bangalore's leading commercial hubs. The property offers modern infrastructure, flexible office layouts, excellent transport connectivity, and premium amenities, making it an ideal choice for IT companies, multinational corporations, startups, consulting firms, and enterprises looking for a prominent business location in Bangalore.",,Security; Reserved Parking; Visitor Parking; Centralized AC; 24 hours water supply; CCTV,"https://www.google.com/maps?q=12.930778,77.739904",https://properties.cityinfoservices.com/prestige-tech-habitat-for-rent-in-varthur-road-bangalore/j3eieju/prd,2026-09-21T05:49:16.502488+00:00,47
Prestige Tech Habitat,Varthur,Prestige Estates Projects Limited,Office Space,,,,,,,,,Ready for fit outs,2 Basement + Ground + 18 Floors,"~31,000 to ~50,000",,"Prestige Tech Habitat is one of the premium office space in Bangalore's leading commercial hubs. The property offers modern infrastructure, flexible office layouts, excellent transport connectivity, and premium amenities, making it an ideal choice for IT companies, multinational corporations, startups, consulting firms, and enterprises looking for a prominent business location in Bangalore.",,Security; Reserved Parking; Visitor Parking; Centralized AC; 24 hours water supply; CCTV,"https://www.google.com/maps?q=12.930778,77.739904",https://properties.cityinfoservices.com/prestige-tech-habitat-for-rent-in-varthur-road-bangalore/vlnc5lg/prd,2026-09-21T05:49:17.143752+00:00,47
Prestige Tech Habitat,Varthur,Prestige Estates Projects Limited,Office Space,,,,,,,,,Ready for fit outs,2 Basement + Ground + 18 Floors,"~31,000 to ~50,000",,"Prestige Tech Habitat is one of the premium office space in Bangalore's leading commercial hubs. The property offers modern infrastructure, flexible office layouts, excellent transport connectivity, and premium amenities, making it an ideal choice for IT companies, multinational corporations, startups, consulting firms, and enterprises looking for a prominent business location in Bangalore.",,Security; Reserved Parking; Visitor Parking; Centralized AC; 24 hours water supply; CCTV,"https://www.google.com/maps?q=12.930778,77.739904",https://properties.cityinfoservices.com/prestige-tech-habitat-for-rent-in-varthur-road-bangalore/2vq9mje/prd,2026-09-21T05:49:17.540127+00:00,47
Prestige Tech Habitat,Varthur,Prestige Estates Projects Limited,Office Space,,,,,,,,,Ready for fit outs,2 Basement + Ground + 18 Floors,"~31,000 to ~50,000",,"Prestige Tech Habitat is one of the premium office space in Bangalore's leading commercial hubs. The property offers modern infrastructure, flexible office layouts, excellent transport connectivity, and premium amenities, making it an ideal choice for IT companies, multinational corporations, startups, consulting firms, and enterprises looking for a prominent business location in Bangalore.",,Security; Reserved Parking; Visitor Parking; Centralized AC; 24 hours water supply; CCTV,"https://www.google.com/maps?q=12.930778,77.739904",https://properties.cityinfoservices.com/prestige-tech-habitat-for-rent-in-varthur-road-bangalore/cpep8uq/prd,2026-09-21T05:49:18.643402+00:00,47
CapitaLand Business Park (Ebisu) - North Tower,Nagavara,CapitaLand India Trust (CLINT),Office Space,,,,,,,,,Under Construction,4 Basement + Ground + 10 Floors,"~48,000",,CapitaLand Business Park (Ebisu) - North Tower,,Security; Reserved Parking; Visitor Parking; Centralized AC; 24 hours water supply; CCTV,"https://www.google.com/maps?q=13.043027,77.618506",https://properties.cityinfoservices.com/capitaland-business-park-ebisu-north-tower-for-rent-in-nagavara-bangalore/avbvkfg/prd,2026-09-21T05:49:19.522867+00:00,48
Prestige Tech Habitat,Varthur,Prestige Estates Projects Limited,Office Space,,,,,,,,,Ready for fit outs,2 Basement + Ground + 18 Floors,"~31,000 to ~50,000",,"Prestige Tech Habitat is one of the premium office space in Bangalore's leading commercial hubs. The property offers modern infrastructure, flexible office layouts, excellent transport connectivity, and premium amenities, making it an ideal choice for IT companies, multinational corporations, startups, consulting firms, and enterprises looking for a prominent business location in Bangalore.",,Security; Reserved Parking; Visitor Parking; Centralized AC; 24 hours water supply; CCTV,"https://www.google.com/maps?q=12.930778,77.739904",https://properties.cityinfoservices.com/prestige-tech-habitat-for-rent-in-varthur-road-bangalore/hbrx9g5/prd,2026-09-21T05:49:19.598946+00:00,47
CapitaLand Business Park (Ebisu) - North Tower,Nagavara,CapitaLand India Trust (CLINT),Office Space,,,,,,,,,Under Construction,4 Basement + Ground + 10 Floors,"~48,000",,"CapitaLand Business Park (Ebisu) - North Tower is one of the premium office space in Bangalore's leading commercial hubs. The property offers modern infrastructure, flexible office layouts, excellent transport connectivity, and premium amenities, making it an ideal choice for IT companies, multinational corporations, startups, consulting firms, and enterprises looking for a prominent business location in Bangalore.",,Security; Reserved Parking; Visitor Parking; Centralized AC; 24 hours water supply; CCTV,"https://www.google.com/maps?q=13.043027,77.618506",https://properties.cityinfoservices.com/capitaland-business-park-ebisu-north-tower-for-rent-in-nagavara-bangalore/ljafx9g/prd,2026-09-21T05:49:20.070959+00:00,48
CapitaLand Business Park (Ebisu) - North Tower,Nagavara,CapitaLand India Trust (CLINT),Office Space,,,,,,,,,Ready for fit outs,4 Basement + Ground + 10 Floors,"~48,000",,"CapitaLand Business Park (Ebisu) - North Tower is one of the premium office space in Bangalore's leading commercial hubs. The property offers modern infrastructure, flexible office layouts, excellent transport connectivity, and premium amenities, making it an ideal choice for IT companies, multinational corporations, startups, consulting firms, and enterprises looking for a prominent business location in Bangalore.",,Security; Reserved Parking; Visitor Parking; Centralized AC; 24 hours water supply; CCTV,"https://www.google.com/maps?q=13.043027,77.618506",https://properties.cityinfoservices.com/capitaland-business-park-ebisu-north-tower-for-rent-in-nagavara-bangalore/945p8h9/prd,2026-09-21T05:49:21.080564+00:00,48
International Tech Park Bangalore - Victor,Whitefield,CapitaLand Services India Pvt. Ltd. (Ascendas-Singbridge Group),Office Space,,,,,,,,,Ready for fit outs,2 Basement + Ground + 13 Floors,"~34,000 to ~52,000",,International Tech Park Bangalore - Victor,,Security; Reserved Parking; Visitor Parking; Centralized AC; 24 hours water supply; CCTV,"https://www.google.com/maps?q=12.983973,77.7380931",https://properties.cityinfoservices.com/international-tech-park-bangalore-victor-for-rent-in-whitefield-bangalore/2ktxi6m/prd,2026-09-21T05:49:22.018807+00:00,49
International Tech Park Bangalore - Victor,Whitefield,CapitaLand Services India Pvt. Ltd. (Ascendas-Singbridge Group),Office Space,,,,,,,,,Ready for fit outs,2 Basement + Ground + 13 Floors,"~34,000 to ~52,000",,International Tech Park Bangalore - Victor,,Security; Reserved Parking; Visitor Parking; Centralized AC; 24 hours water supply; CCTV,"https://www.google.com/maps?q=12.983973,77.7380931",https://properties.cityinfoservices.com/international-tech-park-bangalore-victor-for-rent-in-whitefield-bangalore/yi9vofy/prd,2026-09-21T05:49:22.601202+00:00,49
CapitaLand Business Park (Ebisu) - North Tower,Nagavara,CapitaLand India Trust (CLINT),Office Space,,,,,,,,,Under Construction,4 Basement + Ground + 10 Floors,"~48,000",,"CapitaLand Business Park (Ebisu) - North Tower is one of the premium office space in Bangalore's leading commercial hubs. The property offers modern infrastructure, flexible office layouts, excellent transport connectivity, and premium amenities, making it an ideal choice for IT companies, multinational corporations, startups, consulting firms, and enterprises looking for a prominent business location in Bangalore.",,Security; Reserved Parking; Visitor Parking; Centralized AC; 24 hours water supply; CCTV,"https://www.google.com/maps?q=13.043027,77.618506",https://properties.cityinfoservices.com/capitaland-business-park-ebisu-north-tower-for-rent-in-nagavara-bangalore/atgm8jh/prd,2026-09-21T05:49:23.285526+00:00,48
Neil Rao Tower ( Rao Tower),Whitefield,Rao Computer Consultants Pvt. Ltd.,Office Space,,,,,,,,,Ready for fit outs,Basement + Ground + 6 Floors,"~19,140",,Neil Rao Tower ( Rao Tower),,Security; Reserved Parking; Centralized AC; 24 hours water supply; CCTV,"https://www.google.com/maps?q=12.9781214,77.724960",https://properties.cityinfoservices.com/neil-rao-tower-rao-tower--for-rent-in-whitefield-bangalore/wzmesa8/prd,2026-09-21T05:49:23.445065+00:00,49
Brigade Cornerstone Utopia - Elysium,Varthur,Brigade Enterprises Limited,Office Space,,,,,,,,,Ready for fit outs,3 Basement + Ground + 18 Floors,"~22,000",,Brigade Cornerstone Utopia - Elysium,,Security; Reserved Parking; Visitor Parking; Centralized AC; 24 hours water supply; CCTV,"https://www.google.com/maps?q=12.9901965,77.6629211",https://properties.cityinfoservices.com/brigade-cornerstone-utopia-elysium-for-rent-in-varthur-road-bangalore/w76fxwm/prd,2026-09-21T05:49:24.369240+00:00,50
The Executive Centre - UB City Concorde,Vittal Mallya Road,The Executive Centre Limited,Business Center & Co-working Space,150,,,,,,,,Ready to Move In from Sep 2026,,,,The Executive Centre - UB City Concorde,,Security; Reserved Parking; Visitor Parking; Centralized AC; 24 hours water supply; CCTV,"https://www.google.com/maps?q=12.9715895,77.5960585",https://properties.cityinfoservices.com/the-executive-centre-ub-city-concorde-for-rent-in-vittal-mallya-road-bangalore/cn6bvie/prd,2026-09-21T05:49:24.937978+00:00,50
The Executive Centre - Helios Business Park - Block D,Kadubeesanahalli,Executive Centre India Private Limited (TEC-The Executive Centre),Business Center & Co-working Space,28,,,,,,,,Ready to Move In from July 2026,,,,The Executive Centre - Helios Business Park - Block D,,Security; Reserved Parking; Visitor Parking; Centralized AC; 24 hours water supply; CCTV,"https://www.google.com/maps?q=12.938108,77.689310",https://properties.cityinfoservices.com/the-executive-centre-helios-business-park-block-d-for-rent-in-kadubeesanahalli-road-bangalore/4xj5whb/prd,2026-09-21T05:49:25.856833+00:00,50
Brigade Cornerstone Utopia - Elysium,Varthur,Brigade Enterprises Limited,Office Space,,,,,,,,,Ready for fit outs,3 Basement + Ground + 18 Floors,"~22,000",,Brigade Cornerstone Utopia - Elysium,,Security; Reserved Parking; Visitor Parking; Centralized AC; 24 hours water supply; CCTV,"https://www.google.com/maps?q=12.9901965,77.6629211",https://properties.cityinfoservices.com/brigade-cornerstone-utopia-elysium-for-rent-in-varthur-road-bangalore/edtayxv/prd,2026-09-21T05:49:26.019853+00:00,51
Brigade Cornerstone Utopia - Elysium,Varthur,Brigade Enterprises Limited,Office Space,,,,,,,,,Ready for fit outs,3 Basement + Ground + 18 Floors,"~22,000",,Brigade Cornerstone Utopia - Elysium,,Security; Reserved Parking; Visitor Parking; Centralized AC; 24 hours water supply; CCTV,"https://www.google.com/maps?q=12.9901965,77.6629211",https://properties.cityinfoservices.com/brigade-cornerstone-utopia-elysium-for-rent-in-varthur-road-bangalore/pkvlerk/prd,2026-09-21T05:49:26.570756+00:00,51
Brigade Cornerstone Utopia - Elysium,Varthur,Brigade Enterprises Limited,Office Space,,,,,,,,,Ready for fit outs,3 Basement + Ground + 18 Floors,"~22,000",,Brigade Cornerstone Utopia - Elysium,,Security; Reserved Parking; Visitor Parking; Centralized AC; 24 hours water supply; CCTV,"https://www.google.com/maps?q=12.9901965,77.6629211",https://properties.cityinfoservices.com/brigade-cornerstone-utopia-elysium-for-rent-in-varthur-road-bangalore/dx4z3bz/prd,2026-09-21T05:49:27.653227+00:00,51
Gold Hill Square (Goldhill),Bommanahalli,Sri Venkateswara Developers,Office Space,,,,,,,,,Ready to move,Basement + Ground + 11 Floors,~18000 to ~34000,,Gold Hill Square (Goldhill),,Security; Reserved Parking; Centralized AC; 24 hours water supply; CCTV,"https://www.google.com/maps?q=12.9017892,77.63296869999999",https://properties.cityinfoservices.com/gold-hill-square-goldhill--for-rent-in-bommanahalli-bangalore/9pjb8cn/prd,2026-09-21T05:49:28.381468+00:00,50
Brigade Cornerstone Utopia - Elysium,Varthur,Brigade Enterprises Limited,Office Space,,,,,,,,,Ready for fit outs,3 Basement + Ground + 18 Floors,"~22,000",,Brigade Cornerstone Utopia - Elysium,,Security; Reserved Parking; Visitor Parking; Centralized AC; 24 hours water supply; CCTV,"https://www.google.com/maps?q=12.9901965,77.6629211",https://properties.cityinfoservices.com/brigade-cornerstone-utopia-elysium-for-rent-in-varthur-road-bangalore/56bwa2o/prd,2026-09-21T05:49:28.858990+00:00,51
Brigade Cornerstone Utopia - Elysium,Varthur,Brigade Enterprises Limited,Office Space,,,,,,,,,Ready for fit outs,3 Basement + Ground + 18 Floors,"~22,000",,Brigade Cornerstone Utopia - Elysium,,Security; Reserved Parking; Visitor Parking; Centralized AC; 24 hours water supply; CCTV,"https://www.google.com/maps?q=12.9901965,77.6629211",https://properties.cityinfoservices.com/brigade-cornerstone-utopia-elysium-for-rent-in-varthur-road-bangalore/5r7qbmh/prd,2026-09-21T05:49:29.615729+00:00,51
Brigade Cornerstone Utopia - Elysium,Varthur,Brigade Enterprises Limited,Office Space,,,,,,,,,Ready for fit outs,3 Basement + Ground + 18 Floors,"~22,000",,Brigade Cornerstone Utopia - Elysium,,Security; Reserved Parking; Visitor Parking; Centralized AC; 24 hours water supply; CCTV,"https://www.google.com/maps?q=12.9901965,77.6629211",https://properties.cityinfoservices.com/brigade-cornerstone-utopia-elysium-for-rent-in-varthur-road-bangalore/kk7bisq/prd,2026-09-21T05:49:29.742914+00:00,51
Brigade Cornerstone Utopia - Elysium,Varthur,Brigade Enterprises Limited,Office Space,,,,,,,,,Ready for fit outs,3 Basement + Ground + 18 Floors,"~22,000",,Brigade Cornerstone Utopia - Elysium,,Security; Reserved Parking; Visitor Parking; Centralized AC; 24 hours water supply; CCTV,"https://www.google.com/maps?q=12.9901965,77.6629211",https://properties.cityinfoservices.com/brigade-cornerstone-utopia-elysium-for-rent-in-varthur-road-bangalore/yneeboq/prd,2026-09-21T05:49:30.692224+00:00,51
WeWork - Embassy Vertex,Residency Road,WeWork India Management Pvt Ltd,Business Center & Co-working Space,1183,,,,,,,,Ready to Occupy,,,,WeWork - Embassy Vertex,,Security; Reserved Parking; Visitor Parking; Centralized AC; 24 hours water supply; CCTV,"https://www.google.com/maps?q=12.966677,77.599195",https://properties.cityinfoservices.com/wework-embassy-vertex-for-rent-in-residency-road-bangalore/6be2aes/prd,2026-09-21T05:49:31.839522+00:00,52
Brigade Cornerstone Utopia - Elysium,Varthur,Brigade Enterprises Limited,Office Space,,,,,,,,,Ready for fit outs,3 Basement + Ground + 18 Floors,"~22,000",,Brigade Cornerstone Utopia - Elysium,,Security; Reserved Parking; Visitor Parking; Centralized AC; 24 hours water supply; CCTV,"https://www.google.com/maps?q=12.9901965,77.6629211",https://properties.cityinfoservices.com/brigade-cornerstone-utopia-elysium-for-rent-in-varthur-road-bangalore/fgdu9wx/prd,2026-09-21T05:49:32.518811+00:00,51
Smartworks - MSR Tech Zone,Marathahalli,Smartworks Coworking Spaces Pvt. Ltd.,Business Center & Co-working Space,2648,,,,,,,,Ready to Occupy from July 2026,,,,"Smartworks - MSR Tech Zone is one of the premium office space in Bangalore's leading commercial hubs. The property offers modern infrastructure, flexible office layouts, excellent transport connectivity, and premium amenities, making it an ideal choice for IT companies, multinational corporations, startups, consulting firms, and enterprises looking for a prominent business location in Bangalore.",,Security; Reserved Parking; Visitor Parking; Centralized AC; 24 hours water supply; CCTV,"https://www.google.com/maps?q=12.9551008,77.7011167",https://properties.cityinfoservices.com/smartworks-msr-tech-zone-for-rent-in-marathahalli-bangalore/hfnn9aa/prd,2026-09-21T05:49:32.918507+00:00,52
Incuspaze - Prasad Technology Park,Whitefield,Incuspaze Solutions Pvt. Ltd.,Business Center & Co-working Space,219,,,,,,,,Ready to Occupy,,,,Incuspaze - Prasad Technology Park,,Security; Reserved Parking; Visitor Parking; Centralized AC; 24 hours water supply; CCTV,"https://www.google.com/maps?q=12.976042,77.722072",https://properties.cityinfoservices.com/incuspaze-prasad-technology-park-for-rent-in-whitefield-bangalore/v89lurl/prd,2026-09-21T05:49:33.845602+00:00,52
ITC Green Centre - Tower 3,Banaswadi,ITC Limited,Office Space,,,,,,,,,Ready for fit outs,3 Basement + Ground + 12 Floors,"~55,000",,"ITC Green Centre is one of the premium office space in Bangalore's leading commercial hubs. The property offers modern infrastructure, flexible office layouts, excellent transport connectivity, and premium amenities, making it an ideal choice for IT companies, multinational corporations, startups, consulting firms, and enterprises looking for a prominent business location in Bangalore.",,Security; Reserved Parking; Visitor Parking; Centralized AC; 24 hours water supply; CCTV,"https://www.google.com/maps?q=12.997337,77.626323",https://properties.cityinfoservices.com/itc-green-centre-tower-3-for-rent-in-banaswadi-bangalore/nxdxlpp/prd,2026-09-21T05:49:34.425652+00:00,52
Salarpuria Sattva Knowledge Court,Whitefield,Salarpuria Sattva Group,Office Space,,,,,,,,,Ready to move,3 Basement + Ground + 6 Floors,"~1,50,000",,"Located at the core of one of Bangalore’s most prominent IT hubs on Graphite India Road, Whitefield, EPIP Zone, Brookfield, this Grade A tech park in East Bangalore is spread out over an expansive ~8.033 acre campus. The 7-story office building covers a vast total built-up area of ~13,00,000 sq.ft. and a typical floor plate size of over ~1,50,000 sq.ft. The facility offers a sizable selection of amenities including a food court, crèche facility, and a gymnasium. The tech park also has an excellent security service and 100% power back up.",,Security; Reserved Parking; Visitor Parking; Centralized AC; 24 hours water supply; CCTV,"https://www.google.com/maps?q=12.973939782478661,77.71191529629516",https://properties.cityinfoservices.com/salarpuria-sattva-knowledge-court-for-rent-in-whitefield-bangalore/29ita8t/prd,2026-09-21T05:49:34.553842+00:00,52
HODA WorkSpace - HSR Sector 6,HSR Layout,HODA Work Space Pvt. Ltd.,Business Center & Co-working Space,25,,,,,,,,Ready to Move In,,,,"HODA WorkSpace situated in HSR Layout, 6th Sector, presents an ideal solution for small and mid-size companies seeking a conducive working environment. It can accommodate teams of varying sizes. The location offers excellent accessibility via public transportation and is surrounded by tech parks, shopping malls, hotels and residential areas. The centre features managed office spaces along with several shared office amenities including a cafeteria.",,Security; Reserved Parking; Centralized AC; 24 hours water supply; CCTV,"https://www.google.com/maps?q=12.9121181,77.6445548",https://properties.cityinfoservices.com/hoda-workspace-hsr-sector-6-for-rent-in-hsr-layout-bangalore/ax2d4fj/prd,2026-09-21T05:49:35.074779+00:00,53
Prestige Meridian 1,MG Road,Prestige Estates Projects Limited,Office Space,,,,,,,,,Ready for fit outs,Basement + Ground + 13 Floors,"~11,000",,"Prestige Meridian is commercial project by Prestige Group Builders located at MG Road. Prestige Meridian 1 is a 14-storey building with a total built-up area of ~1,80,000 sq. ft. The premise has beautiful landscapes and comes with per floor area of ~11,000 sq. ft. The area is surrounded by IT Companies, hospitals, hotels, restaurants and shopping centres and is easily accessible through public transport. It is currently occupied by Y-Axis Overseas (Y-Axis Solutions ), EnviGreen Biotech India, Niedax India Cable Management Systems, Boehringer Ingelheim India, Apora Technologies, Avian WE (Avian Media - Waggener Edstrom Worldwide, Inc.), Acumen Wealthcare Solutions, Comscore Technologies India, Coilcraft Electronics Marketing India, Ascom Network Testing ,SAS Research And Development (India), Inspira Enterprise India, Credit Analysis and Research (CARE Ratings ), CMA CGM Agencies (India), Lexmark International India and Axis Asset Management Company.",,Security; Reserved Parking; 24 hours water supply; CCTV,"https://www.google.com/maps?q=12.97357564736334,77.61243304295691",https://properties.cityinfoservices.com/prestige-meridian-1-for-rent-in-mahatma-gandhi-road-bangalore/mud2594/prd,2026-09-21T05:49:36.120249+00:00,53
Incuspaze - Prasad Technology Park,Whitefield,Incuspaze Solutions Pvt. Ltd.,Business Center & Co-working Space,359,,,,,,,,Ready to Occupy,,,,Incuspaze - Prasad Technology Park,,Security; Reserved Parking; Visitor Parking; Centralized AC; 24 hours water supply; CCTV,"https://www.google.com/maps?q=12.976042,77.722072",https://properties.cityinfoservices.com/incuspaze-prasad-technology-park-for-rent-in-whitefield-bangalore/l7pmqof/prd,2026-09-21T05:49:37.071896+00:00,52
Prestige Tech Forest - Core 1 (Tower A),Varthur,Prestige Estates Projects Limited,Office Space,,,,,,,,,Ready for fit outs,2 Basement + Ground + 14 Floors,"~52,000 to ~57,000",,Prestige Tech Forest - Core 1 (Tower A),,Security; Reserved Parking; Visitor Parking; Centralized AC; 24 hours water supply; CCTV,"https://www.google.com/maps?q=12.950767,77.747024",https://properties.cityinfoservices.com/prestige-tech-forest-core-1-tower-a--for-rent-in-varthur-road-bangalore/t25zw9u/prd,2026-09-21T05:49:39.006088+00:00,54
EBC Space - 4,HSR Layout,EBC Space,Business Center & Co-working Space,230,,,,,,,,Ready to Occupy,,,,EBC Space - 4,,Security; Reserved Parking; 24 hours water supply; CCTV,"https://www.google.com/maps?q=12.90176302624713,77.64498697421229",https://properties.cityinfoservices.com/ebc-space-4-for-rent-in-hsr-layout-bangalore/guvuhp4/prd,2026-09-21T05:49:39.110198+00:00,53
EBC Space - 2,HSR Layout,EBC Space,Business Center & Co-working Space,120,,,,,,,,Ready to Occupy,,,,EBC Space - 2,,Security; Reserved Parking; 24 hours water supply; CCTV,"https://www.google.com/maps?q=12.920024,77.645191",https://properties.cityinfoservices.com/ebc-space-2-for-rent-in-hsr-layout-bangalore/wih6td2/prd,2026-09-21T05:49:40.480263+00:00,53
Prestige Tech Forest - Core 1 (Tower A),Varthur,Prestige Estates Projects Limited,Office Space,,,,,,,,,Ready for fit outs,2 Basement + Ground + 14 Floors,"~52,000 to ~57,000",,Prestige Tech Forest - Core 1 (Tower A),,Security; Reserved Parking; Visitor Parking; Centralized AC; 24 hours water supply; CCTV,"https://www.google.com/maps?q=12.950767,77.747024",https://properties.cityinfoservices.com/prestige-tech-forest-core-1-tower-a--for-rent-in-varthur-road-bangalore/v2jrj39/prd,2026-09-21T05:49:40.502029+00:00,54
Prestige Tech Forest - Core 1 (Tower A),Varthur,Prestige Estates Projects Limited,Office Space,,,,,,,,,Ready for fit outs,2 Basement + Ground + 14 Floors,"~52,000 to 57,000",,Prestige Tech Forest - Core 1 (Tower A),,Security; Reserved Parking; Visitor Parking; Centralized AC; 24 hours water supply; CCTV,"https://www.google.com/maps?q=12.950767,77.747024",https://properties.cityinfoservices.com/prestige-tech-forest-core-1-tower-a--for-rent-in-varthur-road-bangalore/bjaxfvy/prd,2026-09-21T05:49:42.686569+00:00,54
Prestige Tech Forest - Core 2 (Tower B),Varthur,Prestige Estates Projects Limited,Office Space,,,,,,,,,Ready for fit outs,2 Basement + Ground + 14 Floors,"~63,000",,Prestige Tech Forest - Core 2 (Tower B),,Security; Reserved Parking; Visitor Parking; Centralized AC; 24 hours water supply; CCTV,"https://www.google.com/maps?q=12.950778,77.747028",https://properties.cityinfoservices.com/prestige-tech-forest-core-2-tower-b--for-rent-in-varthur-road-bangalore/5ofp9hd/prd,2026-09-21T05:49:44.021481+00:00,55
Prestige Tech Forest - Core 1 (Tower A),Varthur,Prestige Estates Projects Limited,Office Space,,,,,,,,,Ready for fit outs,2 Basement + Ground + 14 Floors,"~52,000 to ~57,000",,Prestige Tech Forest - Core 1 (Tower A),,Security; Reserved Parking; Visitor Parking; Centralized AC; 24 hours water supply; CCTV,"https://www.google.com/maps?q=12.950767,77.747024",https://properties.cityinfoservices.com/prestige-tech-forest-core-1-tower-a--for-rent-in-varthur-road-bangalore/uda6b5f/prd,2026-09-21T05:49:44.162327+00:00,54
Prestige Tech Forest - Core 2 (Tower B),Varthur,Prestige Estates Projects Limited,Office Space,,,,,,,,,Ready for fit outs,2 Basement + Ground + 14 Floors,"~63,000",,Prestige Tech Forest - Core 2 (Tower B),,Security; Reserved Parking; Visitor Parking; Centralized AC; 24 hours water supply; CCTV,"https://www.google.com/maps?q=12.950778,77.747028",https://properties.cityinfoservices.com/prestige-tech-forest-core-2-tower-b--for-rent-in-varthur-road-bangalore/4pm67ou/prd,2026-09-21T05:49:45.425876+00:00,55
Prestige Tech Forest - Core 2 (Tower B),Varthur,Prestige Estates Projects Limited,Office Space,,,,,,,,,Ready for fit outs,2 Basement + Ground + 14 Floors,"~63,000",,Prestige Tech Forest - Core 2 (Tower B),,Security; Reserved Parking; Visitor Parking; Centralized AC; 24 hours water supply; CCTV,"https://www.google.com/maps?q=12.950778,77.747028",https://properties.cityinfoservices.com/prestige-tech-forest-core-2-tower-b--for-rent-in-varthur-road-bangalore/qvut4ek/prd,2026-09-21T05:49:45.565090+00:00,55
Prestige Tech Forest - Core 1 (Tower A),Varthur,Prestige Estates Projects Limited,Office Space,,,,,,,,,Ready for fit outs,2 Basement + Ground + 14 Floors,"~52,000 to ~57,000",,Prestige Tech Forest - Core 1 (Tower A),,Security; Reserved Parking; Visitor Parking; Centralized AC; 24 hours water supply; CCTV,"https://www.google.com/maps?q=12.950767,77.747024",https://properties.cityinfoservices.com/prestige-tech-forest-core-1-tower-a--for-rent-in-varthur-road-bangalore/ponkbug/prd,2026-09-21T05:49:45.912894+00:00,54
Prestige Tech Forest - Core 2 (Tower B),Varthur,Prestige Estates Projects Limited,Office Space,,,,,,,,,Ready for fit outs,2 Basement + Ground + 14 Floors,"~63,000",,Prestige Tech Forest - Core 2 (Tower B),,Security; Reserved Parking; Visitor Parking; Centralized AC; 24 hours water supply; CCTV,"https://www.google.com/maps?q=12.950778,77.747028",https://properties.cityinfoservices.com/prestige-tech-forest-core-2-tower-b--for-rent-in-varthur-road-bangalore/rkeusoi/prd,2026-09-21T05:49:46.589833+00:00,55
Prestige Tech Forest - Core 2 (Tower B),Varthur,Prestige Estates Projects Limited,Office Space,,,,,,,,,Ready for fit outs,2 Basement + Ground + 14 Floors,"~63,000",,Prestige Tech Forest - Core 2 (Tower B),,Security; Reserved Parking; Visitor Parking; Centralized AC; 24 hours water supply; CCTV,"https://www.google.com/maps?q=12.950778,77.747028",https://properties.cityinfoservices.com/prestige-tech-forest-core-2-tower-b--for-rent-in-varthur-road-bangalore/iq5n64i/prd,2026-09-21T05:49:46.630990+00:00,55
Prestige Tech Forest - Core 3 (Tower C),Varthur,Prestige Estates Projects Limited,Office Space,,,,,,,,,Ready for fit outs,2 Basement + Ground + 14 Floors,"~46,000 to ~51,000",,Prestige Tech Forest - Core 3 (Tower C),,Security; Reserved Parking; Visitor Parking; Centralized AC; 24 hours water supply; CCTV,"https://www.google.com/maps?q=12.950778,77.747028",https://properties.cityinfoservices.com/prestige-tech-forest-core-3-tower-c--for-rent-in-varthur-road-bangalore/flm2rnn/prd,2026-09-21T05:49:47.430999+00:00,56
Prestige Tech Forest - Core 3 (Tower C),Varthur,Prestige Estates Projects Limited,Office Space,,,,,,,,,Ready for fit outs,2 Basement + Ground + 14 Floors,"~46,000 to ~51,000",,Prestige Tech Forest - Core 3 (Tower C),,Security; Reserved Parking; Visitor Parking; Centralized AC; 24 hours water supply; CCTV,"https://www.google.com/maps?q=12.950778,77.747028",https://properties.cityinfoservices.com/prestige-tech-forest-core-3-tower-c--for-rent-in-varthur-road-bangalore/q3cc9ux/prd,2026-09-21T05:49:48.568619+00:00,56
Prestige Tech Forest - Core 2 (Tower B),Varthur,Prestige Estates Projects Limited,Office Space,,,,,,,,,Ready for fit outs,2 Basement + Ground + 14 Floors,"~63,000",,Prestige Tech Forest - Core 2 (Tower B),,Security; Reserved Parking; Visitor Parking; Centralized AC; 24 hours water supply; CCTV,"https://www.google.com/maps?q=12.950778,77.747028",https://properties.cityinfoservices.com/prestige-tech-forest-core-2-tower-b--for-rent-in-varthur-road-bangalore/7w9i572/prd,2026-09-21T05:49:49.658639+00:00,56
Prestige Tech Forest - Core 2 (Tower B),Varthur,Prestige Estates Projects Limited,Office Space,,,,,,,,,Ready for fit outs,2 Basement + Ground + 14 Floors,"~63,000",,Prestige Tech Forest - Core 2 (Tower B),,Security; Reserved Parking; Visitor Parking; Centralized AC; 24 hours water supply; CCTV,"https://www.google.com/maps?q=12.950778,77.747028",https://properties.cityinfoservices.com/prestige-tech-forest-core-2-tower-b--for-rent-in-varthur-road-bangalore/wvw8ja8/prd,2026-09-21T05:49:50.368860+00:00,56
Prestige Tech Forest - Core 2 (Tower B),Varthur,Prestige Estates Projects Limited,Office Space,,,,,,,,,Ready for fit outs,2 Basement + Ground + 14 Floors,"~63,000",,Prestige Tech Forest - Core 2 (Tower B),,Security; Reserved Parking; Visitor Parking; Centralized AC; 24 hours water supply; CCTV,"https://www.google.com/maps?q=12.950778,77.747028",https://properties.cityinfoservices.com/prestige-tech-forest-core-2-tower-b--for-rent-in-varthur-road-bangalore/2txwqw7/prd,2026-09-21T05:49:50.658788+00:00,56
Prestige Tech Forest - Core 3 (Tower C),Varthur,Prestige Estates Projects Limited,Office Space,,,,,,,,,Ready for fit outs,2 Basement + Ground + 14 Floors,"~46,000 to ~51,000",,Prestige Tech Forest - Core 3 (Tower C),,Security; Reserved Parking; Visitor Parking; Centralized AC; 24 hours water supply; CCTV,"https://www.google.com/maps?q=12.950778,77.747028",https://properties.cityinfoservices.com/prestige-tech-forest-core-3-tower-c--for-rent-in-varthur-road-bangalore/r2l6g23/prd,2026-09-21T05:49:52.237975+00:00,57
Prestige Tech Forest - Core 3 (Tower C),Varthur,Prestige Estates Projects Limited,Office Space,,,,,,,,,Ready for fit outs,2 Basement + Ground + 14 Floors,"~46,000 to ~51,000",,Prestige Tech Forest - Core 3 (Tower C),,Security; Reserved Parking; Visitor Parking; Centralized AC; 24 hours water supply; CCTV,"https://www.google.com/maps?q=12.950778,77.747028",https://properties.cityinfoservices.com/prestige-tech-forest-core-3-tower-c--for-rent-in-varthur-road-bangalore/aggydul/prd,2026-09-21T05:49:52.353709+00:00,57
Prestige Tech Forest - Core 2 (Tower B),Varthur,Prestige Estates Projects Limited,Office Space,,,,,,,,,Ready for fit outs,2 Basement + Ground + 14 Floors,"~63,000",,Prestige Tech Forest - Core 2 (Tower B),,Security; Reserved Parking; Visitor Parking; Centralized AC; 24 hours water supply; CCTV,"https://www.google.com/maps?q=12.950778,77.747028",https://properties.cityinfoservices.com/prestige-tech-forest-core-2-tower-b--for-rent-in-varthur-road-bangalore/yeg2zd6/prd,2026-09-21T05:49:52.391029+00:00,56
Prestige Tech Forest - Core 3 (Tower C),Varthur,Prestige Estates Projects Limited,Office Space,,,,,,,,,Ready for fit outs,2 Basement + Ground + 14 Floors,"~46,000 to ~51,000",,Prestige Tech Forest - Core 3 (Tower C),,Security; Reserved Parking; Visitor Parking; Centralized AC; 24 hours water supply; CCTV,"https://www.google.com/maps?q=12.950778,77.747028",https://properties.cityinfoservices.com/prestige-tech-forest-core-3-tower-c--for-rent-in-varthur-road-bangalore/vqa7ug8/prd,2026-09-21T05:49:53.575664+00:00,57
Prestige Tech Forest - Core 3 (Tower C),Varthur,Prestige Estates Projects Limited,Office Space,,,,,,,,,Ready for fit outs,2 Basement + Ground + 14 Floors,"~46,000 to ~51,000",,Prestige Tech Forest - Core 3 (Tower C),,Security; Reserved Parking; Visitor Parking; Centralized AC; 24 hours water supply; CCTV,"https://www.google.com/maps?q=12.950778,77.747028",https://properties.cityinfoservices.com/prestige-tech-forest-core-3-tower-c--for-rent-in-varthur-road-bangalore/2s8fgaj/prd,2026-09-21T05:49:54.040609+00:00,57
H&G Sparrow,Kanakapura Road,,Office Space,,,,,,,,,Ready for fit outs,Basement + Ground + 3 Floors,"~19,000",,H&G Sparrow,,Security; Reserved Parking; Visitor Parking; Centralized AC; 24 hours water supply; CCTV,"https://www.google.com/maps?q=12.883929,77.551952",https://properties.cityinfoservices.com/h-amp-g-sparrow-for-rent-in-kanakapura-road-bangalore/5hiom9z/prd,2026-09-21T05:49:54.319241+00:00,58
WeWork - Manyata Mahogany (F2),Nagavara,WeWork India Management Pvt Ltd,Business Center & Co-working Space,750,,,,,,,,Ready to Occupy,,,,WeWork - Manyata Mahogany (F2),,Security; Reserved Parking; Visitor Parking; Centralized AC; 24 hours water supply; CCTV,"https://www.google.com/maps?q=13.049771,77.620710",https://properties.cityinfoservices.com/wework-manyata-mahogany-f2--for-rent-in-nagavara-bangalore/dxnqwh2/prd,2026-09-21T05:49:55.776035+00:00,58
WeWork - Prestige Cube,Koramangala,WeWork India Management Pvt. Ltd.,Business Center & Co-working Space,113,,,,,,,,Ready to Occupy,,,,WeWork - Prestige Cube,,Security; Reserved Parking; Visitor Parking; Centralized AC; 24 hours water supply; CCTV,"https://www.google.com/maps?q=12.936450615487576,77.61086950500184",https://properties.cityinfoservices.com/wework-prestige-cube-for-rent-in-koramangala-bangalore/kc5gl2v/prd,2026-09-21T05:49:56.938580+00:00,58
"Horizon Industrial Park - Malur , Block C",Malur,Horizon Industrial Parks Pvt Ltd,Industrial,,,,,,,,,Under Construction,Ground + Mezzanine,"~1,73,722",,"Horizon Industrial Park - Malur , Block C",,,"https://www.google.com/maps?q=12.989555,77.880637",https://properties.cityinfoservices.com/horizon-industrial-park-malur-block-c-for-rent-in-malur-bangalore/pk4raqw/prd,2026-09-21T05:49:57.272071+00:00,58
Bagmane World Technology Centre - Citrine Block,Doddanekkundi,Bagmane Developers Pvt. Ltd.,Office Space,,,,,,,,,Ready to move,Basement + Ground + 14 Floors,"~56,929",,Bagmane World Technology Centre - Citrine Block,,Security; Reserved Parking; Visitor Parking; Centralized AC; 24 hours water supply; CCTV,"https://www.google.com/maps?q=12.983663,77.693397",https://properties.cityinfoservices.com/bagmane-world-technology-centre-citrine-block-for-rent-in-doddanekkundi-bangalore/i85f7lb/prd,2026-09-21T05:49:57.295939+00:00,58
Brigade Cornerstone Utopia - Elysium,Varthur,Brigade Enterprises Limited,Office Space,,,,,,,,,Ready for fit outs,3 Basement + Ground + 18 Floors,"~22,000",,Brigade Cornerstone Utopia - Elysium,,Security; Reserved Parking; Visitor Parking; WiFi; Centralized AC; 24 hours water supply; CCTV,"https://www.google.com/maps?q=12.9901965,77.6629211",https://properties.cityinfoservices.com/brigade-cornerstone-utopia-elysium-for-rent-in-varthur-road-bangalore/7q6gois/prd,2026-09-21T05:49:58.644159+00:00,59
Brigade Cornerstone Utopia - Elysium,Varthur,Brigade Enterprises Limited,Office Space,,,,,,,,,Ready for fit outs,3 Basement + Ground + 18 Floors,"~22,000",,Brigade Cornerstone Utopia - Elysium,,Security; Reserved Parking; Visitor Parking; WiFi; Centralized AC; 24 hours water supply; CCTV,"https://www.google.com/maps?q=12.9901965,77.6629211",https://properties.cityinfoservices.com/brigade-cornerstone-utopia-elysium-for-rent-in-varthur-road-bangalore/vt9bryb/prd,2026-09-21T05:50:01.324145+00:00,59
Maran Towers,Brunton Road,,Office Space,,,,,,,,,Ready to move,Basement + Ground + 4 Floors,"~12,000",,Maran Towers,,Security; Reserved Parking; Visitor Parking; Centralized AC; 24 hours water supply; CCTV,"https://www.google.com/maps?q=12.9699977,77.61528059999999",https://properties.cityinfoservices.com/maran-towers-for-rent-in-brunton-road-bangalore/au8s6tl/prd,2026-09-21T05:50:01.709067+00:00,58
Brigade Cornerstone Utopia - Elysium,Varthur,Brigade Enterprises Limited,Office Space,,,,,,,,,Ready for fit outs,3 Basement + Ground + 18 Floors,~22000,,Brigade Cornerstone Utopia - Elysium,,Security; Reserved Parking; Visitor Parking; WiFi; Centralized AC; 24 hours water supply; CCTV,"https://www.google.com/maps?q=12.9901965,77.6629211",https://properties.cityinfoservices.com/brigade-cornerstone-utopia-elysium-for-rent-in-varthur-road-bangalore/vro4u87/prd,2026-09-21T05:50:03.222838+00:00,59
Brigade Cornerstone Utopia - Elysium,Varthur,Brigade Enterprises Limited,Office Space,,,,,,,,,Ready for fit outs,3 Basement + Ground + 18 Floors,"~22,000",,Brigade Cornerstone Utopia - Elysium,,Security; Reserved Parking; Visitor Parking; WiFi; Centralized AC; 24 hours water supply; CCTV,"https://www.google.com/maps?q=12.9901965,77.6629211",https://properties.cityinfoservices.com/brigade-cornerstone-utopia-elysium-for-rent-in-varthur-road-bangalore/xokb997/prd,2026-09-21T05:50:03.537844+00:00,59
NRN Holdings,Electronic City,,Office Space,,,,,,,,,Ready for fit outs,2 Basement + Ground + 10 Floors,"~20,000",,NRN Holdings,,Security; Reserved Parking; Visitor Parking; Centralized AC; 24 hours water supply; CCTV,"https://www.google.com/maps?q=12.843864,77.661218",https://properties.cityinfoservices.com/nrn-holdings-for-rent-in-electronic-city-bangalore/fe2p6vq/prd,2026-09-21T05:50:04.380096+00:00,59
Brigade Cornerstone Utopia - Elysium,Varthur,Brigade Enterprises Limited,Office Space,,,,,,,,,Ready for fit outs,3 Basement + Ground + 18 Floors,"~22,000",,Brigade Cornerstone Utopia - Elysium,,Security; Reserved Parking; Visitor Parking; Centralized AC; 24 hours water supply; CCTV,"https://www.google.com/maps?q=12.9901965,77.6629211",https://properties.cityinfoservices.com/brigade-cornerstone-utopia-elysium-for-rent-in-varthur-road-bangalore/5rsnoil/prd,2026-09-21T05:50:04.580124+00:00,59
H&G Sparrow,Kanakapura Road,,Office Space,,,,,,,,,Ready for fit outs,Basement + Ground + 3 Floors,"~19,000",,H&G Sparrow,,Security; Reserved Parking; Visitor Parking; Centralized AC; 24 hours water supply; CCTV,"https://www.google.com/maps?q=12.883929,77.551952",https://properties.cityinfoservices.com/h-amp-g-sparrow-for-rent-in-kanakapura-road-bangalore/dtmmzxj/prd,2026-09-21T05:50:05.748287+00:00,59
H&G Sparrow,Kanakapura Road,,Office Space,,,,,,,,,Ready for fit outs,Basement + Ground + 3 Floors,"~19,000",,H&G Sparrow,,Security; Reserved Parking; Visitor Parking; Centralized AC; 24 hours water supply; CCTV,"https://www.google.com/maps?q=12.883929,77.551952",https://properties.cityinfoservices.com/h-amp-g-sparrow-for-rent-in-kanakapura-road-bangalore/38cknpy/prd,2026-09-21T05:50:06.171732+00:00,59
H&G Sparrow,Kanakapura Road,,Office Space,,,,,,,,,Ready for fit outs,Basement + Ground + 3 Floors,"~19,000",,H&G Sparrow,,Security; Reserved Parking; Visitor Parking; Centralized AC; 24 hours water supply; CCTV,"https://www.google.com/maps?q=12.883929,77.551952",https://properties.cityinfoservices.com/h-amp-g-sparrow-for-rent-in-kanakapura-road-bangalore/3h73xzc/prd,2026-09-21T05:50:07.304684+00:00,59
Kemp Fort Mall,HAL Old Airport Road,,Office Space,,,,,,,,,Ready for fit outs,Basement + Ground + 3 Floors,"~45,587",,Kemp Fort Mall,,Security; Reserved Parking; Visitor Parking; Centralized AC; 24 hours water supply; CCTV,"https://www.google.com/maps?q=12.958758,77.656732",https://properties.cityinfoservices.com/kemp-fort-mall-for-rent-in-hal-old-airport-road-bangalore/he72csx/prd,2026-09-21T05:50:08.272954+00:00,60
Kemp Fort Mall,HAL Old Airport Road,,Office Space,,,,,,,,,Ready for fit outs,Basement + Ground + 3 Floors,"~45,587",,Kemp Fort Mall,,Security; Reserved Parking; Visitor Parking; Centralized AC; 24 hours water supply; CCTV,"https://www.google.com/maps?q=12.958758,77.656732",https://properties.cityinfoservices.com/kemp-fort-mall-for-rent-in-hal-old-airport-road-bangalore/v4k568s/prd,2026-09-21T05:50:09.638658+00:00,60
Gopalan Legacy Mall,Mysore Road,Independent Developer,Office Space,,,,,,,,,Ready for fit outs,B + Ground + 4 Floors,"~70,000",,Gopalan Legacy Mall,,Security; Reserved Parking; Visitor Parking; Centralized AC; 24 hours water supply; CCTV,"https://www.google.com/maps?q=12.958948741628099,77.55338503187127",https://properties.cityinfoservices.com/gopalan-legacy-mall-for-rent-in-mysore-road-bangalore/vte98ri/prd,2026-09-21T05:50:11.182382+00:00,61
Kemp Fort Mall,HAL Old Airport Road,,Office Space,,,,,,,,,Ready for fit outs,Basement + Ground + 3 Floors,"~45,587",,Kemp Fort Mall,,Security; Reserved Parking; Visitor Parking; Centralized AC; 24 hours water supply; CCTV,"https://www.google.com/maps?q=12.958758,77.656732",https://properties.cityinfoservices.com/kemp-fort-mall-for-rent-in-hal-old-airport-road-bangalore/igta9xj/prd,2026-09-21T05:50:11.355938+00:00,60
Urban Vault - HSR 468,HSR Layout,Urban Vault Companies (Mispras Furnishings Private Limited),Business Center & Co-working Space,107,,,,,,,,Ready To Occupy,,,,Urban Vault - HSR 468,,Security; Reserved Parking; Centralized AC; 24 hours water supply; CCTV,"https://www.google.com/maps?q=12.911361,77.649639",https://properties.cityinfoservices.com/urban-vault-hsr-468-for-rent-in-hsr-layout-bangalore/7mylzc7/prd,2026-09-21T05:50:11.698602+00:00,61
Kemp Fort Mall,HAL Old Airport Road,,Office Space,,,,,,,,,Ready for fit outs,Basement + Ground + 3 Floors,"~45,587",,Kemp Fort Mall,,Security; Reserved Parking; Visitor Parking; Centralized AC; 24 hours water supply; CCTV,"https://www.google.com/maps?q=12.958758,77.656732",https://properties.cityinfoservices.com/kemp-fort-mall-for-rent-in-hal-old-airport-road-bangalore/vthserj/prd,2026-09-21T05:50:12.757079+00:00,60
91 Springboard - ORR Mahadevapura,Mahadevapura,91 Springboard Business Hub Pvt. Ltd.,Business Center & Co-working Space,376,,,,,,,,Ready to Occupy,,,,91 Springboard - ORR Mahadevapura,,Security; Reserved Parking; Centralized AC; 24 hours water supply; CCTV,"https://www.google.com/maps?q=12.98887146,77.6893679",https://properties.cityinfoservices.com/91-springboard-orr-mahadevapura-for-rent-in-mahadevapura-bangalore/zul4uya/prd,2026-09-21T05:50:14.901553+00:00,61
EBC Space - 1,HSR Layout,EBC Space,Business Center & Co-working Space,120,,,,,,,,Ready to Occupy,,,,EBC Space - 1,,Security; Reserved Parking; Visitor Parking; Centralized AC; 24 hours water supply; CCTV,"https://www.google.com/maps?q=12.915779,77.647301",https://properties.cityinfoservices.com/ebc-space-1-for-rent-in-hsr-layout-bangalore/ie2lyde/prd,2026-09-21T05:50:15.337424+00:00,62
IndiQube - Eco 20 (Ecoworld Campus 20),Bellandur,IndiQube Spaces Limited,Business Center & Co-working Space,100,,100,,,,,,Ready for Fit-out,,,,IndiQube - Eco 20 (Ecoworld Campus 20),,Security; Reserved Parking; Visitor Parking; Centralized AC; 24 hours water supply; CCTV,"https://www.google.com/maps?q=12.919039,77.687755",https://properties.cityinfoservices.com/indiqube-eco-20-ecoworld-campus-20--for-rent-in-bellandur-bangalore/x2nrsmw/prd,2026-09-21T05:50:15.680587+00:00,61
EBC Space - 1,HSR Layout,EBC Space,Business Center & Co-working Space,100,,,,,,,,Ready to Occupy,,,,EBC Space - 1,,Security; Reserved Parking; Visitor Parking; Centralized AC; 24 hours water supply; CCTV,"https://www.google.com/maps?q=12.915779,77.647301",https://properties.cityinfoservices.com/ebc-space-1-for-rent-in-hsr-layout-bangalore/c6fa3tm/prd,2026-09-21T05:50:16.503508+00:00,62
IndiQube - Opal,Indiranagar,IndiQube Spaces Limited,Business Center & Co-working Space,93,,,,,,,,Ready to Occupy,,,,IndiQube - Opal,,Security; Reserved Parking; Centralized AC; 24 hours water supply; CCTV,"https://www.google.com/maps?q=12.9716076,77.6459169",https://properties.cityinfoservices.com/indiqube-opal-for-rent-in-indiranagar-bangalore/ruh625p/prd,2026-09-21T05:50:16.524733+00:00,61
EBC Space - 1,HSR Layout,EBC Space,Business Center & Co-working Space,90,,,,,,,,Ready to Occupy,,,,EBC Space - 1,,Security; Reserved Parking; Visitor Parking; Centralized AC; 24 hours water supply; CCTV,"https://www.google.com/maps?q=12.915779,77.647301",https://properties.cityinfoservices.com/ebc-space-1-for-rent-in-hsr-layout-bangalore/2gn6bbi/prd,2026-09-21T05:50:18.162117+00:00,62
Featherlite Signature,Kadubeesanahalli,Featherlite Developers Pvt. Ltd.,Office Space,,,,,,,,,Under Construction,2 Basement + Ground + 10 Floors,"~38,412",,Featherlite Signature,,Security; Reserved Parking; Visitor Parking; Centralized AC; 24 hours water supply; CCTV,"https://www.google.com/maps?q=12.937279326723575,77.69401966217956",https://properties.cityinfoservices.com/featherlite-signature-for-rent-in-kadubeesanahalli-road-bangalore/ml34ycs/prd,2026-09-21T05:50:19.882261+00:00,62
Featherlite Signature,Kadubeesanahalli,Featherlite Developers Pvt. Ltd.,Office Space,,,,,,,,,Under Construction,2 Basement + Ground + 10 Floors,"~38,412",,Featherlite Signature,,Security; Reserved Parking; Visitor Parking; Centralized AC; 24 hours water supply; CCTV,"https://www.google.com/maps?q=12.937279326723575,77.69401966217956",https://properties.cityinfoservices.com/featherlite-signature-for-rent-in-kadubeesanahalli-road-bangalore/wxryl32/prd,2026-09-21T05:50:20.351602+00:00,62
Featherlite Signature,Kadubeesanahalli,Featherlite Developers Pvt. Ltd.,Office Space,,,,,,,,,Under Construction,2 Basement + Ground + 10 Floors,"~38,412",,Featherlite Signature,,Security; Reserved Parking; Visitor Parking; Centralized AC; 24 hours water supply; CCTV,"https://www.google.com/maps?q=12.937279326723575,77.69401966217956",https://properties.cityinfoservices.com/featherlite-signature-for-rent-in-kadubeesanahalli-road-bangalore/ubyp4xj/prd,2026-09-21T05:50:21.976255+00:00,62
Pritech Park - Block 9,Bellandur,RGA Software Systems Pvt. Ltd. (Primal Projects Pvt. Ltd.),Office Space,,,,,,,,,Ready for fit outs,Basement + Ground + 9 Floors,"~63,830",,Pritech Park - Block 9,,Security; Reserved Parking; Visitor Parking; Centralized AC; 24 hours water supply; CCTV,"https://www.google.com/maps?q=12.92365933995496,77.6807256253784",https://properties.cityinfoservices.com/pritech-park-block-9-for-rent-in-bellandur-bangalore/2mqfyqn/prd,2026-09-21T05:50:23.106887+00:00,59
Featherlite Signature,Kadubeesanahalli,Featherlite Developers Pvt. Ltd.,Office Space,,,,,,,,,Under Construction,2 Basement + Ground + 10 Floors,"~38,412",,Featherlite Signature,,Security; Reserved Parking; Visitor Parking; Centralized AC; 24 hours water supply; CCTV,"https://www.google.com/maps?q=12.937279326723575,77.69401966217956",https://properties.cityinfoservices.com/featherlite-signature-for-rent-in-kadubeesanahalli-road-bangalore/xijxj5b/prd,2026-09-21T05:50:24.085018+00:00,62
Featherlite Signature,Kadubeesanahalli,Featherlite Developers Pvt. Ltd.,Office Space,,,,,,,,,Under Construction,2 Basement + Ground + 10 Floors,"~38,412",,Featherlite Signature,,Security; Reserved Parking; Visitor Parking; Centralized AC; 24 hours water supply; CCTV,"https://www.google.com/maps?q=12.937279326723575,77.69401966217956",https://properties.cityinfoservices.com/featherlite-signature-for-rent-in-kadubeesanahalli-road-bangalore/6o96swj/prd,2026-09-21T05:50:25.860126+00:00,62
Featherlite Signature,Kadubeesanahalli,Featherlite Developers Pvt. Ltd.,Office Space,,,,,,,,,Under Construction,2 Basement + Ground + 10 Floors,"~38,412",,Featherlite Signature,,Security; Reserved Parking; Visitor Parking; Centralized AC; 24 hours water supply; CCTV,"https://www.google.com/maps?q=12.937279326723575,77.69401966217956",https://properties.cityinfoservices.com/featherlite-signature-for-rent-in-kadubeesanahalli-road-bangalore/n6uc8xx/prd,2026-09-21T05:50:26.517529+00:00,62
Unispace Business Center - MFAR Silverline,Whitefield,Unispace Business Center Pvt. Ltd.,Business Center & Co-working Space,500,,,,,,,,30 to 45 days from the date of signing agreement,,,,Unispace Business Center - MFAR Silverline,,Security; Reserved Parking; Visitor Parking; Centralized AC; 24 hours water supply; CCTV,"https://www.google.com/maps?q=12.973996,77.720857",https://properties.cityinfoservices.com/unispace-business-center-mfar-silverline-for-rent-in-whitefield-bangalore/67zy8e8/prd,2026-09-21T05:50:27.589645+00:00,61
Brookfield Ecoworld - Campus 8A,Bellandur,Brookfield Properties,Office Space,,,,,,,,,Ready for fit outs,3 Basement + Ground + 10 Floors,"~52,000 to ~73,000",,Brookfield Ecoworld - Campus 8A,,Security; Reserved Parking; Visitor Parking; Centralized AC; 24 hours water supply; CCTV,"https://www.google.com/maps?q=12.919647820837122,77.68481328224792",https://properties.cityinfoservices.com/brookfield-ecoworld-campus-8a-for-rent-in-bellandur-bangalore/7r4mm38/prd,2026-09-21T05:50:28.622109+00:00,61
Attic Space - Advaith,HSR Layout,,Business Center & Co-working Space,90,,,,,,,,Ready to Occupy,,,,Attic Space - Advaith,,Security; Reserved Parking; 24 hours water supply; CCTV,"https://www.google.com/maps?q=12.913870,77.644890",https://properties.cityinfoservices.com/attic-space-advaith-for-rent-in-hsr-layout-bangalore/lb99wng/prd,2026-09-21T05:50:29.066255+00:00,61
315 Work Avenue - HSR4,HSR Layout,315 Work Avenue Spaces Pvt. Ltd.,Business Center & Co-working Space,50,,,,,,,,Ready to Occupy,,,,315 Work Avenue - HSR4,,Security; Reserved Parking; Visitor Parking; Centralized AC; 24 hours water supply; CCTV,"https://www.google.com/maps?q=12.913105,77.626053",https://properties.cityinfoservices.com/315-work-avenue-hsr4-for-rent-in-hsr-layout-bangalore/glwk8q6/prd,2026-09-21T05:50:29.384316+00:00,61
Skav Inaya,JP Nagar,SKAV Developers Pvt. Ltd.,Office Space,,,,,,,,,Ready for fit outs,Basement + Ground + 2 Floors,"~12,300",,Skav Inaya,,Security; Reserved Parking; Visitor Parking; Centralized AC; 24 hours water supply; CCTV,"https://www.google.com/maps?q=12.906875,77.597731",https://properties.cityinfoservices.com/skav-inaya-for-rent-in-jp-nagar-bangalore/yngde9u/prd,2026-09-21T05:50:29.921746+00:00,63
Prestige Nebula - Block 2,Infantry Road,Prestige Estates Projects Limited,Office Space,,,,,,,,,Ready to move,Basement + Ground + 5 Floors,"~5,000 to ~8,000",,Prestige Nebula - Block 2,,Security; Reserved Parking; Visitor Parking; Centralized AC; 24 hours water supply; CCTV,"https://www.google.com/maps?q=12.9826213,77.59696020000001",https://properties.cityinfoservices.com/prestige-nebula-block-2-for-rent-in-infantry-road-bangalore/ozu3osf/prd,2026-09-21T05:50:30.581055+00:00,61
Anthill IQ Workspace - Arekere (Bannerghatta Road),Bannerghatta Road,Anthill IQ Workspace,Business Center & Co-working Space,63,,,,,,,,Ready to Occupy,,,,Anthill IQ Workspace - Arekere (Bannerghatta Road),,Security; Reserved Parking; Centralized AC; 24 hours water supply; CCTV,"https://www.google.com/maps?q=12.8887452,77.5971253",https://properties.cityinfoservices.com/anthill-iq-workspace-arekere-bannerghatta-road--for-rent-in-bannerghatta-main-road-bangalore/nutmdgv/prd,2026-09-21T05:50:32.291463+00:00,63
Anthill IQ Workspace - Cunningham Road,Cunningham Road,Anthill IQ Workspace,Business Center & Co-working Space,18,,,,,,,,Ready to Occupy,,,,Anthill IQ Workspace - Cunningham Road,,Security; Reserved Parking; Visitor Parking; Centralized AC; 24 hours water supply; CCTV,"https://www.google.com/maps?q=12.9849682,77.5969262",https://properties.cityinfoservices.com/anthill-iq-workspace-cunningham-road-for-rent-in-cunningham-road-bangalore/p4yhr77/prd,2026-09-21T05:50:32.504685+00:00,63
Featherlite Signature,Kadubeesanahalli,Featherlite Developers Pvt. Ltd.,Office Space,,,,,,,,,Under Construction,2 Basement + Ground + 10 Floors,"~38,412",,Featherlite Signature,,Security; Reserved Parking; Visitor Parking; Centralized AC; 24 hours water supply; CCTV,"https://www.google.com/maps?q=12.937279326723575,77.69401966217956",https://properties.cityinfoservices.com/featherlite-signature-for-rent-in-kadubeesanahalli-road-bangalore/lolo8fm/prd,2026-09-21T05:50:32.852216+00:00,62
Anthill IQ Workspace - Hebbal,Hebbal,Anthill IQ Workspace,Business Center & Co-working Space,50,,,,,,,,Ready to Occupy,,,,Anthill IQ Workspace - Hebbal,,Security; Reserved Parking; Visitor Parking; Centralized AC; 24 hours water supply; CCTV,"https://www.google.com/maps?q=13.056825,77.592148",https://properties.cityinfoservices.com/anthill-iq-workspace-hebbal-for-rent-in-hebbal-bangalore/qnpwhha/prd,2026-09-21T05:50:33.259120+00:00,63
"Embassy East Business Park - Tower 2, Wing B",Whitefield,Embassy Property Developments Pvt. Ltd.,Office Space,,,,,,,,,Under Construction,2 Basements + Ground + 16 Floors,"~40,000",,"Embassy East Business Park - Tower 2, Wing B",,Security; Reserved Parking; Visitor Parking; Centralized AC; 24 hours water supply; CCTV,"https://www.google.com/maps?q=12.991917,77.738806",https://properties.cityinfoservices.com/embassy-east-business-park-tower-2-wing-b-for-rent-in-whitefield-bangalore/o2ol9bk/prd,2026-09-21T05:50:33.892611+00:00,63
Workship - Sumadhura Z Hub,Whitefield,Sumadhura Workship Private Limited,Business Center & Co-working Space,271,,,,,,,,Ready to Occupy,,,,Workship - Sumadhura Z Hub,,Security; Reserved Parking; Visitor Parking; Centralized AC; 24 hours water supply; CCTV,"https://www.google.com/maps?q=12.984372,77.733450",https://properties.cityinfoservices.com/workship-sumadhura-z-hub-for-rent-in-whitefield-bangalore/ahvddd2/prd,2026-09-21T05:50:35.612723+00:00,64
Prestige Tech Park 2 - Elnath Block,Kadubeesanahalli,Prestige Estates Projects Limited,Office Space,,,,,,,,,Ready to move,Basement + Ground + 9 Floors,"~81,224",,Prestige Tech Park 2 - Elnath Block,,Security; Reserved Parking; Visitor Parking; Centralized AC; 24 hours water supply; CCTV,"https://www.google.com/maps?q=12.941676556080592,77.69094383002471",https://properties.cityinfoservices.com/prestige-tech-park-2-elnath-block-for-rent-in-kadubeesanahalli-road-bangalore/zm9isoh/prd,2026-09-21T05:50:36.533159+00:00,64
Prestige Tech Park 2 - Elnath Block,Kadubeesanahalli,Prestige Estates Projects Limited,Office Space,,,,,,,,,Ready to move,Basement + Ground + 9 Floors,"~81,224",,Prestige Tech Park 2 - Elnath Block,,Security; Reserved Parking; Visitor Parking; Centralized AC; 24 hours water supply; CCTV,"https://www.google.com/maps?q=12.941676556080592,77.69094383002471",https://properties.cityinfoservices.com/prestige-tech-park-2-elnath-block-for-rent-in-kadubeesanahalli-road-bangalore/pnviuir/prd,2026-09-21T05:50:37.248320+00:00,64
BuzzWorks - Brigade Padmini Tech Valley,Varthur,BuzzWorks by Brigade Group (Co-working Spaces),Business Center & Co-working Space,94,,,,,,,,Ready to Occupy,,,,BuzzWorks - Brigade Padmini Tech Valley,,Security; Reserved Parking; Visitor Parking; Centralized AC; 24 hours water supply; CCTV,"https://www.google.com/maps?q=12.9565789,77.7290063",https://properties.cityinfoservices.com/buzzworks-brigade-padmini-tech-valley-for-rent-in-varthur-road-bangalore/c7y6mhf/prd,2026-09-21T05:50:37.377595+00:00,65
Prestige Tech Park 2 - Elnath Block,Kadubeesanahalli,Prestige Estates Projects Limited,Office Space,,,,,,,,,Ready to move,Basement + Ground + 9 Floors,"~81,224",,Prestige Tech Park 2 - Elnath Block,,Security; Reserved Parking; Visitor Parking; Centralized AC; 24 hours water supply; CCTV,"https://www.google.com/maps?q=12.941676556080592,77.69094383002471",https://properties.cityinfoservices.com/prestige-tech-park-2-elnath-block-for-rent-in-kadubeesanahalli-road-bangalore/pmnft7z/prd,2026-09-21T05:50:38.456374+00:00,64
Prestige Tech Park 2 - Elnath Block,Kadubeesanahalli,Prestige Estates Projects Limited,Office Space,,,,,,,,,Ready to move,Basement + Ground + 9 Floors,"~81,224",,Prestige Tech Park 2 - Elnath Block,,Security; Reserved Parking; Visitor Parking; Centralized AC; 24 hours water supply; CCTV,"https://www.google.com/maps?q=12.941676556080592,77.69094383002471",https://properties.cityinfoservices.com/prestige-tech-park-2-elnath-block-for-rent-in-kadubeesanahalli-road-bangalore/kbkp8q2/prd,2026-09-21T05:50:38.607902+00:00,64
BuzzWorks - Brigade Padmini Tech Valley,Varthur,BuzzWorks by Brigade Group (Co-working Spaces),Business Center & Co-working Space,53,,,,,,,,Ready to Occupy,,,,BuzzWorks - Brigade Padmini Tech Valley,,Security; Reserved Parking; Visitor Parking; Centralized AC; 24 hours water supply; CCTV,"https://www.google.com/maps?q=12.9565789,77.7290063",https://properties.cityinfoservices.com/buzzworks-brigade-padmini-tech-valley-for-rent-in-varthur-road-bangalore/kwzn9bx/prd,2026-09-21T05:50:39.549293+00:00,65
The Executive Centre - Mfar Greenheart (Manyata Tech Park),Hebbal,The Executive Centre Limited,Business Center & Co-working Space,29,,,,,,,,Ready to Occupy from May 2026,,,,The Executive Centre - Mfar Greenheart (Manyata Tech Park),,Security; Reserved Parking; Visitor Parking; Centralized AC; 24 hours water supply; CCTV,"https://www.google.com/maps?q=13.0454154,77.62135890000002",https://properties.cityinfoservices.com/the-executive-centre-mfar-greenheart-manyata-tech-park--for-rent-in-hebbal-bangalore/tvkyq4b/prd,2026-09-21T05:50:40.001082+00:00,64
"CoWrks - Centennial, Campus D",Whitefield,CoWrks Coworking Spaces Pvt. Ltd.,Business Center & Co-working Space,158,,,,,,,,Ready to Occupy,,,,"CoWrks - Centennial, Campus D",,Security; Reserved Parking; Visitor Parking; Centralized AC; 24 hours water supply; CCTV,"https://www.google.com/maps?q=12.975991,77.711534",https://properties.cityinfoservices.com/cowrks-centennial-campus-d-for-rent-in-whitefield-bangalore/ompeove/prd,2026-09-21T05:50:41.329505+00:00,65
Workship - Sumadhura Z Hub,Whitefield,Sumadhura Workship Private Limited,Business Center & Co-working Space,39,,,,,,,,Ready to Occupy,,,,Workship - Sumadhura Z Hub,,Security; Reserved Parking; Visitor Parking; Centralized AC; 24 hours water supply; CCTV,"https://www.google.com/maps?q=12.984372,77.733450",https://properties.cityinfoservices.com/workship-sumadhura-z-hub-for-rent-in-whitefield-bangalore/j8jzy3v/prd,2026-09-21T05:50:45.912082+00:00,65
Workship - Sumadhura Z Hub,Whitefield,Sumadhura Workship Private Limited,Business Center & Co-working Space,32,,,,,,,,Ready to Occupy,,,,Workship - Sumadhura Z Hub,,Security; Reserved Parking; Visitor Parking; Centralized AC; 24 hours water supply; CCTV,"https://www.google.com/maps?q=12.984372,77.733450",https://properties.cityinfoservices.com/workship-sumadhura-z-hub-for-rent-in-whitefield-bangalore/j7uz4eh/prd,2026-09-21T05:50:47.720674+00:00,65
Workship - Sumadhura Z Hub,Whitefield,Sumadhura Workship Private Limited,Business Center & Co-working Space,84,,,,,,,,Ready to Occupy,,,,Workship - Sumadhura Z Hub,,Security; Reserved Parking; Visitor Parking; Centralized AC; 24 hours water supply; CCTV,"https://www.google.com/maps?q=12.984372,77.733450",https://properties.cityinfoservices.com/workship-sumadhura-z-hub-for-rent-in-whitefield-bangalore/23adbab/prd,2026-09-21T05:50:48.406197+00:00,65
Workship - Sumadhura Z Hub,Whitefield,Sumadhura Workship Private Limited,Business Center & Co-working Space,24,,,,,,,,Ready to Occupy,,,,Workship - Sumadhura Z Hub,,Security; Reserved Parking; Visitor Parking; Centralized AC; 24 hours water supply; CCTV,"https://www.google.com/maps?q=12.984372,77.733450",https://properties.cityinfoservices.com/workship-sumadhura-z-hub-for-rent-in-whitefield-bangalore/sjt2bcv/prd,2026-09-21T05:50:49.986424+00:00,65
"Buzzworks - Brigade Tech Gardens, Block A",Brookefield,BuzzWorks by Brigade Group (Co-working Spaces),Business Center & Co-working Space,75,,,,,,,,Ready to Occupy from April 2026,,,,"Buzzworks - Brigade Tech Gardens, Block A",,Security; Reserved Parking; Visitor Parking; Centralized AC; 24 hours water supply; CCTV,"https://www.google.com/maps?q=12.964022,77.7181002",https://properties.cityinfoservices.com/buzzworks-brigade-tech-gardens-block-a-for-rent-in-brookefield-bangalore/gsgufyh/prd,2026-09-21T05:50:50.364793+00:00,66
"Buzzworks - Brigade Tech Gardens, Block A",Brookefield,BuzzWorks by Brigade Group (Co-working Spaces),Business Center & Co-working Space,174,,,,,,,,Ready to Occupy from April 2026,,,,"Buzzworks - Brigade Tech Gardens, Block A",,Security; Reserved Parking; Visitor Parking; Centralized AC; 24 hours water supply; CCTV,"https://www.google.com/maps?q=12.964022,77.7181002",https://properties.cityinfoservices.com/buzzworks-brigade-tech-gardens-block-a-for-rent-in-brookefield-bangalore/tmwpa53/prd,2026-09-21T05:50:51.411537+00:00,66
Workship - Sumadhura Z Hub,Whitefield,Sumadhura Workship Private Limited,Business Center & Co-working Space,23,,,,,,,,Ready to Occupy,,,,Workship - Sumadhura Z Hub,,Security; Reserved Parking; Visitor Parking; Centralized AC; 24 hours water supply; CCTV,"https://www.google.com/maps?q=12.984372,77.733450",https://properties.cityinfoservices.com/workship-sumadhura-z-hub-for-rent-in-whitefield-bangalore/khkw8mb/prd,2026-09-21T05:50:53.843319+00:00,65
Neil Rao Towers ( Neil Tower ),Whitefield,Rao Computer Consultants Pvt. Ltd.,Office Space,,,,,,,,,Ready to move,Basement + Ground + 6 Floors,"~20,442",,Neil Rao Towers ( Neil Tower ),,Security; Reserved Parking; Visitor Parking; Centralized AC; 24 hours water supply; CCTV,"https://www.google.com/maps?q=12.9781191,77.7249535",https://properties.cityinfoservices.com/neil-rao-towers-neil-tower--for-rent-in-whitefield-bangalore/ppxern9/prd,2026-09-21T05:50:54.625843+00:00,67
91 Springboard - Helios Business Park Block D,Kadubeesanahalli,91 Springboard Business Hub Pvt. Ltd.,Business Center & Co-working Space,1300,,,,,,,,Ready to Occupy,,,,91 Springboard - Helios Business Park Block D,,Security; Reserved Parking; Visitor Parking; Centralized AC; 24 hours water supply; CCTV,"https://www.google.com/maps?q=12.936755,77.688840",https://properties.cityinfoservices.com/91-springboard-helios-business-park-block-d-for-rent-in-kadubeesanahalli-road-bangalore/wbryi7d/prd,2026-09-21T05:50:56.308833+00:00,67
Manyata Embassy Business Park - Ebony Block (G2),Nagavara,Embassy Property Developments Pvt. Ltd.,Office Space,,,,,,,,,Ready for fit outs,2 Basement + Ground + 8 Floors,"~46,000",,"Set on an expansive campus spanning 11.4 million sq. ft. of land, Manyata Embassy Business Park is located on Hebbal Outer Ring Road. This premium Grade-A tech park is equipped with a sizable list of conveniences and amenities including a food court, outdoor sports zone, day care centre, ATMs, banks and more. The project is positioned close to several bus stops, play-schools, and residential area. It comes with ample parking space. Ebony Block (G2) is a 9-storey building which brings to life new-age workplaces that are fitted with all basic and new-age amenities. Spanning a total built-up area of ~4,03,526 sq. ft., this block provides for a space of ~46,000 sq. ft. across each floor. IBM India and Kyndryl Solutions are the current tenants in this building.",,Security; Reserved Parking; Visitor Parking; Centralized AC; 24 hours water supply; CCTV,"https://www.google.com/maps?q=13.047880652097591,77.62199988737181",https://properties.cityinfoservices.com/manyata-embassy-business-park-ebony-block-g2--for-rent-in-nagavara-bangalore/h664mpz/prd,2026-09-21T05:50:58.667241+00:00,68
Manyata Embassy Business Park - Cypress (D4),Nagavara,Embassy Property Developments Pvt. Ltd.,Office Space,,,,,,,,,Ready to move,Ground + 10 Floors,"~50,000",,"Set on an expansive campus spanning 11.4 million sq. ft. of land, Manyata Embassy Business Park is located on Hebbal Outer Ring Road. This premium Grade-A tech park is equipped with a sizable list of conveniences and amenities including a food court, outdoor sports zone, day care centre, ATMs, banks and more. The project is positioned close to several bus stops, play-schools, and residential area. It comes with ample parking space. Cypress (D4) is an 11-storey building which brings to life new-age workplaces that are fitted with all basic and new-age amenities. Spanning a total built-up area of ~5,36,255 sq. ft., this block provides for a space of ~50,000 sq. ft. across each floor. IBM India and Concentrix Daksh Services are the current tenants in this building.",,Security; Reserved Parking; Visitor Parking; Centralized AC; 24 hours water supply; CCTV,"https://www.google.com/maps?q=13.049850815364334,77.62033691778258",https://properties.cityinfoservices.com/manyata-embassy-business-park-cypress-d4--for-rent-in-nagavara-bangalore/co9ych9/prd,2026-09-21T05:50:59.379984+00:00,68
The Executive Centre - The Earth Centre Block A,Whitefield,Executive Centre India Private Limited (TEC-The Executive Centre),Business Center & Co-working Space,200,,,,,,,,Ready to Occupy,,,,The Executive Centre - The Earth Centre Block A,,Security; Reserved Parking; Visitor Parking; Centralized AC; 24 hours water supply; CCTV,"https://www.google.com/maps?q=12.985631,77.728675",https://properties.cityinfoservices.com/the-executive-centre-the-earth-centre-block-a-for-rent-in-whitefield-bangalore/xui9l65/prd,2026-09-21T05:51:00.122109+00:00,67
Manyata Embassy Business Park - Cypress (D4),Nagavara,Embassy Property Developments Pvt. Ltd.,Office Space,,,,,,,,,Ready to move,Ground + 10 Floors,"~50,000",,"Set on an expansive campus spanning 11.4 million sq. ft. of land, Manyata Embassy Business Park is located on Hebbal Outer Ring Road. This premium Grade-A tech park is equipped with a sizable list of conveniences and amenities including a food court, outdoor sports zone, day care centre, ATMs, banks and more. The project is positioned close to several bus stops, play-schools, and residential area. It comes with ample parking space. Cypress (D4) is an 11-storey building which brings to life new-age workplaces that are fitted with all basic and new-age amenities. Spanning a total built-up area of ~5,36,255 sq. ft., this block provides for a space of ~50,000 sq. ft. across each floor. IBM India and Concentrix Daksh Services are the current tenants in this building.",,Security; Reserved Parking; Visitor Parking; Centralized AC; 24 hours water supply; CCTV,"https://www.google.com/maps?q=13.049850815364334,77.62033691778258",https://properties.cityinfoservices.com/manyata-embassy-business-park-cypress-d4--for-rent-in-nagavara-bangalore/o4oetnb/prd,2026-09-21T05:51:00.359005+00:00,68
Prestige Tech Platina - Block 3,Kadubeesanahalli,Prestige Estates Projects Limited,Office Space,,,,,,,,,Ready for fit outs,2 Basement + Ground + 12 Floors,"~31,500",,"Prestige Tech Platina’s premium office spaces ranging over a total built-up area of ~1.5 million sq.ft.approach all business needs in an efficient manner. Ideally located on the Marathahalli-Sarjapur Outer Ring Road, Bangalore’s prime IT corridor, this Grade-A tech park consists of 3 towers and an in-house food court. The ~8.81 acre campus lies in close proximity to several transport hubs, restaurants, residential areas and schools. Block 3 (Platina 3), This tower offers premium office spaces across it’s total built-up area of ~3,85,442 sq.ft. Each floor in this 13-story tower spans an area of ~31,500 sq.ft. JP Morgan Services India Pvt. Ltd. and Mylan Laboratories Ltd. are the current occupiers.",,Security; Reserved Parking; Visitor Parking; Centralized AC; 24 hours water supply; CCTV,"https://www.google.com/maps?q=12.933972,77.69466598675538",https://properties.cityinfoservices.com/prestige-tech-platina-block-3-for-rent-in-kadubeesanahalli-road-bangalore/eku43lb/prd,2026-09-21T05:51:02.270151+00:00,69
WeWork - Infinix Palladium,Whitefield,WeWork India Management Pvt Ltd,Business Center & Co-working Space,280,,,,,,,,Ready to Occupy,,,,"WeWork - Infinix Palladium brings a new workspace experience to businesses continue to grow and connect. Located in Dyavasandra, close to ITPL and key arterial routes, it places your team within reach of Bangalore’s most active business hubs. Inside, private offices, flexible coworking spaces, and fully equipped meeting rooms are thoughtfully designed to support the way teams work today. The property offers modern infrastructure, flexible office layouts, excellent transport connectivity, and premium amenities, making it an ideal choice for IT companies, multinational corporations, startups, consulting firms, and enterprises looking for a prominent business location in Bangalore.",,Security; Reserved Parking; Visitor Parking; Centralized AC; 24 hours water supply; CCTV,"https://www.google.com/maps?q=12.998305,77.689928",https://properties.cityinfoservices.com/wework-infinix-palladium-for-rent-in-whitefield-bangalore/2o3yvum/prd,2026-09-21T05:51:03.828838+00:00,69
Manyata Embassy Business Park - Ebony Block (G2),Nagavara,Embassy Property Developments Pvt. Ltd.,Office Space,,,,,,,,,Ready for fit outs,2 Basement + Ground + 8 Floors,"~46,000",,Manyata Embassy Business Park - Ebony Block (G2),,Security; Reserved Parking; Visitor Parking; Centralized AC; 24 hours water supply; CCTV,"https://www.google.com/maps?q=13.047880652097591,77.62199988737181",https://properties.cityinfoservices.com/manyata-embassy-business-park-ebony-block-g2--for-rent-in-nagavara-bangalore/6eki57a/prd,2026-09-21T05:51:03.941710+00:00,68
Shahi Business Park - North Tower 1,Sarjapur Main Road,Shahi Exports,Office Space,,,,,,,,,Under Construction,3 Basement + Ground + 10 Floors,"~68,000",,"Shahi Business Park - North Tower 1 is a large-scale commercial development by Shahi Exports Pvt. Ltd. , strategically located on Sarjapur Main Road, Bellandur, Bengaluru . The project is positioned in one of Bengaluru’s prominent commercial corridors, offering excellent connectivity to major business hubs and established residential catchments. Spread across approximately 6,00,000 sq. ft. of total built-up area , the development is planned as a 3 Basement + Ground + 10 Floors structure, offering substantial commercial space designed to cater to the requirements of modern businesses. The project is targeted for completion by September 2027 and is planned with a strong focus on sustainability and environmentally responsible development, with IGBC LEED Platinum certification specified for the project.",,Security; Reserved Parking; Visitor Parking; Centralized AC; 24 hours water supply; CCTV,"https://www.google.com/maps?q=12.921205,77.673367",https://properties.cityinfoservices.com/shahi-business-park-north-tower-1-for-rent-in-sarjapur-main-road-bangalore/yhy3ts7/prd,2026-09-21T05:51:05.459653+00:00,70
WeWork - ETV Zinnia 8C,Devarabisanahalli,WeWork India Management Pvt Ltd,Business Center & Co-working Space,343,,,,,,,,Ready to Occupy,,,,"WeWork - ETV Zinnia 8C is located on Outer Ring Road, at the centre of Bangalore’s leading business corridor. With strong connectivity to key IT parks, business districts, and residential zones, it places your team within one of the city’s most active commercial ecosystems. The property offers modern infrastructure, flexible office layouts, excellent transport connectivity, and premium amenities, making it an ideal choice for IT companies, multinational corporations, startups, consulting firms, and enterprises looking for a prominent business location in Bangalore.",,Security; Reserved Parking; Visitor Parking; Centralized AC; 24 hours water supply; CCTV,"https://www.google.com/maps?q=12.929018,77.689232",https://properties.cityinfoservices.com/wework-etv-zinnia-8c-for-rent-in-devarabisanahalli-road-bangalore/nzdaimy/prd,2026-09-21T05:51:05.639363+00:00,69
Shahi Business Park - North Tower 1,Sarjapur Main Road,Shahi Exports,Office Space,,,,,,,,,Under Construction,3 Basement + Ground + 10 Floors,"~68,000",,"Shahi Business Park - North Tower 1 is a large-scale commercial development by Shahi Exports Pvt. Ltd. , strategically located on Sarjapur Main Road, Bellandur, Bengaluru . The project is positioned in one of Bengaluru’s prominent commercial corridors, offering excellent connectivity to major business hubs and established residential catchments. Spread across approximately 6,00,000 sq. ft. of total built-up area , the development is planned as a 3 Basement + Ground + 10 Floors structure, offering substantial commercial space designed to cater to the requirements of modern businesses. The project is targeted for completion by September 2027 and is planned with a strong focus on sustainability and environmentally responsible development, with IGBC LEED Platinum certification specified for the project.",,Security; Reserved Parking; Visitor Parking; Centralized AC; 24 hours water supply; CCTV,"https://www.google.com/maps?q=12.921205,77.673367",https://properties.cityinfoservices.com/shahi-business-park-north-tower-1-for-rent-in-sarjapur-main-road-bangalore/kub3m4v/prd,2026-09-21T05:51:05.843329+00:00,70
Shahi Business Park - North Tower 1,Sarjapur Main Road,Shahi Exports,Office Space,,,,,,,,,Under Construction,3 Basement + Ground + 10 Floors,"~68,000",,"Shahi Business Park - North Tower 1 is a large-scale commercial development by Shahi Exports Pvt. Ltd. , strategically located on Sarjapur Main Road, Bellandur, Bengaluru . The project is positioned in one of Bengaluru’s prominent commercial corridors, offering excellent connectivity to major business hubs and established residential catchments. Spread across approximately 6,00,000 sq. ft. of total built-up area , the development is planned as a 3 Basement + Ground + 10 Floors structure, offering substantial commercial space designed to cater to the requirements of modern businesses. The project is targeted for completion by September 2027 and is planned with a strong focus on sustainability and environmentally responsible development, with IGBC LEED Platinum certification specified for the project.",,Security; Reserved Parking; Visitor Parking; Centralized AC; 24 hours water supply; CCTV,"https://www.google.com/maps?q=12.921205,77.673367",https://properties.cityinfoservices.com/shahi-business-park-north-tower-1-for-rent-in-sarjapur-main-road-bangalore/xkm2nse/prd,2026-09-21T05:51:07.926325+00:00,70
Shahi Business Park - East Tower 2,Sarjapur Main Road,Shahi Export,Office Space,,,,,,,,,Under Construction,3 Basement + Ground + 10 Floors,"~57,000",,"Shahi Business Park - East Tower 2 is a large-scale commercial development by Shahi Exports Pvt. Ltd. , strategically located on Sarjapur Main Road, Bellandur, Bengaluru . The project is positioned in one of Bengaluru’s prominent commercial corridors, offering excellent connectivity to major business hubs and established residential catchments. Spread across approximately 6,00,000 sq. ft. of total built-up area , the development is planned as a 3 Basement + Ground + 10 Floors structure, offering substantial commercial space designed to cater to the requirements of modern businesses. The project is targeted for completion by September 2027 and is planned with a strong focus on sustainability and environmentally responsible development, with IGBC LEED Platinum certification specified for the project.",,Security; Reserved Parking; Visitor Parking; Centralized AC; 24 hours water supply; CCTV,"https://www.google.com/maps?q=12.920777,77.673306",https://properties.cityinfoservices.com/shahi-business-park-east-tower-2-for-rent-in-sarjapur-main-road-bangalore/rjaqkg4/prd,2026-09-21T05:51:09.680273+00:00,71
Shahi Business Park - East Tower 2,Sarjapur Main Road,Shahi Export,Office Space,,,,,,,,,Under Construction,3 Basement + Ground + 10 Floors,"~57,000",,"Shahi Business Park - East Tower 2 is a large-scale commercial development by Shahi Exports Pvt. Ltd. , strategically located on Sarjapur Main Road, Bellandur, Bengaluru . The project is positioned in one of Bengaluru’s prominent commercial corridors, offering excellent connectivity to major business hubs and established residential catchments. Spread across approximately 6,00,000 sq. ft. of total built-up area , the development is planned as a 3 Basement + Ground + 10 Floors structure, offering substantial commercial space designed to cater to the requirements of modern businesses. The project is targeted for completion by September 2027 and is planned with a strong focus on sustainability and environmentally responsible development, with IGBC LEED Platinum certification specified for the project.",,Security; Reserved Parking; Visitor Parking; Centralized AC; 24 hours water supply; CCTV,"https://www.google.com/maps?q=12.920777,77.673306",https://properties.cityinfoservices.com/shahi-business-park-east-tower-2-for-rent-in-sarjapur-main-road-bangalore/n6jchun/prd,2026-09-21T05:51:12.182589+00:00,71
Shahi Business Park - North Tower 1,Sarjapur Main Road,Shahi Exports,Office Space,,,,,,,,,Under Construction,3 Basement + Ground + 10 Floors,"~68,000",,"Shahi Business Park - North Tower 1 is a large-scale commercial development by Shahi Exports Pvt. Ltd. , strategically located on Sarjapur Main Road, Bellandur, Bengaluru . The project is positioned in one of Bengaluru’s prominent commercial corridors, offering excellent connectivity to major business hubs and established residential catchments. Spread across approximately 6,00,000 sq. ft. of total built-up area , the development is planned as a 3 Basement + Ground + 10 Floors structure, offering substantial commercial space designed to cater to the requirements of modern businesses. The project is targeted for completion by September 2027 and is planned with a strong focus on sustainability and environmentally responsible development, with IGBC LEED Platinum certification specified for the project.",,Security; Reserved Parking; Visitor Parking; Centralized AC; 24 hours water supply; CCTV,"https://www.google.com/maps?q=12.921205,77.673367",https://properties.cityinfoservices.com/shahi-business-park-north-tower-1-for-rent-in-sarjapur-main-road-bangalore/zgg6xdn/prd,2026-09-21T05:51:12.590988+00:00,70
Workship - Sumadhura Z Hub,Whitefield,Sumadhura Workship Private Limited,Business Center & Co-working Space,66,,,,,,,,Ready to Occupy,,,,Workship - Sumadhura Z Hub,,Security; Reserved Parking; Visitor Parking; Centralized AC; 24 hours water supply; CCTV,"https://www.google.com/maps?q=12.984372,77.733450",https://properties.cityinfoservices.com/workship-sumadhura-z-hub-for-rent-in-whitefield-bangalore/owmzm3t/prd,2026-09-21T05:51:13.172202+00:00,65
BuzzWorks - Brigade Padmini Tech Valley,Varthur,BuzzWorks by Brigade Group (Co-working Spaces),Business Center & Co-working Space,35,,,,,,,,Ready to Occupy,,,,BuzzWorks - Brigade Padmini Tech Valley,,Security; Reserved Parking; Visitor Parking; Centralized AC; 24 hours water supply; CCTV,"https://www.google.com/maps?q=12.9565789,77.7290063",https://properties.cityinfoservices.com/buzzworks-brigade-padmini-tech-valley-for-rent-in-varthur-road-bangalore/lowxpec/prd,2026-09-21T05:51:13.806453+00:00,65
Shahi Business Park - East Tower 2,Sarjapur Main Road,Shahi Export,Office Space,,,,,,,,,Under Construction,3 Basement + Ground + 10 Floors,"~57,000",,"Shahi Business Park - East Tower 2 is a large-scale commercial development by Shahi Exports Pvt. Ltd. , strategically located on Sarjapur Main Road, Bellandur, Bengaluru . The project is positioned in one of Bengaluru’s prominent commercial corridors, offering excellent connectivity to major business hubs and established residential catchments. Spread across approximately 6,00,000 sq. ft. of total built-up area , the development is planned as a 3 Basement + Ground + 10 Floors structure, offering substantial commercial space designed to cater to the requirements of modern businesses. The project is targeted for completion by September 2027 and is planned with a strong focus on sustainability and environmentally responsible development, with IGBC LEED Platinum certification specified for the project.",,Security; Reserved Parking; Visitor Parking; Centralized AC; 24 hours water supply; CCTV,"https://www.google.com/maps?q=12.920777,77.673306",https://properties.cityinfoservices.com/shahi-business-park-east-tower-2-for-rent-in-sarjapur-main-road-bangalore/x44ehkl/prd,2026-09-21T05:51:13.829928+00:00,71
Shahi Business Park - East Tower 2,Sarjapur Main Road,Shahi Export,Office Space,,,,,,,,,Under Construction,3 Basement + Ground + 10 Floors,"~57,000",,"Shahi Business Park - East Tower 2 is a large-scale commercial development by Shahi Exports Pvt. Ltd. , strategically located on Sarjapur Main Road, Bellandur, Bengaluru . The project is positioned in one of Bengaluru’s prominent commercial corridors, offering excellent connectivity to major business hubs and established residential catchments. Spread across approximately 6,00,000 sq. ft. of total built-up area , the development is planned as a 3 Basement + Ground + 10 Floors structure, offering substantial commercial space designed to cater to the requirements of modern businesses. The project is targeted for completion by September 2027 and is planned with a strong focus on sustainability and environmentally responsible development, with IGBC LEED Platinum certification specified for the project.",,Security; Reserved Parking; Visitor Parking; Centralized AC; 24 hours water supply; CCTV,"https://www.google.com/maps?q=12.920777,77.673306",https://properties.cityinfoservices.com/shahi-business-park-east-tower-2-for-rent-in-sarjapur-main-road-bangalore/ium9mqg/prd,2026-09-21T05:51:15.161782+00:00,71
Shahi Business Park - West Tower 3,Sarjapur Main Road,Shahi Exports,Office Space,,,,,,,,,Under Construction,3 Basement + Ground + 10 Floors,"~61,000",,"Shahi Business Park - West Tower 3 is a large-scale commercial development by Shahi Exports Pvt. Ltd. , strategically located on Sarjapur Main Road, Bellandur, Bengaluru . The project is positioned in one of Bengaluru’s prominent commercial corridors, offering excellent connectivity to major business hubs and established residential catchments. Spread across approximately 6,00,000 sq. ft. of total built-up area , the development is planned as a 3 Basement + Ground + 10 Floors structure, offering substantial commercial space designed to cater to the requirements of modern businesses. The project is targeted for completion by September 2027 and is planned with a strong focus on sustainability and environmentally responsible development, with IGBC LEED Platinum certification specified for the project.",,Security; Reserved Parking; Visitor Parking; Centralized AC; 24 hours water supply; CCTV,"https://www.google.com/maps?q=12.921205,77.673367",https://properties.cityinfoservices.com/shahi-business-park-west-tower-3-for-rent-in-sarjapur-main-road-bangalore/ci4urj5/prd,2026-09-21T05:51:16.475031+00:00,72
Shahi Business Park - North Tower 1,Sarjapur Main Road,Shahi Exports,Office Space,,,,,,,,,Under Construction,3 Basement + Ground + 10 Floors,"~68,000",,"Shahi Business Park - North Tower 1 is a large-scale commercial development by Shahi Exports Pvt. Ltd. , strategically located on Sarjapur Main Road, Bellandur, Bengaluru . The project is positioned in one of Bengaluru’s prominent commercial corridors, offering excellent connectivity to major business hubs and established residential catchments. Spread across approximately 6,00,000 sq. ft. of total built-up area , the development is planned as a 3 Basement + Ground + 10 Floors structure, offering substantial commercial space designed to cater to the requirements of modern businesses. The project is targeted for completion by September 2027 and is planned with a strong focus on sustainability and environmentally responsible development, with IGBC LEED Platinum certification specified for the project.",,Security; Reserved Parking; Visitor Parking; Centralized AC; 24 hours water supply; CCTV,"https://www.google.com/maps?q=12.921205,77.673367",https://properties.cityinfoservices.com/shahi-business-park-north-tower-1-for-rent-in-sarjapur-main-road-bangalore/kw5c9vx/prd,2026-09-21T05:51:17.052728+00:00,70
Shahi Business Park - West Tower 3,Sarjapur Main Road,Shahi Exports,Office Space,,,,,,,,,Under Construction,3 Basement + Ground + 10 Floors,"~61,000",,Shahi Business Park - West Tower 3,,Security; Reserved Parking; Visitor Parking; Centralized AC; 24 hours water supply; CCTV,"https://www.google.com/maps?q=12.921205,77.673367",https://properties.cityinfoservices.com/shahi-business-park-west-tower-3-for-rent-in-sarjapur-main-road-bangalore/y8dudls/prd,2026-09-21T05:51:17.474353+00:00,72
Shahi Business Park - West Tower 3,Sarjapur Main Road,Shahi Exports,Office Space,,,,,,,,,Under Construction,3 Basement + Ground + 10 Floors,"~61,000",,"Shahi Business Park - West Tower 3 is a large-scale commercial development by Shahi Exports Pvt. Ltd. , strategically located on Sarjapur Main Road, Bellandur, Bengaluru . The project is positioned in one of Bengaluru’s prominent commercial corridors, offering excellent connectivity to major business hubs and established residential catchments. Spread across approximately 6,00,000 sq. ft. of total built-up area , the development is planned as a 3 Basement + Ground + 10 Floors structure, offering substantial commercial space designed to cater to the requirements of modern businesses. The project is targeted for completion by September 2027 and is planned with a strong focus on sustainability and environmentally responsible development, with IGBC LEED Platinum certification specified for the project.",,Security; Reserved Parking; Visitor Parking; Centralized AC; 24 hours water supply; CCTV,"https://www.google.com/maps?q=12.921205,77.673367",https://properties.cityinfoservices.com/shahi-business-park-west-tower-3-for-rent-in-sarjapur-main-road-bangalore/rsv7njc/prd,2026-09-21T05:51:18.749909+00:00,72
Shahi Business Park - West Tower 3,Sarjapur Main Road,Shahi Exports,Office Space,,,,,,,,,Under Construction,3 Basement + Ground + 10 Floors,"~61,000",,"Shahi Business Park - West Tower 3 is a large-scale commercial development by Shahi Exports Pvt. Ltd. , strategically located on Sarjapur Main Road, Bellandur, Bengaluru . The project is positioned in one of Bengaluru’s prominent commercial corridors, offering excellent connectivity to major business hubs and established residential catchments. Spread across approximately 6,00,000 sq. ft. of total built-up area , the development is planned as a 3 Basement + Ground + 10 Floors structure, offering substantial commercial space designed to cater to the requirements of modern businesses. The project is targeted for completion by September 2027 and is planned with a strong focus on sustainability and environmentally responsible development, with IGBC LEED Platinum certification specified for the project.",,Security; Reserved Parking; Visitor Parking; Centralized AC; 24 hours water supply; CCTV,"https://www.google.com/maps?q=12.921205,77.673367",https://properties.cityinfoservices.com/shahi-business-park-west-tower-3-for-rent-in-sarjapur-main-road-bangalore/fwsdv3w/prd,2026-09-21T05:51:18.972680+00:00,72
Shahi Business Park - East Tower 2,Sarjapur Main Road,Shahi Export,Office Space,,,,,,,,,Under Construction,3 Basement + Ground + 10 Floors,"~57,000",,"Shahi Business Park - East Tower 2 is a large-scale commercial development by Shahi Exports Pvt. Ltd. , strategically located on Sarjapur Main Road, Bellandur, Bengaluru . The project is positioned in one of Bengaluru’s prominent commercial corridors, offering excellent connectivity to major business hubs and established residential catchments. Spread across approximately 6,00,000 sq. ft. of total built-up area , the development is planned as a 3 Basement + Ground + 10 Floors structure, offering substantial commercial space designed to cater to the requirements of modern businesses. The project is targeted for completion by September 2027 and is planned with a strong focus on sustainability and environmentally responsible development, with IGBC LEED Platinum certification specified for the project.",,Security; Reserved Parking; Visitor Parking; Centralized AC; 24 hours water supply; CCTV,"https://www.google.com/maps?q=12.920777,77.673306",https://properties.cityinfoservices.com/shahi-business-park-east-tower-2-for-rent-in-sarjapur-main-road-bangalore/w84p7d8/prd,2026-09-21T05:51:20.408215+00:00,72
Shahi Business Park - East Tower 2,Sarjapur Main Road,Shahi Export,Office Space,,,,,,,,,Under Construction,3 Basement + Ground + 10 Floors,"~57,000",,"Shahi Business Park - East Tower 2 is a large-scale commercial development by Shahi Exports Pvt. Ltd. , strategically located on Sarjapur Main Road, Bellandur, Bengaluru . The project is positioned in one of Bengaluru’s prominent commercial corridors, offering excellent connectivity to major business hubs and established residential catchments. Spread across approximately 6,00,000 sq. ft. of total built-up area , the development is planned as a 3 Basement + Ground + 10 Floors structure, offering substantial commercial space designed to cater to the requirements of modern businesses. The project is targeted for completion by September 2027 and is planned with a strong focus on sustainability and environmentally responsible development, with IGBC LEED Platinum certification specified for the project.",,Security; Reserved Parking; Visitor Parking; Centralized AC; 24 hours water supply; CCTV,"https://www.google.com/maps?q=12.920777,77.673306",https://properties.cityinfoservices.com/shahi-business-park-east-tower-2-for-rent-in-sarjapur-main-road-bangalore/4umgnau/prd,2026-09-21T05:51:21.319705+00:00,72
Shahi Business Park - South Tower 4,Sarjapur Main Road,Shahi Exports,Office Space,,,,,,,,,Under Construction,4 basement + Ground + 9 Floors,"~33,000",,"Shahi Business Park – South Tower 4 is a large-scale commercial development by Shahi Exports Pvt. Ltd. , strategically located on Sarjapur Main Road, Bellandur, Bengaluru . The project is positioned in one of Bengaluru’s prominent commercial corridors, offering excellent connectivity to major business hubs and established residential catchments. Spread across approximately 6,00,000 sq. ft. of total built-up area , the development is planned as a 3 Basement + Ground + 10 Floors structure, offering substantial commercial space designed to cater to the requirements of modern businesses. The project is targeted for completion by September 2027 and is planned with a strong focus on sustainability and environmentally responsible development, with IGBC LEED Platinum certification specified for the project.",,Security; Reserved Parking; Visitor Parking; Centralized AC; 24 hours water supply; CCTV,"https://www.google.com/maps?q=12.921205,77.673367",https://properties.cityinfoservices.com/shahi-business-park-south-tower-4-for-rent-in-sarjapur-main-road-bangalore/598x5v7/prd,2026-09-21T05:51:22.577481+00:00,73
Shahi Business Park - South Tower 4,Sarjapur Main Road,Shahi Exports,Office Space,,,,,,,,,Under Construction,4 basement + Ground + 9 Floors,"~33,000",,"Shahi Business Park – South Tower 4 is a large-scale commercial development by Shahi Exports Pvt. Ltd. , strategically located on Sarjapur Main Road, Bellandur, Bengaluru . The project is positioned in one of Bengaluru’s prominent commercial corridors, offering excellent connectivity to major business hubs and established residential catchments. Spread across approximately 6,00,000 sq. ft. of total built-up area , the development is planned as a 3 Basement + Ground + 10 Floors structure, offering substantial commercial space designed to cater to the requirements of modern businesses. The project is targeted for completion by September 2027 and is planned with a strong focus on sustainability and environmentally responsible development, with IGBC LEED Platinum certification specified for the project.",,Security; Reserved Parking; Visitor Parking; Centralized AC; 24 hours water supply; CCTV,"https://www.google.com/maps?q=12.921205,77.673367",https://properties.cityinfoservices.com/shahi-business-park-south-tower-4-for-rent-in-sarjapur-main-road-bangalore/ljbwu8b/prd,2026-09-21T05:51:23.721003+00:00,73
Shahi Business Park - South Tower 4,Sarjapur Main Road,Shahi Exports,Office Space,,,,,,,,,Under Construction,4 basement + Ground + 9 Floors,"~33,000",,"Shahi Business Park – South Tower 4 is a large-scale commercial development by Shahi Exports Pvt. Ltd. , strategically located on Sarjapur Main Road, Bellandur, Bengaluru . The project is positioned in one of Bengaluru’s prominent commercial corridors, offering excellent connectivity to major business hubs and established residential catchments. Spread across approximately 6,00,000 sq. ft. of total built-up area , the development is planned as a 3 Basement + Ground + 10 Floors structure, offering substantial commercial space designed to cater to the requirements of modern businesses. The project is targeted for completion by September 2027 and is planned with a strong focus on sustainability and environmentally responsible development, with IGBC LEED Platinum certification specified for the project.",,Security; Reserved Parking; Visitor Parking; Centralized AC; 24 hours water supply; CCTV,"https://www.google.com/maps?q=12.921205,77.673367",https://properties.cityinfoservices.com/shahi-business-park-south-tower-4-for-rent-in-sarjapur-main-road-bangalore/pndxu4x/prd,2026-09-21T05:51:23.742888+00:00,73
Shahi Business Park - South Tower 4,Sarjapur Main Road,Shahi Exports,Office Space,,,,,,,,,Under Construction,4 basement + Ground + 9 Floors,"~33,000",,"Shahi Business Park – South Tower 4 is a large-scale commercial development by Shahi Exports Pvt. Ltd. , strategically located on Sarjapur Main Road, Bellandur, Bengaluru . The project is positioned in one of Bengaluru’s prominent commercial corridors, offering excellent connectivity to major business hubs and established residential catchments. Spread across approximately 6,00,000 sq. ft. of total built-up area , the development is planned as a 3 Basement + Ground + 10 Floors structure, offering substantial commercial space designed to cater to the requirements of modern businesses. The project is targeted for completion by September 2027 and is planned with a strong focus on sustainability and environmentally responsible development, with IGBC LEED Platinum certification specified for the project.",,Security; Reserved Parking; Visitor Parking; Centralized AC; 24 hours water supply; CCTV,"https://www.google.com/maps?q=12.921205,77.673367",https://properties.cityinfoservices.com/shahi-business-park-south-tower-4-for-rent-in-sarjapur-main-road-bangalore/5wpbifs/prd,2026-09-21T05:51:25.367691+00:00,73
Shahi Business Park - West Tower 3,Sarjapur Main Road,Shahi Exports,Office Space,,,,,,,,,Under Construction,3 Basement + Ground + 10 Floors,"~61,000",,"Shahi Business Park - West Tower 3 is a large-scale commercial development by Shahi Exports Pvt. Ltd. , strategically located on Sarjapur Main Road, Bellandur, Bengaluru . The project is positioned in one of Bengaluru’s prominent commercial corridors, offering excellent connectivity to major business hubs and established residential catchments. Spread across approximately 6,00,000 sq. ft. of total built-up area , the development is planned as a 3 Basement + Ground + 10 Floors structure, offering substantial commercial space designed to cater to the requirements of modern businesses. The project is targeted for completion by September 2027 and is planned with a strong focus on sustainability and environmentally responsible development, with IGBC LEED Platinum certification specified for the project.",,Security; Reserved Parking; Visitor Parking; Centralized AC; 24 hours water supply; CCTV,"https://www.google.com/maps?q=12.921205,77.673367",https://properties.cityinfoservices.com/shahi-business-park-west-tower-3-for-rent-in-sarjapur-main-road-bangalore/fmtnjfa/prd,2026-09-21T05:51:28.964926+00:00,72
Shahi Business Park - West Tower 3,Sarjapur Main Road,Shahi Exports,Office Space,,,,,,,,,Under Construction,3 Basement + Ground + 10 Floors,"~61,000",,"Shahi Business Park - West Tower 3 is a large-scale commercial development by Shahi Exports Pvt. Ltd. , strategically located on Sarjapur Main Road, Bellandur, Bengaluru . The project is positioned in one of Bengaluru’s prominent commercial corridors, offering excellent connectivity to major business hubs and established residential catchments. Spread across approximately 6,00,000 sq. ft. of total built-up area , the development is planned as a 3 Basement + Ground + 10 Floors structure, offering substantial commercial space designed to cater to the requirements of modern businesses. The project is targeted for completion by September 2027 and is planned with a strong focus on sustainability and environmentally responsible development, with IGBC LEED Platinum certification specified for the project.",,Security; Reserved Parking; Visitor Parking; Centralized AC; 24 hours water supply; CCTV,"https://www.google.com/maps?q=12.921205,77.673367",https://properties.cityinfoservices.com/shahi-business-park-west-tower-3-for-rent-in-sarjapur-main-road-bangalore/acii22k/prd,2026-09-21T05:51:29.563968+00:00,73
Regalium (Koramangala Innovation Hub),Koramangala,Machani Group,Office Space,,,,,,,,,Under Construction,3 Basement + Ground + 9 Floors,"~70,000 to 90,000",,"Regalium (Koramangala Innovation Hub) - is a global hub where innovators, industry leaders, and future-focused enterprises converge. It offers international businesses more than a base - providing a springboard into India through collaboration, trusted networks, and tailored support for market entry and growth. It builds on this advantage, fostering a capital-first community for investment firms and family offices, with technologydriven, hybrid, and community-focused spaces. Built for bold, enterprising minds, they provide a highly functional yet meaningful environment that empowers change-makers.",,Security; Reserved Parking; Visitor Parking; 24 hours water supply; CCTV,"https://www.google.com/maps?q=12.930972,77.61449999999999",https://properties.cityinfoservices.com/regalium-koramangala-innovation-hub--for-rent-in-koramangala-bangalore/3shz389/prd,2026-09-21T05:51:30.104172+00:00,74
Shahi Business Park - South Tower 4,Sarjapur Main Road,Shahi Exports,Office Space,,,,,,,,,Under Construction,4 basement + Ground + 9 Floors,"~33,000",,"Shahi Business Park – South Tower 4 is a large-scale commercial development by Shahi Exports Pvt. Ltd. , strategically located on Sarjapur Main Road, Bellandur, Bengaluru . The project is positioned in one of Bengaluru’s prominent commercial corridors, offering excellent connectivity to major business hubs and established residential catchments. Spread across approximately 6,00,000 sq. ft. of total built-up area , the development is planned as a 3 Basement + Ground + 10 Floors structure, offering substantial commercial space designed to cater to the requirements of modern businesses. The project is targeted for completion by September 2027 and is planned with a strong focus on sustainability and environmentally responsible development, with IGBC LEED Platinum certification specified for the project.",,Security; Reserved Parking; Visitor Parking; Centralized AC; 24 hours water supply; CCTV,"https://www.google.com/maps?q=12.921205,77.673367",https://properties.cityinfoservices.com/shahi-business-park-south-tower-4-for-rent-in-sarjapur-main-road-bangalore/27ytz4b/prd,2026-09-21T05:51:30.488716+00:00,74
Regalium (Koramangala Innovation Hub),Koramangala,Machani Group,Office Space,,,,,,,,,Under Construction,3 Basement + Ground + 9 Floors,"~70,000 to 92,000",,"Regalium (Koramangala Innovation Hub) - is a global hub where innovators, industry leaders, and future-focused enterprises converge. It offers international businesses more than a base - providing a springboard into India through collaboration, trusted networks, and tailored support for market entry and growth. It builds on this advantage, fostering a capital-first community for investment firms and family offices, with technologydriven, hybrid, and community-focused spaces. Built for bold, enterprising minds, they provide a highly functional yet meaningful environment that empowers change-makers.",,Security; Reserved Parking,"https://www.google.com/maps?q=12.930972,77.61449999999999",https://properties.cityinfoservices.com/regalium-koramangala-innovation-hub--for-rent-in-koramangala-bangalore/qo8jw6o/prd,2026-09-21T05:51:30.685565+00:00,74
Regalium (Koramangala Innovation Hub),Koramangala,Machani Group,Office Space,,,,,,,,,Under Construction,3 Basement + Ground + 9 Floors,"~70,000 to 92,000",,"Regalium (Koramangala Innovation Hub) - is a global hub where innovators, industry leaders, and future-focused enterprises converge. It offers international businesses more than a base - providing a springboard into India through collaboration, trusted networks, and tailored support for market entry and growth. It builds on this advantage, fostering a capital-first community for investment firms and family offices, with technologydriven, hybrid, and community-focused spaces. Built for bold, enterprising minds, they provide a highly functional yet meaningful environment that empowers change-makers.",,Security; Reserved Parking; Visitor Parking; 24 hours water supply; CCTV,"https://www.google.com/maps?q=12.930972,77.61449999999999",https://properties.cityinfoservices.com/regalium-koramangala-innovation-hub--for-rent-in-koramangala-bangalore/3br6xfe/prd,2026-09-21T05:51:31.103275+00:00,74
RMZ Ecoworld - Campus 33,Bellandur,RMZ Corp Holdings Pvt. Ltd.,Office Space,,,,,,,,,Ready for fit outs,3 Basement + Ground + 11 Floors,"~60,000",,RMZ Ecoworld - Campus 33,,Security; Reserved Parking; Visitor Parking; Centralized AC; 24 hours water supply; CCTV,"https://www.google.com/maps?q=12.9274949,77.6809662",https://properties.cityinfoservices.com/rmz-ecoworld-campus-33-for-rent-in-bellandur-bangalore/okpcjl6/prd,2026-09-21T05:51:33.471418+00:00,75
Shahi Business Park - West Tower 3,Sarjapur Main Road,Shahi Exports,Office Space,,,,,,,,,Under Construction,3 Basement + Ground + 10 Floors,"~61,000",,"Shahi Business Park - West Tower 3 is a large-scale commercial development by Shahi Exports Pvt. Ltd. , strategically located on Sarjapur Main Road, Bellandur, Bengaluru . The project is positioned in one of Bengaluru’s prominent commercial corridors, offering excellent connectivity to major business hubs and established residential catchments. Spread across approximately 6,00,000 sq. ft. of total built-up area , the development is planned as a 3 Basement + Ground + 10 Floors structure, offering substantial commercial space designed to cater to the requirements of modern businesses. The project is targeted for completion by September 2027 and is planned with a strong focus on sustainability and environmentally responsible development, with IGBC LEED Platinum certification specified for the project.",,Security; Reserved Parking; Visitor Parking; Centralized AC; 24 hours water supply; CCTV,"https://www.google.com/maps?q=12.921205,77.673367",https://properties.cityinfoservices.com/shahi-business-park-west-tower-3-for-rent-in-sarjapur-main-road-bangalore/vd4fz9z/prd,2026-09-21T05:51:35.341925+00:00,73
RMZ Ecoworld - Campus 33,Bellandur,RMZ Corp Holdings Pvt. Ltd.,Office Space,,,,,,,,,Ready for fit outs,3 Basement + Ground + 11 Floors,"~60,000",,RMZ Ecoworld - Campus 33,,Security; Reserved Parking; Visitor Parking; Centralized AC; 24 hours water supply; CCTV,"https://www.google.com/maps?q=12.9274949,77.6809662",https://properties.cityinfoservices.com/rmz-ecoworld-campus-33-for-rent-in-bellandur-bangalore/32syyam/prd,2026-09-21T05:51:36.696548+00:00,75
Prestige UB City - Concorde Block,Vittal Mallya Road,Prestige Estates Projects Limited,Office Space,,,,,,,,,Ready for fit outs,Basement + Ground + 19 Floors,"~13,500",,Prestige UB City - Concorde Block,,Security; Reserved Parking; Visitor Parking; Centralized AC; 24 hours water supply; CCTV,"https://www.google.com/maps?q=12.971821944957865,77.5958367640319",https://properties.cityinfoservices.com/prestige-ub-city-concorde-block-for-rent-in-vittal-mallya-road-bangalore/uzl36kq/prd,2026-09-21T05:51:38.046686+00:00,76
IndiQube - Lexington,Koramangala,IndiQube Spaces Limited,Business Center & Co-working Space,144,,,,,,,,Ready for Fit outs,,,,IndiQube - Lexington,,Security; Reserved Parking; Visitor Parking; Centralized AC; 24 hours water supply; CCTV,"https://www.google.com/maps?q=12.930662174180439,77.61031881349182",https://properties.cityinfoservices.com/indiqube-lexington-for-rent-in-koramangala-bangalore/g6gnmmb/prd,2026-09-21T05:51:42.628558+00:00,76
DivyaSree NR Enclave - Block C,Electronic City Phase I,CKPC Properties,Office Space,,,,,,,,,Under Construction,3 Basement + Ground + 9 Floors,"~50,000",,DivyaSree NR Enclave - Block C,,Security; Reserved Parking; Visitor Parking; Centralized AC; 24 hours water supply; CCTV,"https://www.google.com/maps?q=12.842166421384674,77.65530983272706",https://properties.cityinfoservices.com/divyasree-nr-enclave-block-c-for-rent-in-electronic-city-phase-i-bangalore/xwdjomu/prd,2026-09-21T05:51:43.654862+00:00,77
Gold Hill Square (Goldhill),Bommanahalli,Sri Venkateswara Developers,Office Space,,,,,,,,,Ready to move,Basement + Ground + 11 Floors,~18000 to ~34000,,Gold Hill Square (Goldhill),,Security; Reserved Parking; Visitor Parking; Centralized AC; 24 hours water supply; CCTV,"https://www.google.com/maps?q=12.9017892,77.63296869999999",https://properties.cityinfoservices.com/gold-hill-square-goldhill--for-rent-in-bommanahalli-bangalore/w92s3y8/prd,2026-09-21T05:51:44.422326+00:00,76
RMZ Ecoworld - Campus 33,Bellandur,RMZ Corp Holdings Pvt. Ltd.,Office Space,,,,,,,,,Ready for fit outs,3 Basement + Ground + 11 Floors,"~60,000",,RMZ Ecoworld - Campus 33,,Security; Reserved Parking; Visitor Parking; Centralized AC; 24 hours water supply; CCTV,"https://www.google.com/maps?q=12.9274949,77.6809662",https://properties.cityinfoservices.com/rmz-ecoworld-campus-33-for-rent-in-bellandur-bangalore/3m4ugxr/prd,2026-09-21T05:51:44.547995+00:00,75
Nomads - Pride,Indiranagar,Nomad Space,Business Center & Co-working Space,60,,,,,,,,Ready to Occupy,,,,Nomads - Pride,,Security; Reserved Parking; 24 hours water supply; CCTV,"https://www.google.com/maps?q=12.977777,77.636837",https://properties.cityinfoservices.com/nomads-pride-for-rent-in-indiranagar-bangalore/w5294qt/prd,2026-09-21T05:51:47.252781+00:00,79
Nomads - Whitefield,Whitefield,Nomad Spaces,Business Center & Co-working Space,300,,,,,,,,Ready to Occupy,,,,Nomads - Whitefield,,Security; Reserved Parking; 24 hours water supply; CCTV,"https://www.google.com/maps?q=12.979349,77.751240",https://properties.cityinfoservices.com/nomads-whitefield-for-rent-in-whitefield-bangalore/lto8lkt/prd,2026-09-21T05:51:47.597876+00:00,79
Nomads - Autobahn,Koramangala,Nomad Spaces,Business Center & Co-working Space,68,,,,,,,,Ready to Occupy,,,,Nomads - Autobahn,,Security; Reserved Parking; Centralized AC; 24 hours water supply; CCTV,"https://www.google.com/maps?q=12.927638,77.621579",https://properties.cityinfoservices.com/nomads-autobahn-for-rent-in-koramangala-bangalore/alg38l5/prd,2026-09-21T05:51:48.046815+00:00,79
Nomads - MIC,Domlur,Nomad Spaces,Business Center & Co-working Space,100,,,,,,,,Ready to Occupy,,,,Nomads - MIC,,Security; Reserved Parking; Centralized AC; 24 hours water supply; CCTV,"https://www.google.com/maps?q=12.951923,77.641092",https://properties.cityinfoservices.com/nomads-mic-for-rent-in-domlur-bangalore/5nzagc9/prd,2026-09-21T05:51:48.365130+00:00,79
Prestige Sapphire,Jayanagar,Prestige Estates Projects Limited,Office Space,,,,,,,,,Ready for fit outs,Basement + Ground + 4 Floors,"~3,580",,Prestige Sapphire,,Security; Reserved Parking; Visitor Parking; 24 hours water supply; CCTV,"https://www.google.com/maps?q=12.9354192,77.58387330000005",https://properties.cityinfoservices.com/prestige-sapphire-for-rent-in-jayanagar-bangalore/vr2drmx/prd,2026-09-21T05:51:49.297669+00:00,78
Beginest Harbor - 1,Indiranagar,Beginest CoWorking Private Limited,Business Center & Co-working Space,20,,,,,,,,Ready to Occupy,,,,Beginest Harbor - 1,,Security; Reserved Parking; 24 hours water supply; CCTV,"https://www.google.com/maps?q=12.9716076,77.6459169",https://properties.cityinfoservices.com/beginest-harbor-1-for-rent-in-indiranagar-bangalore/dcg2868/prd,2026-09-21T05:51:52.085926+00:00,80
Beginest Harbor - 2,Indiranagar,Beginest CoWorking Private Limited,Business Center & Co-working Space,50,,,,,,,,Ready to Occupy,,,,Beginest Harbor - 2,,Security; Reserved Parking; 24 hours water supply; CCTV,"https://www.google.com/maps?q=12.9716076,77.6459169",https://properties.cityinfoservices.com/beginest-harbor-2-for-rent-in-indiranagar-bangalore/iklwgl8/prd,2026-09-21T05:51:52.335259+00:00,80
Salarpuria Money Centre,Koramangala,Salarpuria Sattva Group,Office Space,,,,,,,,,Ready for fit outs,Basement + Ground + 4 Floors,"~4,000",,Salarpuria Money Centre,,Security; Reserved Parking; 24 hours water supply; CCTV,"https://www.google.com/maps?q=12.9346694,77.6124537",https://properties.cityinfoservices.com/salarpuria-money-centre-for-rent-in-koramangala-bangalore/d3weclm/prd,2026-09-21T05:51:52.852491+00:00,80
Aurbis - Connective,Whitefield,Aurbis Business Parks Pvt. Ltd.,Office Space,,,,,,,,,Ready for fit outs,2 Basement + Ground + 3 Floors,"~23,617",,Aurbis - Connective,,Security; Reserved Parking; Centralized AC; 24 hours water supply; CCTV,"https://www.google.com/maps?q=12.974976,77.7686336",https://properties.cityinfoservices.com/aurbis-connective-for-rent-in-whitefield-bangalore/pmc3rtg/prd,2026-09-21T05:51:53.697785+00:00,80
IndiQube - Royal Arcade,Koramangala,IndiQube Spaces Limited,Business Center & Co-working Space,165,,,,,,,,Ready to Occupy from Oct 2026,,,,IndiQube - Royal Arcade,,Security; Reserved Parking; Centralized AC; 24 hours water supply; CCTV,"https://www.google.com/maps?q=12.935271,77.614785",https://properties.cityinfoservices.com/indiqube-royal-arcade-for-rent-in-koramangala-bangalore/6byu5sb/prd,2026-09-21T05:51:56.297226+00:00,81
IndiQube - Omega,Brookefield,IndiQube Spaces Limited,Business Center & Co-working Space,78,,,,,,,,Ready to Occupy,,,,IndiQube - Omega,,Security; Reserved Parking; Visitor Parking; Centralized AC; 24 hours water supply; CCTV,"https://www.google.com/maps?q=12.959603,77.716588",https://properties.cityinfoservices.com/indiqube-omega-for-rent-in-brookefield-bangalore/ocpf3m3/prd,2026-09-21T05:51:56.572020+00:00,76
CapitaLand IT Park - Tower 1A,Hebbal,CapitaLand Services India Pvt. Ltd. (Ascendas-Singbridge Group),Office Space,,,,,,,,,Ready for fit outs,3 Basement + Ground + 16 Floors,"~58,000",,CapitaLand IT Park - Tower 1A,,Security; Reserved Parking; Visitor Parking; Centralized AC; 24 hours water supply; CCTV,"https://www.google.com/maps?q=13.063504,77.594278",https://properties.cityinfoservices.com/capitaland-it-park-tower-1a-for-rent-in-hebbal-bangalore/47gwzne/prd,2026-09-21T05:51:57.351940+00:00,82
DivyaSree NR Enclave - Block C,Whitefield,DivyaSree Infrastructure Projects Pvt. Ltd.,Office Space,,,,,,,,,Under Construction,3 Basement + Ground + 9 Floors,"~50,000",,DivyaSree NR Enclave - Block C,,Security; Reserved Parking; Visitor Parking; Centralized AC; 24 hours water supply; CCTV,"https://www.google.com/maps?q=12.9864406,77.73119780000002",https://properties.cityinfoservices.com/divyasree-nr-enclave-block-c-for-rent-in-whitefield-bangalore/eh7womg/prd,2026-09-21T05:51:57.672100+00:00,77
CapitaLand IT Park - Tower 1A,Hebbal,CapitaLand Services India Pvt. Ltd. (Ascendas-Singbridge Group),Office Space,,,,,,,,,Ready for fit outs,3 Basement + Ground + 16 Floors,"~58,000",,CapitaLand IT Park - Tower 1A,,Security; Reserved Parking; Visitor Parking; Centralized AC; 24 hours water supply; CCTV,"https://www.google.com/maps?q=13.063504,77.594278",https://properties.cityinfoservices.com/capitaland-it-park-tower-1a-for-rent-in-hebbal-bangalore/slfl66u/prd,2026-09-21T05:51:57.808087+00:00,82
Spatium Offices - Commercio,Bellandur,Spatium Offices Private Limited,Business Center & Co-working Space,200,,,,,,,,Ready to Occupy,,,,Spatium Offices - Commercio,,Security; Reserved Parking; Centralized AC; 24 hours water supply; CCTV,"https://www.google.com/maps?q=12.932160,77.683909",https://properties.cityinfoservices.com/spatium-offices-commercio-for-rent-in-bellandur-bangalore/amz2pui/prd,2026-09-21T05:51:57.892510+00:00,81
CapitaLand IT Park - Tower 1B,Hebbal,CapitaLand Services India Pvt. Ltd. (Ascendas-Singbridge Group),Office Space,,,,,,,,,Ready for fit outs,3 Basement + Ground + 16 Floors,"~47,000",,CapitaLand IT Park - Tower 1B,,Security; Reserved Parking; Visitor Parking; Centralized AC; 24 hours water supply; CCTV,"https://www.google.com/maps?q=13.063345,77.594977",https://properties.cityinfoservices.com/capitaland-it-park-tower-1b-for-rent-in-hebbal-bangalore/wvpsbq5/prd,2026-09-21T05:52:02.432026+00:00,83
CapitaLand IT Park - Tower 1A,Hebbal,CapitaLand Services India Pvt. Ltd. (Ascendas-Singbridge Group),Office Space,,,,,,,,,Ready for fit outs,3 Basement + Ground + 16 Floors,"~58,000",,CapitaLand IT Park - Tower 1A,,Security; Reserved Parking; Visitor Parking; Centralized AC; 24 hours water supply; CCTV,"https://www.google.com/maps?q=13.063504,77.594278",https://properties.cityinfoservices.com/capitaland-it-park-tower-1a-for-rent-in-hebbal-bangalore/gyrn68x/prd,2026-09-21T05:52:04.568202+00:00,82
CapitaLand IT Park - Tower 1A,Hebbal,CapitaLand Services India Pvt. Ltd. (Ascendas-Singbridge Group),Office Space,,,,,,,,,Ready for fit outs,3 Basement + Ground + 16 Floors,"~58,000",,CapitaLand IT Park - Tower 1A,,Security; Reserved Parking; Visitor Parking; Centralized AC; 24 hours water supply; CCTV,"https://www.google.com/maps?q=13.063504,77.594278",https://properties.cityinfoservices.com/capitaland-it-park-tower-1a-for-rent-in-hebbal-bangalore/q4lvzdd/prd,2026-09-21T05:52:06.629953+00:00,82
CapitaLand IT Park - Tower 1B,Hebbal,CapitaLand Services India Pvt. Ltd. (Ascendas-Singbridge Group),Office Space,,,,,,,,,Ready for fit outs,3 Basement + Ground + 16 Floors,"~47,000",,CapitaLand IT Park - Tower 1B,,Security; Reserved Parking; Visitor Parking; Centralized AC; 24 hours water supply; CCTV,"https://www.google.com/maps?q=13.063345,77.594977",https://properties.cityinfoservices.com/capitaland-it-park-tower-1b-for-rent-in-hebbal-bangalore/xkp2qkr/prd,2026-09-21T05:52:08.722359+00:00,84
IWF Campus - Tower A and B,Whitefield,Independent Developer,Office Space,,,,,,,,,Ready for fit outs,3 Basement + Ground + 11 Floors,"~25,526 to ~43,405",,IWF Campus - Tower A and B,,Security; Reserved Parking; Visitor Parking; Centralized AC; 24 hours water supply; CCTV,"https://www.google.com/maps?q=12.997344,77.6888879",https://properties.cityinfoservices.com/iwf-campus-tower-a-and-b-for-rent-in-whitefield-bangalore/vtisivk/prd,2026-09-21T05:52:10.678716+00:00,85
CapitaLand IT Park - Tower 1A,Hebbal,CapitaLand Services India Pvt. Ltd. (Ascendas-Singbridge Group),Office Space,,,,,,,,,Ready for fit outs,3 Basement + Ground + 16 Floors,"~58,000",,CapitaLand IT Park - Tower 1A,,Security; Reserved Parking; Visitor Parking; Centralized AC; 24 hours water supply; CCTV,"https://www.google.com/maps?q=13.063504,77.594278",https://properties.cityinfoservices.com/capitaland-it-park-tower-1a-for-rent-in-hebbal-bangalore/4y7ym3v/prd,2026-09-21T05:52:11.574955+00:00,82
CapitaLand IT Park - Tower 1A,Hebbal,CapitaLand Services India Pvt. Ltd. (Ascendas-Singbridge Group),Office Space,,,,,,,,,Ready for fit outs,3 Basement + Ground + 16 Floors,"~58,000",,CapitaLand IT Park - Tower 1A,,Security; Reserved Parking; Visitor Parking; Centralized AC; 24 hours water supply; CCTV,"https://www.google.com/maps?q=13.063504,77.594278",https://properties.cityinfoservices.com/capitaland-it-park-tower-1a-for-rent-in-hebbal-bangalore/9ohtktl/prd,2026-09-21T05:52:13.286671+00:00,83
Sattva Global City - Tower C / Tower 3,Mysore Road,Tanglin Developments Limited,Office Space,,,,,,,,,Ready to move,2 Basement + Ground + 8 Floors,"~42,000 to ~52,000",,Sattva Global City - Tower C / Tower 3,,,"https://www.google.com/maps?q=12.920355603837546,77.5017052740967",https://properties.cityinfoservices.com/sattva-global-city-tower-c-tower-3-for-rent-in-mysore-road-bangalore/ibph39x/prd,2026-09-21T05:52:14.412834+00:00,86
CapitaLand IT Park - Tower 1A,Hebbal,CapitaLand Services India Pvt. Ltd. (Ascendas-Singbridge Group),Office Space,,,,,,,,,Ready for fit outs,3 Basement + Ground + 16 Floors,"~58,000",,CapitaLand IT Park - Tower 1A,,Security; Reserved Parking; Visitor Parking; Centralized AC; 24 hours water supply; CCTV,"https://www.google.com/maps?q=13.063504,77.594278",https://properties.cityinfoservices.com/capitaland-it-park-tower-1a-for-rent-in-hebbal-bangalore/f6htw8e/prd,2026-09-21T05:52:14.488080+00:00,83
Sattva Global City - Tower C / Tower 3,Mysore Road,Tanglin Developments Limited,Office Space,,,,,,,,,Ready to move,2 Basement + Ground + 8 Floors,"~42,000 to ~52,000",,Sattva Global City - Tower C / Tower 3,,Security; Reserved Parking; Centralized AC; 24 hours water supply; CCTV,"https://www.google.com/maps?q=12.920355603837546,77.5017052740967",https://properties.cityinfoservices.com/sattva-global-city-tower-c-tower-3-for-rent-in-mysore-road-bangalore/r23vxev/prd,2026-09-21T05:52:14.944332+00:00,86
CapitaLand IT Park - Tower 1A,Hebbal,CapitaLand Services India Pvt. Ltd. (Ascendas-Singbridge Group),Office Space,,,,,,,,,Ready for fit outs,3 Basement + Ground + 16 Floors,"~58,000",,CapitaLand IT Park - Tower 1A,,Security; Reserved Parking; Visitor Parking; Centralized AC; 24 hours water supply; CCTV,"https://www.google.com/maps?q=13.063504,77.594278",https://properties.cityinfoservices.com/capitaland-it-park-tower-1a-for-rent-in-hebbal-bangalore/4evzt4y/prd,2026-09-21T05:52:15.155115+00:00,83
"TableSpace - 5 Business Bay, Bannerghatta Road",Bannerghatta Road,Tablespace Technologies Private Limited,Business Center & Co-working Space,250,,,,,,,,90 to 120 days from the date of signing agreement,,,,"TableSpace - 5 Business Bay, Bannerghatta Road",,Security; Reserved Parking; Visitor Parking; Centralized AC; 24 hours water supply; CCTV,"https://www.google.com/maps?q=12.9224568,77.6001283",https://properties.cityinfoservices.com/tablespace-5-business-bay-bannerghatta-road-for-rent-in-bannerghatta-main-road-bangalore/922mw6v/prd,2026-09-21T05:52:16.980518+00:00,87
"TableSpace - 5 Business Bay, Bannerghatta Road",Bannerghatta Road,Tablespace Technologies Private Limited,Business Center & Co-working Space,100,,,,,,,,90 to 120 days from the date of signing agreement,,,,"TableSpace - 5 Business Bay, Bannerghatta Road",,Security; Reserved Parking; Visitor Parking; Centralized AC; 24 hours water supply; CCTV,"https://www.google.com/maps?q=12.9224568,77.6001283",https://properties.cityinfoservices.com/tablespace-5-business-bay-bannerghatta-road-for-rent-in-bannerghatta-main-road-bangalore/qk9mejt/prd,2026-09-21T05:52:18.374706+00:00,87
Salarpuria Touchstone - Block A,Kadubeesanahalli,Salarpuria Sattva Group,Office Space,,,,,,,,,Ready for fit outs,Basement + Ground + 5 Floors,"~44,542",,"Home to state-of-the-art workplace solutions, this office building lies on Marathahalli Sarjapur Outer Ring Road, one of the key IT hotspots of the city. The facility covers a total built-up area of an expansive ~2,67,252 sq.ft. Each floor within this 6-floor building stands at a size of ~44,542 sq.ft. The block is well-fitted with all modern conveniences and has reserved parking, 24x7 security services and a food court. It is currently occupied by Apttus Software Pvt. Ltd., Centurtylink Technologies, Cohesity Storage Solutions India Pvt. Ltd., Schneider Electric India Pvt. Ltd. and Suntec Business Solutions Pvt. Ltd.",,Security; Reserved Parking; Centralized AC; 24 hours water supply; CCTV,"https://www.google.com/maps?q=12.936935837582245,77.69064214047548",https://properties.cityinfoservices.com/salarpuria-touchstone-block-a-for-rent-in-kadubeesanahalli-road-bangalore/dcvxcy6/prd,2026-09-21T05:52:19.428364+00:00,74
Obeya - Tree Park,Koramangala,Obeya Business Center ( Obeya Underpinnings LLP ),Business Center & Co-working Space,200,,,,,,,,Ready to Occupy,,,,Obeya - Tree Park,,Security; Reserved Parking; Centralized AC; 24 hours water supply; CCTV,"https://www.google.com/maps?q=12.9278317,77.6330503",https://properties.cityinfoservices.com/obeya-tree-park-for-rent-in-koramangala-bangalore/plyr2sx/prd,2026-09-21T05:52:19.808295+00:00,88
Kalyani Solitaire,JP Nagar,Kalyani Developers Pvt. Ltd.,Office Space,,,,,,,,,Ready to move,Basement + Ground + 3 Floors,"~6,500",,Kalyani Solitaire,,Security; Reserved Parking; Centralized AC; 24 hours water supply; CCTV,"https://www.google.com/maps?q=12.9063433,77.5856825",https://properties.cityinfoservices.com/kalyani-solitaire-for-rent-in-jp-nagar-bangalore/kxawfmg/prd,2026-09-21T05:52:19.917010+00:00,87
Attic Space - Karna,Koramangala,Attic Spaces (Ilindra Workspace Pvt. Ltd.),Business Center & Co-working Space,70,,,,,,,,Ready to Occupy,,,,Attic Space - Karna,,Security; Reserved Parking; Centralized AC; 24 hours water supply; CCTV,"https://www.google.com/maps?q=12.9351929,77.6244807",https://properties.cityinfoservices.com/attic-space-karna-for-rent-in-koramangala-bangalore/ryg4nt9/prd,2026-09-21T05:52:21.700728+00:00,88
Manyata Embassy Business Park - Elm Block (C4),Nagavara,Embassy Property Developments Pvt. Ltd.,Office Space,,,,,,,,,Currently not available,Basement + Ground + 6 Floors,"~66,243",,Manyata Embassy Business Park - Elm Block (C4),,Security; Reserved Parking; Visitor Parking; Centralized AC; 24 hours water supply; CCTV,"https://www.google.com/maps?q=13.0449027,77.6215866",https://properties.cityinfoservices.com/manyata-embassy-business-park-elm-block-c4--for-rent-in-nagavara-bangalore/m5n6mnk/prd,2026-09-21T05:52:22.958236+00:00,88
Enzyme - The Hub,Sarjapur Main Road,Enzyme Office Spaces Pvt. Ltd. (Enzyme Tech Park),Managed Office,,,,,,,,,Ready to move,,"~25,000",,Enzyme - The Hub,,,"https://www.google.com/maps?q=12.9109334,77.6841542",https://properties.cityinfoservices.com/enzyme-the-hub-for-rent-in-sarjapur-main-road-bangalore/c4w2j3d/prd,2026-09-21T05:52:23.178086+00:00,88
CoWrks - Ecoworld - Campus 4D,Bellandur,CoWrks Coworking Spaces Pvt. Ltd.,Business Center & Co-working Space,24,,,,,,,,Ready to Occupy,,,,CoWrks - Ecoworld - Campus 4D,,Security; Reserved Parking; Centralized AC; 24 hours water supply; CCTV,"https://www.google.com/maps?q=12.926823,77.688481",https://properties.cityinfoservices.com/cowrks-ecoworld-campus-4d-for-rent-in-bellandur-bangalore/c47gbd9/prd,2026-09-21T05:52:24.525481+00:00,88
Kalyani Trident,Bannerghatta Road,Kalyani Developers Pvt. Ltd.,Office Space,,,,,,,,,Ready for fit outs,3 Basement + Ground + 7 Floors,"~14,179",,Kalyani Trident,,Security; Reserved Parking; Visitor Parking; Centralized AC; 24 hours water supply; CCTV,"https://www.google.com/maps?q=12.9065187,77.6017222",https://properties.cityinfoservices.com/kalyani-trident-for-rent-in-bannerghatta-main-road-bangalore/39ace9c/prd,2026-09-21T05:52:27.556556+00:00,89
Kalyani Trident,Bannerghatta Road,Kalyani Developers Pvt. Ltd.,Office Space,,,,,,,,,Ready for fit outs,3 Basement + Ground + 7 Floors,"~14,179",,Kalyani Trident,,Security; Reserved Parking; Visitor Parking; Centralized AC; 24 hours water supply; CCTV,"https://www.google.com/maps?q=12.9065187,77.6017222",https://properties.cityinfoservices.com/kalyani-trident-for-rent-in-bannerghatta-main-road-bangalore/wqjvbga/prd,2026-09-21T05:52:28.646186+00:00,89
Kalyani Trident,Bannerghatta Road,Kalyani Developers Pvt. Ltd.,Office Space,,,,,,,,,Ready for fit outs,3 Basement + Ground + 7 Floors,"~14,179",,Kalyani Trident,,Security; Reserved Parking; Visitor Parking; Centralized AC; 24 hours water supply; CCTV,"https://www.google.com/maps?q=12.9065187,77.6017222",https://properties.cityinfoservices.com/kalyani-trident-for-rent-in-bannerghatta-main-road-bangalore/d3gdlev/prd,2026-09-21T05:52:29.685953+00:00,89
Nomads - 85,Indiranagar,Nomad Spaces,Business Center & Co-working Space,61,,,,,,,,Ready to Occupy,,,,Nomads - 85,,Security; Reserved Parking; Centralized AC; 24 hours water supply; CCTV,"https://www.google.com/maps?q=12.9783692,77.6408356",https://properties.cityinfoservices.com/nomads-85-for-rent-in-indiranagar-bangalore/eeczquj/prd,2026-09-21T05:52:30.469046+00:00,88
Kalyani Trident,Bannerghatta Road,Kalyani Developers Pvt. Ltd.,Office Space,,,,,,,,,Ready for fit outs,3 Basement + Ground + 7 Floors,"~14,179",,Kalyani Trident,,Security; Reserved Parking; Visitor Parking; Centralized AC; 24 hours water supply; CCTV,"https://www.google.com/maps?q=12.9065187,77.6017222",https://properties.cityinfoservices.com/kalyani-trident-for-rent-in-bannerghatta-main-road-bangalore/ykz3xvy/prd,2026-09-21T05:52:31.075711+00:00,89
Kalyani Trident,Bannerghatta Road,Kalyani Developers Pvt. Ltd.,Office Space,,,,,,,,,Ready for fit outs,3 Basement + Ground + 7 Floors,"~14,179",,Kalyani Trident,,Security; Reserved Parking; Visitor Parking; Centralized AC; 24 hours water supply; CCTV,"https://www.google.com/maps?q=12.9065187,77.6017222",https://properties.cityinfoservices.com/kalyani-trident-for-rent-in-bannerghatta-main-road-bangalore/guftt7t/prd,2026-09-21T05:52:32.491667+00:00,89
IWF Campus - Tower A and B,Whitefield,Independent Developer,Office Space,,,,,,,,,Ready for fit outs,3 Basement + Ground + 11 Floors,"~25,526 to ~43,405",,IWF Campus - Tower A and B,,Security; Reserved Parking; Visitor Parking; Centralized AC; 24 hours water supply; CCTV,"https://www.google.com/maps?q=12.997344,77.6888879",https://properties.cityinfoservices.com/iwf-campus-tower-a-and-b-for-rent-in-whitefield-bangalore/emghrt9/prd,2026-09-21T05:52:32.574962+00:00,90
Kalyani Trident,Bannerghatta Road,Kalyani Developers Pvt. Ltd.,Office Space,,,,,,,,,Ready for fit outs,3 Basement + Ground + 7 Floors,"~14,179",,Kalyani Trident,,Security; Reserved Parking; Visitor Parking; Centralized AC; 24 hours water supply; CCTV,"https://www.google.com/maps?q=12.9065187,77.6017222",https://properties.cityinfoservices.com/kalyani-trident-for-rent-in-bannerghatta-main-road-bangalore/mh7dfdk/prd,2026-09-21T05:52:32.795173+00:00,89
IWF Campus - Tower A and B,Whitefield,Independent Developer,Office Space,,,,,,,,,Ready for fit outs,3 Basement + Ground + 11 Floors,"~25,526 to ~43,405",,IWF Campus - Tower A and B,,Security; Reserved Parking; Visitor Parking; Centralized AC; 24 hours water supply; CCTV,"https://www.google.com/maps?q=12.997344,77.6888879",https://properties.cityinfoservices.com/iwf-campus-tower-a-and-b-for-rent-in-whitefield-bangalore/m4zgdxg/prd,2026-09-21T05:52:34.115946+00:00,90
IWF Campus - Tower A and B,Whitefield,Independent Developer,Office Space,,,,,,,,,Ready for fit outs,3 Basement + Ground + 11 Floors,"~25,526 to ~43,405",,IWF Campus - Tower A and B,,Security; Reserved Parking; Visitor Parking; Centralized AC; 24 hours water supply; CCTV,"https://www.google.com/maps?q=12.997344,77.6888879",https://properties.cityinfoservices.com/iwf-campus-tower-a-and-b-for-rent-in-whitefield-bangalore/836buqb/prd,2026-09-21T05:52:36.074220+00:00,90
IWF Campus - Tower A and B,Whitefield,Independent Developer,Office Space,,,,,,,,,Ready for fit outs,3 Basement + Ground + 11 Floors,"~25,526 to ~43,405",,IWF Campus - Tower A and B,,Security; Reserved Parking; Visitor Parking; Centralized AC; 24 hours water supply; CCTV,"https://www.google.com/maps?q=12.997344,77.6888879",https://properties.cityinfoservices.com/iwf-campus-tower-a-and-b-for-rent-in-whitefield-bangalore/rlqzhvm/prd,2026-09-21T05:52:42.123979+00:00,90
Transcend Global,KIADB Bangalore IT Park,,Industrial,,,,,,,,,Ready for fit outs,Ground + 3 Floors,"~15,000",,Transcend Global,,,"https://www.google.com/maps?q=13.153760,77.723186",https://properties.cityinfoservices.com/transcend-global-for-rent-in-kiadbbangaloreitpark-bangalore/w57as7m/prd,2026-09-21T05:52:43.749069+00:00,91
Transcend Global,KIADB Bangalore IT Park,,Industrial,,,,,,,,,Ready for fit outs,Ground + 3 Floors,"~15,000",,Transcend Global,,,"https://www.google.com/maps?q=13.153760,77.723186",https://properties.cityinfoservices.com/transcend-global-for-rent-in-kiadbbangaloreitpark-bangalore/3bqcvb6/prd,2026-09-21T05:52:43.860177+00:00,91
IndoSpace Logistics Park - Nelamangala,Tumkur Main Road,IndoSpace Development Management Pvt. Ltd.,Industrial,,,,,,,,,Ready for fit outs,Ground Floor + Mezzanine,"~4,34,699",,IndoSpace Logistics Park - Nelamangala,,,"https://www.google.com/maps?q=13.165242,77.338073",https://properties.cityinfoservices.com/indospace-logistics-park-nelamangala-for-rent-in-tumkur-main-road-bangalore/ayyo7vc/prd,2026-09-21T05:52:44.184175+00:00,91
International Tech Park Bangalore - Tower 6,Whitefield,CapitaLand Services India Pvt. Ltd. (Ascendas-Singbridge Group),Office Space,,,,,,,,,Under Construction,3 Basement + Ground + 15 Floors,"~57,000",,International Tech Park Bangalore - Tower 6,,Security; Reserved Parking; Visitor Parking; Centralized AC; 24 hours water supply; CCTV,"https://www.google.com/maps?q=12.985922,77.739307",https://properties.cityinfoservices.com/international-tech-park-bangalore-tower-6-for-rent-in-whitefield-bangalore/x5v5wkn/prd,2026-09-21T05:52:44.319603+00:00,91
Transcend Global,KIADB Bangalore IT Park,,Industrial,,,,,,,,,Ready for fit outs,Ground + 3 Floors,"~15,000",,Transcend Global,,,"https://www.google.com/maps?q=13.153760,77.723186",https://properties.cityinfoservices.com/transcend-global-for-rent-in-kiadbbangaloreitpark-bangalore/s9x49ke/prd,2026-09-21T05:52:44.536891+00:00,91
OSBL Tech Park,KIADB Bangalore IT Park,,Industrial,,,,,,,,,Ready for fit outs,Ground + 3 Floors,"~25,000",,OSBL Tech Park,,,"https://www.google.com/maps?q=13.151604,77.710108",https://properties.cityinfoservices.com/osbl-tech-park-for-rent-in-kiadbbangaloreitpark-bangalore/n3n5xnv/prd,2026-09-21T05:52:45.406232+00:00,91
Sumadhura Z Hub,Whitefield,Sumadhura Capitol Towers Pvt. Ltd.,Office Space,,,,,,,,,Under Construction,Basement + Ground + 5 Floors,"~14,000",,Sumadhura Z Hub,,Security; Reserved Parking; Centralized AC; 24 hours water supply; CCTV,"https://www.google.com/maps?q=12.984572,77.733379",https://properties.cityinfoservices.com/sumadhura-z-hub-for-rent-in-whitefield-bangalore/7uoit2i/prd,2026-09-21T05:52:47.469778+00:00,92
Transcend Global,KIADB Bangalore IT Park,,Industrial,,,,,,,,,Ready for fit outs,Ground + 3 Floors,"~15,000",,Transcend Global,,,"https://www.google.com/maps?q=13.153760,77.723186",https://properties.cityinfoservices.com/transcend-global-for-rent-in-kiadbbangaloreitpark-bangalore/m4g2dqr/prd,2026-09-21T05:52:47.623433+00:00,91
"AGP Industrial Logistics, Nelamangala 2 (B200)",Tumkur Main Road,,Industrial,,,,,,,,,Ready for fit outs,Ground Floor,"~2,20,000",,"AGP Industrial Logistics, Nelamangala 2 (B200)",,,"https://www.google.com/maps?q=13.189154,77.248027",https://properties.cityinfoservices.com/agp-industrial-logistics-nelamangala-2-b200--for-rent-in-tumkur-main-road-bangalore/focf9vn/prd,2026-09-21T05:52:49.704288+00:00,92
"AGP Industrial Logistics, Nelamangala 2 (B100)",Tumkur Main Road,,Industrial,,,,,,,,,Ready for fit outs,Ground Floor,"~2,14,000",,"AGP Industrial Logistics, Nelamangala 2 (B100)",,,"https://www.google.com/maps?q=13.188963,77.247762",https://properties.cityinfoservices.com/agp-industrial-logistics-nelamangala-2-b100--for-rent-in-tumkur-main-road-bangalore/s9vuxgo/prd,2026-09-21T05:52:50.311759+00:00,92
Bagmane Capital - Memphis South,Doddanekkundi,Bagmane Developers Pvt. Ltd.,Office Space,,,,,,,,,Under Construction,4 Basement + Ground + 12 Floors,"~65,000",,Bagmane Capital - Memphis South,,Security; Reserved Parking; Centralized AC; 24 hours water supply; CCTV,"https://www.google.com/maps?q=12.986682,77.702234",https://properties.cityinfoservices.com/bagmane-capital-memphis-south-for-rent-in-doddanekkundi-bangalore/u25viwh/prd,2026-09-21T05:52:50.787782+00:00,92
Crystal Solution Building,KIADB Hardware Park,,Industrial,,,,,,,,,Ready for fit outs,Ground + 2 Floors,"~16,300",,Crystal Solution Building,,,"https://www.google.com/maps?q=13.155196,77.710511",https://properties.cityinfoservices.com/crystal-solution-building-for-rent-in-huvinayakanahalli-bangalore/7u3bd29/prd,2026-09-21T05:52:51.199713+00:00,93
Bagmane Capital - Memphis North,Doddanekkundi,Bagmane Developers Pvt. Ltd.,Office Space,,,,,,,,,Under Construction,4 Basement + Ground + 12 Floors,"~50,000",,Bagmane Capital - Memphis North,,Security; Reserved Parking; Centralized AC; 24 hours water supply; CCTV,"https://www.google.com/maps?q=12.986682,77.702234",https://properties.cityinfoservices.com/bagmane-capital-memphis-north-for-rent-in-doddanekkundi-bangalore/hfiz4vm/prd,2026-09-21T05:52:51.572862+00:00,92
Crystal Solution Building,KIADB Hardware Park,,Industrial,,,,,,,,,Ready for fit outs,Ground + 2 Floors,"~16,300",,Crystal Solution Building,,,"https://www.google.com/maps?q=13.155196,77.710511",https://properties.cityinfoservices.com/crystal-solution-building-for-rent-in-huvinayakanahalli-bangalore/y4uliqb/prd,2026-09-21T05:52:52.181296+00:00,93
Crystal Solution Building,KIADB Hardware Park,,Industrial,,,,,,,,,Ready for fit outs,Ground + 2 Floors,"~16,300",,Crystal Solution Building,,,"https://www.google.com/maps?q=13.155196,77.710511",https://properties.cityinfoservices.com/crystal-solution-building-for-rent-in-huvinayakanahalli-bangalore/t4yia65/prd,2026-09-21T05:52:52.776409+00:00,93
THE19th - Inspiron,BTM Layout,Sangorish Business Hub Pvt. Ltd. (THE19th Workspace),Business Center & Co-working Space,20,,,,,,,,Ready to Occupy,,,,THE19th - Inspiron,,Security; Reserved Parking; 24 hours water supply; CCTV,"https://www.google.com/maps?q=12.9250588,77.6130724",https://properties.cityinfoservices.com/the19th-inspiron-for-rent-in-btm-layout-bangalore/y7bubo7/prd,2026-09-21T05:52:54.309845+00:00,92
RGA Tech Park - Block 3,Sarjapur Main Road,RGA Software Systems Pvt. Ltd. (Primal Projects Pvt. Ltd.),Office Space,,,,,,,,,Ready for fit outs,3 Basement + Ground + 10 Floors,"~26,000 to ~74,000",,RGA Tech Park - Block 3,,Security; Reserved Parking; Centralized AC; 24 hours water supply; CCTV,"https://www.google.com/maps?q=12.9034643,77.70438910000007",https://properties.cityinfoservices.com/rga-tech-park-block-3-for-rent-in-sarjapur-main-road-bangalore/udepcuq/prd,2026-09-21T05:52:54.334717+00:00,94
RGA Tech Park - Block 3,Sarjapur Main Road,RGA Software Systems Pvt. Ltd. (Primal Projects Pvt. Ltd.),Office Space,,,,,,,,,Ready to move,3 Basement + Ground + 10 Floors,"~26,000 to ~74,000",,RGA Tech Park - Block 3,,Security; Reserved Parking; Centralized AC; 24 hours water supply; CCTV,"https://www.google.com/maps?q=12.9034643,77.70438910000007",https://properties.cityinfoservices.com/rga-tech-park-block-3-for-rent-in-sarjapur-main-road-bangalore/z3u93hw/prd,2026-09-21T05:52:55.960510+00:00,94
RGA Tech Park - Block 3,Sarjapur Main Road,RGA Software Systems Pvt. Ltd. (Primal Projects Pvt. Ltd.),Office Space,,,,,,,,,Ready to move,3 Basement + Ground + 10 Floors,"~26,000 to ~74,000",,RGA Tech Park - Block 3,,Security; Reserved Parking; Centralized AC; 24 hours water supply; CCTV,"https://www.google.com/maps?q=12.9034643,77.70438910000007",https://properties.cityinfoservices.com/rga-tech-park-block-3-for-rent-in-sarjapur-main-road-bangalore/vftx6qg/prd,2026-09-21T05:52:57.046844+00:00,94
IndiQube - Amber,Domlur,IndiQube Spaces Limited,Business Center & Co-working Space,150,,150,,,,,,Ready for Fit-out,,,,IndiQube - Amber,,Security; Reserved Parking; Visitor Parking; Centralized AC; 24 hours water supply; CCTV,"https://www.google.com/maps?q=12.9519482,77.6405106",https://properties.cityinfoservices.com/indiqube-amber-for-rent-in-domlur-bangalore/kb2m6cj/prd,2026-09-21T05:52:59.141795+00:00,95
The Executive Centre - UB City Concorde,Vittal Mallya Road,The Executive Centre Limited,Business Center & Co-working Space,6,,,,,,,,Ready to Occupy,,,,The Executive Centre - UB City Concorde,,Security; Reserved Parking; Centralized AC; 24 hours water supply; CCTV,"https://www.google.com/maps?q=12.9715895,77.5960585",https://properties.cityinfoservices.com/the-executive-centre-ub-city-concorde-for-rent-in-vittal-mallya-road-bangalore/y5jyju6/prd,2026-09-21T05:52:59.215317+00:00,95
RGA Tech Park - Block 3,Sarjapur Main Road,RGA Software Systems Pvt. Ltd. (Primal Projects Pvt. Ltd.),Office Space,,,,,,,,,Ready to move,3 Basement + Ground + 10 Floors,"~26,000 to ~74,000",,RGA Tech Park - Block 3,,Security; Reserved Parking; Centralized AC; 24 hours water supply; CCTV,"https://www.google.com/maps?q=12.9034643,77.70438910000007",https://properties.cityinfoservices.com/rga-tech-park-block-3-for-rent-in-sarjapur-main-road-bangalore/7wbeyr4/prd,2026-09-21T05:52:59.227903+00:00,94
SBR Towers,Sarjapur - Marathahalli Road,SBR Group,Office Space,,,,,,,,,Ready for fit outs,2 Basement + Ground + 11 Floors,"~25,000",,SBR Towers,,Security; Reserved Parking; Centralized AC; 24 hours water supply; CCTV,"https://www.google.com/maps?q=12.919646690537222,77.66596906197127",https://properties.cityinfoservices.com/sbr-towers-for-rent-in-sarjapur-marathahalli-road-bangalore/gsqpmei/prd,2026-09-21T05:53:00.518535+00:00,95
WeWork - Roshni Tech Hub,Marathahalli,WeWork India Management Pvt. Ltd.,Business Center & Co-working Space,459,,,,,,,,Ready to Occupy,,,,WeWork - Roshni Tech Hub,,Security; Reserved Parking; Centralized AC; 24 hours water supply; CCTV,"https://www.google.com/maps?q=12.963562,77.702395",https://properties.cityinfoservices.com/wework-roshni-tech-hub-for-rent-in-marathahalli-bangalore/5a72vq6/prd,2026-09-21T05:53:01.644251+00:00,95
WeWork - Embassy One Pinnacle,Bellary Road,WeWork India Management Pvt. Ltd.,Business Center & Co-working Space,313,,,,,,,,Ready to Occupy,,,,WeWork - Embassy One Pinnacle,,Security; Reserved Parking; Centralized AC; 24 hours water supply; CCTV,"https://www.google.com/maps?q=13.0194063,77.5852922",https://properties.cityinfoservices.com/wework-embassy-one-pinnacle-for-rent-in-bellary-road-bangalore/oburujv/prd,2026-09-21T05:53:02.246584+00:00,95
Confident Pride,BTM Layout,Confident Group,Office Space,,,,,,,,,Ready for fit outs,Basement + Ground + 3 Floors,~14000,,Confident Pride,,Security; Reserved Parking; Centralized AC; 24 hours water supply; CCTV,"https://www.google.com/maps?q=12.913597290610333,77.62426784047545",https://properties.cityinfoservices.com/confident-pride-for-rent-in-btm-layout-bangalore/5dz992o/prd,2026-09-21T05:53:04.375564+00:00,95
Quest Offices - Vayudooth Chambers,MG Road,Quest Offices Pvt. Ltd.,Business Center & Co-working Space,120,,,,,,,,Ready to Occupy,,,,Quest Offices - Vayudooth Chambers,,Security; Reserved Parking; Centralized AC; 24 hours water supply; CCTV,"https://www.google.com/maps?q=12.9720692,77.61937770000002",https://properties.cityinfoservices.com/quest-offices-vayudooth-chambers-for-rent-in-mahatma-gandhi-road-bangalore/6m7ynpq/prd,2026-09-21T05:53:04.600654+00:00,95
Workshaala - Supreme,Kadubeesanahalli,Workshaala Spaces,Business Center & Co-working Space,50,,,,,,,,Ready to Occupy,,,,Workshaala - Supreme,,Security; Reserved Parking; Centralized AC; 24 hours water supply; CCTV,"https://www.google.com/maps?q=12.937384,77.691962",https://properties.cityinfoservices.com/workshaala-supreme-for-rent-in-kadubeesanahalli-road-bangalore/dlpvfi4/prd,2026-09-21T05:53:06.075543+00:00,95
RGA Tech Park - Block 3,Sarjapur Main Road,RGA Software Systems Pvt. Ltd. (Primal Projects Pvt. Ltd.),Office Space,,,,,,,,,Ready to move,3 Basement + Ground + 10 Floors,"~26,000 to ~74,000",,RGA Tech Park - Block 3,,Security; Reserved Parking; Centralized AC; 24 hours water supply; CCTV,"https://www.google.com/maps?q=12.9034643,77.70438910000007",https://properties.cityinfoservices.com/rga-tech-park-block-3-for-rent-in-sarjapur-main-road-bangalore/eftopt6/prd,2026-09-21T05:53:06.494005+00:00,95
RGA Tech Park - Block 3,Sarjapur Main Road,RGA Software Systems Pvt. Ltd. (Primal Projects Pvt. Ltd.),Office Space,,,,,,,,,Ready to move,3 Basement + Ground + 10 Floors,"~26,000 to ~74,000",,RGA Tech Park - Block 3,,Security; Reserved Parking; Centralized AC; 24 hours water supply; CCTV,"https://www.google.com/maps?q=12.9034643,77.70438910000007",https://properties.cityinfoservices.com/rga-tech-park-block-3-for-rent-in-sarjapur-main-road-bangalore/v2qul2z/prd,2026-09-21T05:53:07.286877+00:00,94
DivyaSree Greens - Annexe,Domlur,DivyaSree Infrastructure Projects Pvt. Ltd.,Office Space,,,,,,,,,Ready to move,2 Basement + Ground + 5 Floors,"~10,000",,DivyaSree Greens - Annexe,,Security; Reserved Parking; Visitor Parking; Centralized AC; 24 hours water supply; CCTV,"https://www.google.com/maps?q=12.9716076,77.6459169",https://properties.cityinfoservices.com/divyasree-greens-annexe-for-rent-in-domlur-bangalore/anpp3wm/prd,2026-09-21T05:53:07.830819+00:00,96
RGA Tech Park - Block 3,Sarjapur Main Road,RGA Software Systems Pvt. Ltd. (Primal Projects Pvt. Ltd.),Office Space,,,,,,,,,Ready for fit outs,3 Basement + Ground + 10 Floors,"~26,000 to ~74,000",,RGA Tech Park - Block 3,,Security; Reserved Parking; Centralized AC; 24 hours water supply; CCTV,"https://www.google.com/maps?q=12.9034643,77.70438910000007",https://properties.cityinfoservices.com/rga-tech-park-block-3-for-rent-in-sarjapur-main-road-bangalore/ye292f6/prd,2026-09-21T05:53:09.454057+00:00,95
GYR Chambers,Sarjapur Main Road,Independent Developer,Office Space,,,,,,,,,Ready for fit outs,Basement + Ground + 3 Floors,"~4,400",,GYR Chambers,,Security; Reserved Parking; 24 hours water supply; CCTV,"https://www.google.com/maps?q=12.912668891717079,77.67977585809726",https://properties.cityinfoservices.com/gyr-chambers-for-rent-in-sarjapur-main-road-bangalore/tjf5kwf/prd,2026-09-21T05:53:10.104625+00:00,96
DivyaSree Greens - Annexe,Domlur,DivyaSree Infrastructure Projects Pvt. Ltd.,Office Space,,,,,,,,,Ready to move,2 Basement + Ground + 5 Floors,"~10,000",,DivyaSree Greens - Annexe,,Security; Reserved Parking; Visitor Parking; Centralized AC; 24 hours water supply; CCTV,"https://www.google.com/maps?q=12.9716076,77.6459169",https://properties.cityinfoservices.com/divyasree-greens-annexe-for-rent-in-domlur-bangalore/ez89d4q/prd,2026-09-21T05:53:10.914798+00:00,96
Sattva Tech Park - Jal Block,Whitefield,Salarpuria Sattva Group,Office Space,,,,,,,,,Ready for fit outs,Ground + 4 Floors,"~38,000 to ~48,000",,Sattva Tech Park - Jal Block,,Security; Reserved Parking; Centralized AC; 24 hours water supply; CCTV,"https://www.google.com/maps?q=12.9862219,77.74315159999999",https://properties.cityinfoservices.com/sattva-tech-park-jal-block-for-rent-in-whitefield-bangalore/yd2cwwx/prd,2026-09-21T05:53:12.656387+00:00,97
Centre Point,Electronic City Phase I,Shreetronics Enterprises LLP,Office Space,,,,,,,,,Ready for fit outs,Basement + Ground + 4 Floors,~24037,,Centre Point,,Security; Reserved Parking; Centralized AC; 24 hours water supply; CCTV,"https://www.google.com/maps?q=12.845001191525098,77.66493896309052",https://properties.cityinfoservices.com/centre-point-for-rent-in-electronic-city-phase-i-bangalore/s2z3iaa/prd,2026-09-21T05:53:14.077398+00:00,96
Salarpuria Touchstone - Block B,Kadubeesanahalli,Salarpuria Sattva Group,Office Space,,,,,,,,,Ready to move,Basement + Ground + 5 Floors,"~40,000",,Salarpuria Touchstone - Block B,,Security; Reserved Parking; Centralized AC; 24 hours water supply; CCTV,"https://www.google.com/maps?q=12.936746045041215,77.69061862114867",https://properties.cityinfoservices.com/salarpuria-touchstone-block-b-for-rent-in-kadubeesanahalli-road-bangalore/wenzeoh/prd,2026-09-21T05:53:14.592558+00:00,97
Urban Vault - HSR 1515,HSR Layout,Urban Vault Companies Pvt. Ltd.,Business Center & Co-working Space,215,,,,,,,,Ready to Occupy,,,,Urban Vault - HSR 1515,,Security; Reserved Parking; Centralized AC; 24 hours water supply; CCTV,"https://www.google.com/maps?q=12.9121181,77.6445548",https://properties.cityinfoservices.com/urban-vault-hsr-1515-for-rent-in-hsr-layout-bangalore/dw93of2/prd,2026-09-21T05:53:14.637832+00:00,97
Obeya - Corner Wood,Koramangala,Obeya Business Center ( Obeya Underpinnings LLP ),Business Center & Co-working Space,100,,,,,,,,Ready to Occupy,,,,Obeya - Corner Wood,,Visitor Parking; CCTV,"https://www.google.com/maps?q=12.9342833,77.6314226",https://properties.cityinfoservices.com/obeya-corner-wood-for-rent-in-koramangala-bangalore/5653aui/prd,2026-09-21T05:53:17.730078+00:00,97
DivyaSree Greens - Annexe,Domlur,DivyaSree Infrastructure Projects Pvt. Ltd.,Office Space,,,,,,,,,Ready to move,2 Basement + Ground + 5 Floors,"~10,000",,DivyaSree Greens - Annexe,,Security; Reserved Parking; Visitor Parking; Centralized AC; 24 hours water supply; CCTV,"https://www.google.com/maps?q=12.9716076,77.6459169",https://properties.cityinfoservices.com/divyasree-greens-annexe-for-rent-in-domlur-bangalore/d2libxg/prd,2026-09-21T05:53:19.102530+00:00,97
Spatium Offices - Iconic,Bannerghatta Road,Spatium Offices Private Limited,Business Center & Co-working Space,80,,,,,,,,Ready for Fit outs,,,,Spatium Offices - Iconic,,Security; Reserved Parking; Visitor Parking; Centralized AC; 24 hours water supply; CCTV,"https://www.google.com/maps?q=12.7979831,77.6026524",https://properties.cityinfoservices.com/spatium-offices-iconic-for-rent-in-bannerghatta-main-road-bangalore/nd2af99/prd,2026-09-21T05:53:19.716473+00:00,97
Attic Space - Chanakya,Koramangala,Attic Spaces (Ilindra Workspace Pvt. Ltd.),Business Center & Co-working Space,70,,70,,,,,,Ready to Occupy,,,,Attic Space - Chanakya,,Security; Reserved Parking; Centralized AC; 24 hours water supply; CCTV,"https://www.google.com/maps?q=12.944305,77.619816",https://properties.cityinfoservices.com/attic-space-chanakya-for-rent-in-koramangala-bangalore/kb6sxgw/prd,2026-09-21T05:53:20.953812+00:00,98
DivyaSree Greens - Annexe,Domlur,DivyaSree Infrastructure Projects Pvt. Ltd.,Office Space,,,,,,,,,Ready to move,2 Basement + Ground + 5 Floors,"~10,000",,DivyaSree Greens - Annexe,,Security; Reserved Parking; Visitor Parking; Centralized AC; 24 hours water supply; CCTV,"https://www.google.com/maps?q=12.9716076,77.6459169",https://properties.cityinfoservices.com/divyasree-greens-annexe-for-rent-in-domlur-bangalore/yk8a5dl/prd,2026-09-21T05:53:22.305821+00:00,97
HODA WorkSpace - HSR Sector 6,HSR Layout,HODA Work Space Pvt. Ltd.,Business Center & Co-working Space,19,,,,,,,,Ready to Occupy,,,,HODA WorkSpace - HSR Sector 6,,Security; Reserved Parking; Centralized AC; 24 hours water supply; CCTV,"https://www.google.com/maps?q=12.9121181,77.6445548",https://properties.cityinfoservices.com/hoda-workspace-hsr-sector-6-for-rent-in-hsr-layout-bangalore/k5u96zp/prd,2026-09-21T05:53:22.745902+00:00,98
Brookfield Ecoworld - Campus 5B,Bellandur,RMZ Corp Holdings Pvt. Ltd.,Office Space,,,,,,,,,Ready for fit outs,3 Basement + Ground + 10 Floors,"~60,000",,Brookfield Ecoworld - Campus 5B,,Security; Reserved Parking; Visitor Parking; Centralized AC; 24 hours water supply; CCTV,"https://www.google.com/maps?q=12.922074,77.683775",https://properties.cityinfoservices.com/brookfield-ecoworld-campus-5b-for-rent-in-bellandur-bangalore/58sqymv/prd,2026-09-21T05:53:23.835188+00:00,97
CoWrks - Bellandur - EcoWorld Campus 6B,Bellandur,CoWrks Coworking Spaces Pvt. Ltd.,Business Center & Co-working Space,200,,,,,,,,Ready to Occupy,,,,CoWrks - Bellandur - EcoWorld Campus 6B,,Security; Reserved Parking; Centralized AC; 24 hours water supply; CCTV,"https://www.google.com/maps?q=12.9326919,77.6880365",https://properties.cityinfoservices.com/cowrks-bellandur-ecoworld-campus-6b-for-rent-in-bellandur-bangalore/xuhxhf3/prd,2026-09-21T05:53:26.451639+00:00,98
Bagmane World Technology Centre - Peridot Block,Doddanekkundi,Bagmane Developers Pvt. Ltd.,Office Space,,,,,,,,,Ready to move,2 Basement + Ground + 13 Floors,"~49,313",,Bagmane World Technology Centre - Peridot Block,,Security; Reserved Parking; Visitor Parking; Centralized AC; 24 hours water supply; CCTV,"https://www.google.com/maps?q=12.985383,77.695110",https://properties.cityinfoservices.com/bagmane-world-technology-centre-peridot-block-for-rent-in-doddanekkundi-bangalore/qgt5kdc/prd,2026-09-21T05:53:27.944548+00:00,98
Wolfpack Workspaces - Vasanth Nagar,Vasanth Nagar,Wolfpack Workspaces,Business Center & Co-working Space,50,,,,,,,,Ready to move,,,,Wolfpack Workspaces - Vasanth Nagar,,Security; Reserved Parking; Centralized AC; 24 hours water supply; CCTV,"https://www.google.com/maps?q=12.992894,77.5894993",https://properties.cityinfoservices.com/wolfpack-workspaces-vasanth-nagar-for-rent-in-vasanth-nagar-bangalore/ftcw7a5/prd,2026-09-21T05:53:27.965168+00:00,98
Ozone Chambers - Tower B,HSR Layout,Ozone Group,Office Space,,,,,,,,,Under Construction,3 Basement + Ground + 3 Podium Parking + 15 Floors,"~47,000",,Ozone Chambers - Tower B,,Security; Reserved Parking; Visitor Parking; Centralized AC; 24 hours water supply; CCTV,"https://www.google.com/maps?q=12.9121181,77.6445548",https://properties.cityinfoservices.com/ozone-chambers-tower-b-for-rent-in-hsr-layout-bangalore/8ywkkqu/prd,2026-09-21T05:53:29.636658+00:00,99
Bagmane World Technology Centre - Emerald,Doddanekkundi,Bagmane Developers Pvt. Ltd.,Office Space,,,,,,,,,Ready for fit outs,2 Basement + Ground + 7 Floors,"~57,246",,Bagmane World Technology Centre - Emerald,,Security; Reserved Parking; Visitor Parking; Centralized AC; 24 hours water supply; CCTV,"https://www.google.com/maps?q=12.983176,77.693733",https://properties.cityinfoservices.com/bagmane-world-technology-centre-emerald-for-rent-in-doddanekkundi-bangalore/mdlroqj/prd,2026-09-21T05:53:31.126466+00:00,99
Ozone Chambers - Tower B,HSR Layout,Ozone Group,Office Space,,,,,,,,,Under Construction,3 Basement + Ground + 3 Podium Parking + 15 Floors,"~47,000",,Ozone Chambers - Tower B,,Security; Reserved Parking; Visitor Parking; Centralized AC; 24 hours water supply; CCTV,"https://www.google.com/maps?q=12.9121181,77.6445548",https://properties.cityinfoservices.com/ozone-chambers-tower-b-for-rent-in-hsr-layout-bangalore/kwx5do5/prd,2026-09-21T05:53:32.814489+00:00,100
Ozone Chambers - Tower B,HSR Layout,Ozone Group,Office Space,,,,,,,,,Under Construction,3 Basement + Ground + 3 Podium Parking + 15 Floors,"~47,000",,Ozone Chambers - Tower B,,Security; Reserved Parking; Visitor Parking; Centralized AC; 24 hours water supply; CCTV,"https://www.google.com/maps?q=12.9121181,77.6445548",https://properties.cityinfoservices.com/ozone-chambers-tower-b-for-rent-in-hsr-layout-bangalore/y9fl37o/prd,2026-09-21T05:53:34.015098+00:00,99
Ozone Chambers - Tower B,HSR Layout,Ozone Group,Office Space,,,,,,,,,Under Construction,3 Basement + Ground + 3 Podium Parking + 15 Floors,"~47,000",,Ozone Chambers - Tower B,,Security; Reserved Parking; Visitor Parking; Centralized AC; 24 hours water supply; CCTV,"https://www.google.com/maps?q=12.9121181,77.6445548",https://properties.cityinfoservices.com/ozone-chambers-tower-b-for-rent-in-hsr-layout-bangalore/dj9ib5p/prd,2026-09-21T05:53:34.424584+00:00,100
Ozone Chambers - Tower B,HSR Layout,Ozone Group,Office Space,,,,,,,,,Under Construction,3 Basement + Ground + 3 Podium Parking + 15 Floors,"~47,000",,Ozone Chambers - Tower B,,Security; Reserved Parking; Visitor Parking; Centralized AC; 24 hours water supply; CCTV,"https://www.google.com/maps?q=12.9121181,77.6445548",https://properties.cityinfoservices.com/ozone-chambers-tower-b-for-rent-in-hsr-layout-bangalore/wuk8jlz/prd,2026-09-21T05:53:35.843919+00:00,100
Ozone Chambers - Tower B,HSR Layout,Ozone Group,Office Space,,,,,,,,,Under Construction,3 Basement + Ground + 3 Podium Parking + 15 Floors,"~47,000",,Ozone Chambers - Tower B,,Security; Reserved Parking; Visitor Parking; Centralized AC; 24 hours water supply; CCTV,"https://www.google.com/maps?q=12.9121181,77.6445548",https://properties.cityinfoservices.com/ozone-chambers-tower-b-for-rent-in-hsr-layout-bangalore/jymyxw9/prd,2026-09-21T05:53:38.405512+00:00,99
Ozone Chambers - Tower B,HSR Layout,Ozone Group,Office Space,,,,,,,,,Under Construction,3 Basement + Ground + 3 Podium Parking + 15 Floors,"~47,000",,Ozone Chambers - Tower B,,Security; Reserved Parking; Visitor Parking; Centralized AC; 24 hours water supply; CCTV,"https://www.google.com/maps?q=12.9121181,77.6445548",https://properties.cityinfoservices.com/ozone-chambers-tower-b-for-rent-in-hsr-layout-bangalore/hvfoa8e/prd,2026-09-21T05:53:40.836250+00:00,100
Zonasha Sendirian East,Mahadevapura,Zonasha Estates and Projects Pvt. Ltd.,Office Space,,,,,,,,,Under Construction,2 Basement + Ground + 10 Floors,"~53,000 to ~69,000",,Zonasha Sendirian East,,Security; Reserved Parking; Visitor Parking; Centralized AC; 24 hours water supply; CCTV,"https://www.google.com/maps?q=12.9879659,77.6895248",https://properties.cityinfoservices.com/zonasha-sendirian-east-for-rent-in-mahadevapura-bangalore/yux5y3l/prd,2026-09-21T05:53:43.921080+00:00,101
Zonasha Sendirian East,Mahadevapura,Zonasha Estates and Projects Pvt. Ltd.,Office Space,,,,,,,,,Under Construction,2 Basement + Ground + 10 Floors,"~53,000 to ~69,000",,Zonasha Sendirian East,,Security; Reserved Parking; Visitor Parking; Centralized AC; 24 hours water supply; CCTV,"https://www.google.com/maps?q=12.9879659,77.6895248",https://properties.cityinfoservices.com/zonasha-sendirian-east-for-rent-in-mahadevapura-bangalore/7ag9e4p/prd,2026-09-21T05:53:44.272585+00:00,101
Ozone Chambers - Tower B,HSR Layout,Ozone Group,Office Space,,,,,,,,,Under Construction,3 Basement + Ground + 3 Podium Parking + 15 Floors,"~47,000",,Ozone Chambers - Tower B,,Security; Reserved Parking; Visitor Parking; Centralized AC; 24 hours water supply; CCTV,"https://www.google.com/maps?q=12.9121181,77.6445548",https://properties.cityinfoservices.com/ozone-chambers-tower-b-for-rent-in-hsr-layout-bangalore/xixdrsq/prd,2026-09-21T05:53:45.389032+00:00,99
Ozone Chambers - Tower B,HSR Layout,Ozone Group,Office Space,,,,,,,,,Under Construction,3 Basement + Ground + 3 Podium Parking + 15 Floors,"~47,000",,Ozone Chambers - Tower B,,Security; Reserved Parking; Visitor Parking; Centralized AC; 24 hours water supply; CCTV,"https://www.google.com/maps?q=12.9121181,77.6445548",https://properties.cityinfoservices.com/ozone-chambers-tower-b-for-rent-in-hsr-layout-bangalore/z3ixw63/prd,2026-09-21T05:53:45.641772+00:00,100
603 The Coworking Space - Diamond District,HAL Old Airport Road,603 The Coworking Space,Business Center & Co-working Space,50,,,,,,,,Ready to Occupy,,,,603 The Coworking Space - Diamond District,,Security; Reserved Parking; Centralized AC; 24 hours water supply; CCTV,"https://www.google.com/maps?q=12.9600172,77.6560943",https://properties.cityinfoservices.com/603-the-coworking-space-diamond-district-for-rent-in-hal-old-airport-road-bangalore/x2vifsm/prd,2026-09-21T05:53:46.902507+00:00,102
Bridge Work365 Spaces - Indiranagar,Indiranagar,Bridge Work365 Spaces,Business Center & Co-working Space,50,,,,,,,,Ready to Occupy,,,,Bridge Work365 Spaces - Indiranagar,,Security; Reserved Parking; 24 hours water supply; CCTV,"https://www.google.com/maps?q=12.9787907,77.6442246",https://properties.cityinfoservices.com/bridge-work365-spaces-indiranagar-for-rent-in-indiranagar-bangalore/m37jjtq/prd,2026-09-21T05:53:49.472130+00:00,102
Pritech Park - Block 5A-5B,Bellandur,RGA Software Systems Pvt. Ltd. (Primal Projects Pvt. Ltd.),Office Space,,,,,,,,,Ready to move,2 Basement + Ground + 7 Floors,"~43,420.58",,Pritech Park - Block 5A-5B,,Security; Reserved Parking; Visitor Parking; Centralized AC; 24 hours water supply; CCTV,"https://www.google.com/maps?q=12.923429284460903,77.68209891639403",https://properties.cityinfoservices.com/pritech-park-block-5a-5b-for-rent-in-bellandur-bangalore/9uav8jy/prd,2026-09-21T05:53:49.831115+00:00,103
Manyata Embassy Business Park - Balsa (N1),Nagavara,Embassy Property Developments Pvt. Ltd.,Office Space,,,,,,,,,Ready to move,2 Basement + Ground + 12 Floors,"~38,099",,Manyata Embassy Business Park - Balsa (N1),,Security; Reserved Parking; Visitor Parking; Centralized AC; 24 hours water supply; CCTV,"https://www.google.com/maps?q=13.052866966801743,77.61920479839479",https://properties.cityinfoservices.com/manyata-embassy-business-park-balsa-n1--for-rent-in-nagavara-bangalore/eex8xer/prd,2026-09-21T05:53:51.482187+00:00,103
Zonasha Sendirian East,Mahadevapura,Zonasha Estates and Projects Pvt. Ltd.,Office Space,,,,,,,,,Under Construction,2 Basement + Ground + 10 Floors,"~53,000 to ~69,000",,Zonasha Sendirian East,,Security; Reserved Parking; Visitor Parking; Centralized AC; 24 hours water supply; CCTV,"https://www.google.com/maps?q=12.9879659,77.6895248",https://properties.cityinfoservices.com/zonasha-sendirian-east-for-rent-in-mahadevapura-bangalore/vxzwgfd/prd,2026-09-21T05:53:51.785054+00:00,101
"WeWork - Prestige Tech Park, Jupiter",Kadubeesanahalli,WeWork India Management Pvt. Ltd.,Business Center & Co-working Space,46,,,,,,,,Ready to Occupy,,,,"WeWork - Prestige Tech Park, Jupiter",,Security; Reserved Parking; Visitor Parking; Centralized AC; 24 hours water supply; CCTV,"https://www.google.com/maps?q=12.942145,77.694745",https://properties.cityinfoservices.com/wework-prestige-tech-park-jupiter-for-rent-in-kadubeesanahalli-road-bangalore/z73954j/prd,2026-09-21T05:53:52.638566+00:00,103
Gold Hill Square (Goldhill),Bommanahalli,Sri Venkateswara Developers,Office Space,,,,,,,,,Ready for fit outs,Basement + Ground + 11 Floors,~18000 to ~34000,,Gold Hill Square (Goldhill),,Security; Reserved Parking; Visitor Parking; Centralized AC; 24 hours water supply; CCTV,"https://www.google.com/maps?q=12.9017892,77.63296869999999",https://properties.cityinfoservices.com/gold-hill-square-goldhill--for-rent-in-bommanahalli-bangalore/6n848l4/prd,2026-09-21T05:53:57.442836+00:00,103
BizzHub Workspaces - Elanz (MSR North Tower),Nagavara,Bizzhub Ventures Pvt. Ltd.,Business Center & Co-working Space,150,,,,,,,,30 Days from date of signing the agreement,,,,BizzHub Workspaces - Elanz (MSR North Tower),,Security; Reserved Parking; Centralized AC; 24 hours water supply; CCTV,"https://www.google.com/maps?q=13.0421565,77.6135776",https://properties.cityinfoservices.com/bizzhub-workspaces-elanz-msr-north-tower--for-rent-in-nagavara-bangalore/5mrlzri/prd,2026-09-21T05:53:57.761364+00:00,104
ClayWorks - HSR,HSR Layout,ClayWorks Spaces Technologies Pvt. Ltd.,Business Center & Co-working Space,350,,,,,,,,Ready to Occupy from September 2022,,,,ClayWorks - HSR,,Security; Reserved Parking; Visitor Parking; Centralized AC; 24 hours water supply; CCTV,"https://www.google.com/maps?q=12.9121181,77.6445548",https://properties.cityinfoservices.com/clayworks-hsr-for-rent-in-hsr-layout-bangalore/rbzjzfp/prd,2026-09-21T05:53:58.129720+00:00,105
GoSpaze Coworking - Whitefield,Whitefield,GoSpaze Coworking Space,Business Center & Co-working Space,50,,,,,,,,Ready to Occupy,,,,GoSpaze Coworking - Whitefield,,Security; Reserved Parking; Centralized AC; 24 hours water supply; CCTV,"https://www.google.com/maps?q=12.9556344,77.7205616",https://properties.cityinfoservices.com/gospaze-coworking-whitefield-for-rent-in-whitefield-bangalore/fdzm6cu/prd,2026-09-21T05:53:58.807805+00:00,104
CapitaLand IT Park - Tower 1B,Hebbal,CapitaLand Services India Pvt. Ltd. (Ascendas-Singbridge Group),Office Space,,,,,,,,,Ready for fit outs,3 Basement + Ground + 16 Floors,"~47,000",,CapitaLand IT Park - Tower 1B,,Security; Reserved Parking; Centralized AC; 24 hours water supply; CCTV,"https://www.google.com/maps?q=13.063345,77.594977",https://properties.cityinfoservices.com/capitaland-it-park-tower-1b-for-rent-in-hebbal-bangalore/ng7yl67/prd,2026-09-21T05:53:59.104676+00:00,98
GoSpaze Coworking - Indiranagar,Indiranagar,GoSpaze Coworking Space,Business Center & Co-working Space,50,,,,,,,,Ready to Occupy,,,,GoSpaze Coworking - Indiranagar,,Security; Reserved Parking; Centralized AC; 24 hours water supply; CCTV,"https://www.google.com/maps?q=12.975495,77.635983",https://properties.cityinfoservices.com/gospaze-coworking-indiranagar-for-rent-in-indiranagar-bangalore/lyy3zit/prd,2026-09-21T05:54:00.278379+00:00,104
Pritech Park - Block 11,Bellandur,RGA Software Systems Pvt. Ltd. (Primal Projects Pvt. Ltd.),Office Space,,,,,,,,,Ready for fit outs,2 Basement + Ground + 9 Floors,"~63,000",,Pritech Park - Block 11,,Security; Reserved Parking; Visitor Parking; Centralized AC; 24 hours water supply; CCTV,"https://www.google.com/maps?q=12.922320832291403,77.6806719811981",https://properties.cityinfoservices.com/pritech-park-block-11-for-rent-in-bellandur-bangalore/qfskw34/prd,2026-09-21T05:54:01.160837+00:00,103
Sattva Endeavor,Electronic City Phase 2,Salarpuria Sattva Group,Office Space,,,,,,,,,Ready for fit outs,Basement + Ground + 13 Floors,"~60,000 to ~65,000",,Sattva Endeavor,,Security; Reserved Parking; Visitor Parking; Centralized AC; 24 hours water supply; CCTV,"https://www.google.com/maps?q=12.851333,77.676037",https://properties.cityinfoservices.com/sattva-endeavor-for-rent-in-electronic-city-phase-2-bangalore/k6wd954/prd,2026-09-21T05:54:02.192122+00:00,106
Bagmane World Technology Centre - Emerald,Doddanekkundi,Bagmane Developers Pvt. Ltd.,Office Space,,,,,,,,,Ready to move,2 Basement + Ground + 7 Floors,"~57,246",,Bagmane World Technology Centre - Emerald,,Security; Reserved Parking; Centralized AC; 24 hours water supply; CCTV,"https://www.google.com/maps?q=12.983176,77.693733",https://properties.cityinfoservices.com/bagmane-world-technology-centre-emerald-for-rent-in-doddanekkundi-bangalore/6q48fyd/prd,2026-09-21T05:54:03.104193+00:00,106
Sattva Endeavor,Electronic City Phase 2,Salarpuria Sattva Group,Office Space,,,,,,,,,Ready for fit outs,Basement + Ground + 13 Floors,"~60,000 to ~65,000",,Sattva Endeavor,,Security; Reserved Parking; Visitor Parking; Centralized AC; 24 hours water supply; CCTV,"https://www.google.com/maps?q=12.851333,77.676037",https://properties.cityinfoservices.com/sattva-endeavor-for-rent-in-electronic-city-phase-2-bangalore/xrn58rj/prd,2026-09-21T05:54:03.364715+00:00,106
Sattva Endeavor,Electronic City Phase 2,Salarpuria Sattva Group,Office Space,,,,,,,,,Ready for fit outs,Basement + Ground + 13 Floors,"~60,000 to ~65,000",,Sattva Endeavor,,Security; Reserved Parking; Visitor Parking; Centralized AC; 24 hours water supply; CCTV,"https://www.google.com/maps?q=12.851333,77.676037",https://properties.cityinfoservices.com/sattva-endeavor-for-rent-in-electronic-city-phase-2-bangalore/yuwhacb/prd,2026-09-21T05:54:06.654769+00:00,106
Bren Prominus,Sarjapur Main Road,Bren Corporation Pvt. Ltd.,Office Space,,,,,,,,,Under Construction,2 Basement + Ground + 9 Floors,~34000,,Bren Prominus,,Security; Reserved Parking; Centralized AC; 24 hours water supply; CCTV,"https://www.google.com/maps?q=12.9039839,77.7029845",https://properties.cityinfoservices.com/bren-prominus-for-rent-in-sarjapur-main-road-bangalore/hg2a46w/prd,2026-09-21T05:54:08.397298+00:00,107
Bren Prominus,Sarjapur Main Road,Bren Corporation Pvt. Ltd.,Office Space,,,,,,,,,Under Construction,2 Basement + Ground + 9 Floors,~34000,,Bren Prominus,,Security; Reserved Parking; Centralized AC; 24 hours water supply; CCTV,"https://www.google.com/maps?q=12.9039839,77.7029845",https://properties.cityinfoservices.com/bren-prominus-for-rent-in-sarjapur-main-road-bangalore/yjym8i5/prd,2026-09-21T05:54:11.067896+00:00,107
Bren Prominus,Sarjapur Main Road,Bren Corporation Pvt. Ltd.,Office Space,,,,,,,,,Under Construction,2 Basement + Ground + 9 Floors,~34000,,Bren Prominus,,Security; Reserved Parking; Centralized AC; 24 hours water supply; CCTV,"https://www.google.com/maps?q=12.9039839,77.7029845",https://properties.cityinfoservices.com/bren-prominus-for-rent-in-sarjapur-main-road-bangalore/ymghmdj/prd,2026-09-21T05:54:11.210955+00:00,107
Bren Prominus,Sarjapur Main Road,Bren Corporation Pvt. Ltd.,Office Space,,,,,,,,,Under Construction,2 Basement + Ground + 9 Floors,~34000,,Bren Prominus,,Security; Reserved Parking; Centralized AC; 24 hours water supply; CCTV,"https://www.google.com/maps?q=12.9039839,77.7029845",https://properties.cityinfoservices.com/bren-prominus-for-rent-in-sarjapur-main-road-bangalore/so5eu3x/prd,2026-09-21T05:54:11.940488+00:00,107
Bren Prominus,Sarjapur Main Road,Bren Corporation Pvt. Ltd.,Office Space,,,,,,,,,Under Construction,2 Basement + Ground + 9 Floors,~34000,,Bren Prominus,,Security; Reserved Parking; Centralized AC; 24 hours water supply; CCTV,"https://www.google.com/maps?q=12.9039839,77.7029845",https://properties.cityinfoservices.com/bren-prominus-for-rent-in-sarjapur-main-road-bangalore/2qg7pml/prd,2026-09-21T05:54:12.485079+00:00,107
Bren Prominus,Sarjapur Main Road,Bren Corporation Pvt. Ltd.,Office Space,,,,,,,,,Under Construction,2 Basement + Ground + 9 Floors,~34000,,Bren Prominus,,Security; Reserved Parking; Centralized AC; 24 hours water supply; CCTV,"https://www.google.com/maps?q=12.9039839,77.7029845",https://properties.cityinfoservices.com/bren-prominus-for-rent-in-sarjapur-main-road-bangalore/sob8o22/prd,2026-09-21T05:54:15.588949+00:00,107
Total Environment After the Rain Workcation,Yelahanka,Total Environment Building Systems Pvt. Ltd.,Office Space,,,,,,,,,Under Construction,3 Basement + Ground + 9 Floors,~17000 to ~49000,,Total Environment After the Rain Workcation,,Security; Reserved Parking; Visitor Parking; Centralized AC; 24 hours water supply; CCTV,"https://www.google.com/maps?q=13.1154662,77.6069977",https://properties.cityinfoservices.com/total-environment-after-the-rain-workcation-for-rent-in-yelahanka-bangalore/czzn6ed/prd,2026-09-21T05:54:18.811525+00:00,108
Bren Prominus,Sarjapur Main Road,Bren Corporation Pvt. Ltd.,Office Space,,,,,,,,,Under Construction,2 Basement + Ground + 9 Floors,~34000,,Bren Prominus,,Security; Reserved Parking; Centralized AC; 24 hours water supply; CCTV,"https://www.google.com/maps?q=12.9039839,77.7029845",https://properties.cityinfoservices.com/bren-prominus-for-rent-in-sarjapur-main-road-bangalore/7fno7dv/prd,2026-09-21T05:54:19.019736+00:00,107
Bren Prominus,Sarjapur Main Road,Bren Corporation Pvt. Ltd.,Office Space,,,,,,,,,Under Construction,2 Basement + Ground + 9 Floors,~34000,,Bren Prominus,,Security; Reserved Parking; Centralized AC; 24 hours water supply; CCTV,"https://www.google.com/maps?q=12.9039839,77.7029845",https://properties.cityinfoservices.com/bren-prominus-for-rent-in-sarjapur-main-road-bangalore/hoxabzr/prd,2026-09-21T05:54:19.375914+00:00,107
GoSpaze Coworking - Bellandur Gate,Sarjapur Main Road,GoSpaze Coworking Space,Business Center & Co-working Space,50,,,,,,,,Ready to Occupy,,,,GoSpaze Coworking - Bellandur Gate,,Security; Reserved Parking; Centralized AC; 24 hours water supply; CCTV,"https://www.google.com/maps?q=12.9049356,77.7014108",https://properties.cityinfoservices.com/gospaze-coworking-bellandur-gate-for-rent-in-sarjapur-main-road-bangalore/hv27p62/prd,2026-09-21T05:54:19.475508+00:00,104
Prestige Featherlite Tech Park,Whitefield,Prestige Estates Projects Limited,Office Space,,,,,,,,,Ready to move,Basement + Ground + 3 Floors,"~25,000 to ~27,000",,Prestige Featherlite Tech Park,,Security; Reserved Parking; Visitor Parking; Centralized AC; 24 hours water supply; CCTV,"https://www.google.com/maps?q=12.981438,77.72165",https://properties.cityinfoservices.com/prestige-featherlite-tech-park-for-rent-in-whitefield-bangalore/3zvuodc/prd,2026-09-21T05:54:21.425886+00:00,108
Prestige Featherlite Tech Park,Whitefield,Prestige Estates Projects Limited,Office Space,,,,,,,,,Ready to move,Basement + Ground + 3 Floors,"~25,000 to ~27,000",,Prestige Featherlite Tech Park,,Security; Reserved Parking; Visitor Parking; Centralized AC; 24 hours water supply; CCTV,"https://www.google.com/maps?q=12.981438,77.72165",https://properties.cityinfoservices.com/prestige-featherlite-tech-park-for-rent-in-whitefield-bangalore/s7fgrt3/prd,2026-09-21T05:54:21.468694+00:00,108
Prestige Featherlite Tech Park,Whitefield,Prestige Estates Projects Limited,Office Space,,,,,,,,,Ready to move,Basement + Ground + 3 Floors,"~25,000 to ~28,000",,Prestige Featherlite Tech Park,,Security; Reserved Parking; Visitor Parking; Centralized AC; 24 hours water supply; CCTV,"https://www.google.com/maps?q=12.981438,77.72165",https://properties.cityinfoservices.com/prestige-featherlite-tech-park-for-rent-in-whitefield-bangalore/hfrtp65/prd,2026-09-21T05:54:22.510467+00:00,108
IndiQube - Sunshine,Koramangala,IndiQube Spaces Limited,Business Center & Co-working Space,136,,,,,,,,Ready for Fit-out,,,,IndiQube - Sunshine,,Security; Reserved Parking; Visitor Parking; Centralized AC; 24 hours water supply; CCTV,"https://www.google.com/maps?q=12.936319,77.621378",https://properties.cityinfoservices.com/indiqube-sunshine-for-rent-in-koramangala-bangalore/zgp44w3/prd,2026-09-21T05:54:24.142694+00:00,109
IWF Campus - Tower A and B,Whitefield,Independent Developer,Office Space,,,,,,,,,Ready for fit outs,3 Basement + Ground + 11 Floors,"~25,526 to ~43,405",,IWF Campus - Tower A and B,,Security; Reserved Parking; Visitor Parking; Centralized AC; 24 hours water supply; CCTV,"https://www.google.com/maps?q=12.997344,77.6888879",https://properties.cityinfoservices.com/iwf-campus-tower-a-and-b-for-rent-in-whitefield-bangalore/yqwtgoz/prd,2026-09-21T05:54:24.462024+00:00,109
Total Environment After the Rain Workcation,Yelahanka,Total Environment Building Systems Pvt. Ltd.,Office Space,,,,,,,,,Under Construction,3 Basement + Ground + 9 Floors,~17000 to ~49000,,Total Environment After the Rain Workcation,,Security; Reserved Parking; Visitor Parking; Centralized AC; 24 hours water supply; CCTV,"https://www.google.com/maps?q=13.1154662,77.6069977",https://properties.cityinfoservices.com/total-environment-after-the-rain-workcation-for-rent-in-yelahanka-bangalore/uc9bqrp/prd,2026-09-21T05:54:24.563084+00:00,108
Total Environment After the Rain Workcation,Yelahanka,Total Environment Building Systems Pvt. Ltd.,Office Space,,,,,,,,,Under Construction,3 Basement + Ground + 9 Floors,~17000 to ~49000,,Total Environment After the Rain Workcation,,Security; Reserved Parking; Visitor Parking; Centralized AC; 24 hours water supply; CCTV,"https://www.google.com/maps?q=13.1154662,77.6069977",https://properties.cityinfoservices.com/total-environment-after-the-rain-workcation-for-rent-in-yelahanka-bangalore/3npy43u/prd,2026-09-21T05:54:26.156983+00:00,109
Total Environment After the Rain Workcation,Yelahanka,Total Environment Building Systems Pvt. Ltd.,Office Space,,,,,,,,,Under Construction,3 Basement + Ground + 9 Floors,~17000 to ~49000,,Total Environment After the Rain Workcation,,Security; Reserved Parking; Visitor Parking; Centralized AC; 24 hours water supply; CCTV,"https://www.google.com/maps?q=13.1154662,77.6069977",https://properties.cityinfoservices.com/total-environment-after-the-rain-workcation-for-rent-in-yelahanka-bangalore/t2632nl/prd,2026-09-21T05:54:30.176071+00:00,109
Total Environment After the Rain Workcation,Yelahanka,Total Environment Building Systems Pvt. Ltd.,Office Space,,,,,,,,,Under Construction,3 Basement + Ground + 9 Floors,~17000 to ~49000,,Total Environment After the Rain Workcation,,Security; Reserved Parking; Visitor Parking; Centralized AC; 24 hours water supply; CCTV,"https://www.google.com/maps?q=13.1154662,77.6069977",https://properties.cityinfoservices.com/total-environment-after-the-rain-workcation-for-rent-in-yelahanka-bangalore/u232f2d/prd,2026-09-21T05:54:31.105661+00:00,109
BizzHub Workspaces - Aspire (SJR Junction),Koramangala,Bizzhub Ventures Pvt. Ltd.,Business Center & Co-working Space,63,,,,,,,,Ready to Occupy,,,,BizzHub Workspaces - Aspire (SJR Junction),,Security; Reserved Parking; Visitor Parking; Centralized AC; 24 hours water supply; CCTV,"https://www.google.com/maps?q=12.9375773,77.62692390000007",https://properties.cityinfoservices.com/bizzhub-workspaces-aspire-sjr-junction--for-rent-in-koramangala-bangalore/m94s9zp/prd,2026-09-21T05:54:33.572953+00:00,110
Spatium Offices - South Park (Abacus Center),JP Nagar,Spatium Managed Spaces Pvt. Ltd.,Business Center & Co-working Space,50,,,,,,,,Ready for Fit-outs,,,,Spatium Offices - South Park,,Security; Reserved Parking; Centralized AC; 24 hours water supply; CCTV,"https://www.google.com/maps?q=12.908498,77.599551",https://properties.cityinfoservices.com/spatium-offices-south-park-abacus-center--for-rent-in-jp-nagar-bangalore/jzbxngj/prd,2026-09-21T05:54:34.088807+00:00,110
Total Environment After the Rain Workcation,Yelahanka,Total Environment Building Systems Pvt. Ltd.,Office Space,,,,,,,,,Under Construction,3 Basement + Ground + 9 Floors,~17000 to ~49000,,Total Environment After the Rain Workcation,,Security; Reserved Parking; Visitor Parking; Centralized AC; 24 hours water supply; CCTV,"https://www.google.com/maps?q=13.1154662,77.6069977",https://properties.cityinfoservices.com/total-environment-after-the-rain-workcation-for-rent-in-yelahanka-bangalore/8kqxk77/prd,2026-09-21T05:54:34.152863+00:00,109
Trend Works - HM Towers,Brigade Road,Trend India Business Centre Pvt. Ltd. (Trend Works),Business Center & Co-working Space,9,,,,,,,,Ready to Move In,,,,Trend Works - HM Towers,,Security; Reserved Parking; Visitor Parking; Centralized AC; 24 hours water supply; CCTV,"https://www.google.com/maps?q=12.9712306,77.6073498",https://properties.cityinfoservices.com/trend-works-hm-towers-for-rent-in-brigade-road-bangalore/4y4imxu/prd,2026-09-21T05:54:35.368047+00:00,110
Brookfield NXT - Campus 1B,Whitefield,RMZ Corp Holdings Pvt. Ltd.,Office Space,,,,,,,,,Ready for fit outs,Basement + Ground + 5 Floors,"~32,598",,Brookfield NXT - Campus 1B,,Security; Reserved Parking; Visitor Parking; Centralized AC; 24 hours water supply; CCTV,"https://www.google.com/maps?q=12.978388914278476,77.71349356004943",https://properties.cityinfoservices.com/brookfield-nxt-campus-1b-for-rent-in-whitefield-bangalore/xjrrvw8/prd,2026-09-21T05:54:36.174844+00:00,111
Total Environment After the Rain Workcation,Yelahanka,Total Environment Building Systems Pvt. Ltd.,Office Space,,,,,,,,,Under Construction,3 Basement + Ground + 9 Floors,~17000 to ~49000,,Total Environment After the Rain Workcation,,Security; Reserved Parking; Visitor Parking; Centralized AC; 24 hours water supply; CCTV,"https://www.google.com/maps?q=13.1154662,77.6069977",https://properties.cityinfoservices.com/total-environment-after-the-rain-workcation-for-rent-in-yelahanka-bangalore/p6orc4y/prd,2026-09-21T05:54:37.858074+00:00,109
Brookfield Centennial - Campus C,Whitefield,RMZ Corp Holdings Pvt. Ltd.,Office Space,,,,,,,,,Ready for fit outs,Ground + 7 Floors,"~45,000",,Brookfield Centennial - Campus C,,Security; Reserved Parking; Visitor Parking; Centralized AC; 24 hours water supply; CCTV,"https://www.google.com/maps?q=12.9753617,77.7113476",https://properties.cityinfoservices.com/brookfield-centennial-campus-c-for-rent-in-whitefield-bangalore/g48dp9l/prd,2026-09-21T05:54:38.482127+00:00,111
91 Springboard - Koramangala 8th Block,Koramangala,91 Springboard Business Hub Pvt. Ltd.,Business Center & Co-working Space,171,,,,,,,,Ready to Occupy,,,,91 Springboard - Koramangala 8th Block,,Security; Reserved Parking; Visitor Parking; Centralized AC; 24 hours water supply; CCTV,"https://www.google.com/maps?q=12.943355,77.62137200000006",https://properties.cityinfoservices.com/91-springboard-koramangala-8th-block-for-rent-in-koramangala-bangalore/g7yekur/prd,2026-09-21T05:54:39.344624+00:00,112
91 Springboard - JP Nagar (The Pavillion),JP Nagar,91 Springboard Business Hub Pvt. Ltd.,Business Center & Co-working Space,185,,,,,,,,Ready to Occupy,,,,91 Springboard - JP Nagar (The Pavillion),,Security; Reserved Parking; Visitor Parking; Centralized AC; 24 hours water supply; CCTV,"https://www.google.com/maps?q=12.903941,77.60128399999996",https://properties.cityinfoservices.com/91-springboard-jp-nagar-the-pavillion--for-rent-in-jp-nagar-bangalore/58lyky7/prd,2026-09-21T05:54:41.339651+00:00,112
Incubinet - Coworking Hub,JP Nagar,Incubinet Coworking Hub,Business Center & Co-working Space,6,,,,,,,,Ready to Occupy,,,,Incubinet - Coworking Hub,,Security; Reserved Parking; Visitor Parking; Centralized AC; 24 hours water supply; CCTV,"https://www.google.com/maps?q=12.8693512,77.577261",https://properties.cityinfoservices.com/incubinet-coworking-hub-for-rent-in-jp-nagar-bangalore/wl24djz/prd,2026-09-21T05:54:41.809684+00:00,112
IndiQube - MiniForest,JP Nagar,IndiQube Spaces Limited,Business Center & Co-working Space,81,,,,,,,,Ready to Occupy,,,,IndiQube - MiniForest,,Security; Reserved Parking; Visitor Parking; Centralized AC; 24 hours water supply; CCTV,"https://www.google.com/maps?q=12.8881354,77.5909775",https://properties.cityinfoservices.com/indiqube-miniforest-for-rent-in-jp-nagar-bangalore/jw9ou6a/prd,2026-09-21T05:54:43.300817+00:00,112
Pritech Park - Block 11,Bellandur,RGA Software Systems Pvt. Ltd. (Primal Projects Pvt. Ltd.),Office Space,,,,,,,,,Ready for fit outs,2 Basement + Ground + 9 Floors,"~63,000",,Pritech Park - Block 11,,Security; Reserved Parking; Visitor Parking; Centralized AC; 24 hours water supply; CCTV,"https://www.google.com/maps?q=12.922320832291403,77.6806719811981",https://properties.cityinfoservices.com/pritech-park-block-11-for-rent-in-bellandur-bangalore/dpgddh6/prd,2026-09-21T05:54:43.444730+00:00,112
Pritech Park - Block 11,Bellandur,RGA Software Systems Pvt. Ltd. (Primal Projects Pvt. Ltd.),Office Space,,,,,,,,,Ready for fit outs,2 Basement + Ground + 9 Floors,"~63,000",,Pritech Park - Block 11,,Security; Reserved Parking; Visitor Parking; Centralized AC; 24 hours water supply; CCTV,"https://www.google.com/maps?q=12.922320832291403,77.6806719811981",https://properties.cityinfoservices.com/pritech-park-block-11-for-rent-in-bellandur-bangalore/7hv9ys5/prd,2026-09-21T05:54:45.843628+00:00,112
Brookfield Ecoworld - Campus 5A,Bellandur,Brookfield Properties,Office Space,,,,,,,,,Ready for fit outs,3 Basement + Ground + 9 Floors,~44000 to ~57000,,Brookfield Ecoworld - Campus 5A,,Security; Reserved Parking; Visitor Parking; Centralized AC; 24 hours water supply; CCTV,"https://www.google.com/maps?q=12.922000686744939,77.68503858780517",https://properties.cityinfoservices.com/brookfield-ecoworld-campus-5a-for-rent-in-bellandur-bangalore/4p6fpom/prd,2026-09-21T05:54:47.669310+00:00,113
Kirloskar Business Park,Hebbal,Embassy Property Developments Pvt. Ltd.,Office Space,,,,,,,,,Ready to move,Basement + Ground + 7 Floors,"~31,783",,Kirloskar Business Park,,Security; Reserved Parking; Visitor Parking; Centralized AC; 24 hours water supply; CCTV,"https://www.google.com/maps?q=13.05144356014879,77.5952512979004",https://properties.cityinfoservices.com/kirloskar-business-park-for-rent-in-hebbal-bangalore/mjwilmb/prd,2026-09-21T05:54:55.009644+00:00,113
Vaswani Presidio,Kadubeesanahalli,Vaswani Estates Developers Pvt. Ltd. (Vaswani Group),Office Space,,,,,,,,,Ready for fit outs,2 Basement + Ground + 6 Floors,"~18,000",,Vaswani Presidio,,Security; Reserved Parking; Visitor Parking; Centralized AC; 24 hours water supply; CCTV,"https://www.google.com/maps?q=12.937660,77.699599",https://properties.cityinfoservices.com/vaswani-presidio-for-rent-in-kadubeesanahalli-road-bangalore/3j2iwvy/prd,2026-09-21T05:54:56.606311+00:00,113
Bagmane Encore - Building 1,Bellandur,Bagmane Developers Pvt. Ltd.,Office Space,,,,,,,,,Upcoming,Basement + Ground + 11 Floors,~65000,,Bagmane Encore - Building 1,,Security; Reserved Parking; Visitor Parking; Centralized AC; 24 hours water supply; CCTV,"https://www.google.com/maps?q=12.92606,77.67894",https://properties.cityinfoservices.com/bagmane-encore-building-1-for-rent-in-bellandur-bangalore/4sx86xg/prd,2026-09-21T05:54:58.182823+00:00,113
Harita IT Park,Electronic City Phase I,Harita Projects Pvt. Ltd.,Office Space,,,,,,,,,Ready for fit outs,2 Basement + Ground + 9 Floors,"~36,000 sq.ft to ~39,000 sq.ft",,Harita IT Park,,Security; Reserved Parking; Visitor Parking; Centralized AC; 24 hours water supply; CCTV,"https://www.google.com/maps?q=12.835126429580528,77.6602880126587",https://properties.cityinfoservices.com/harita-it-park-for-rent-in-electronic-city-phase-i-bangalore/cdrmbtj/prd,2026-09-21T05:54:58.416752+00:00,114
Harita IT Park,Electronic City Phase I,Harita Projects Pvt. Ltd.,Office Space,,,,,,,,,Ready for fit outs,2 Basement + Ground + 9 Floors,"~36,000 sq.ft to ~39,000 sq.ft",,Harita IT Park,,Security; Reserved Parking; Visitor Parking; Centralized AC; 24 hours water supply; CCTV,"https://www.google.com/maps?q=12.835126429580528,77.6602880126587",https://properties.cityinfoservices.com/harita-it-park-for-rent-in-electronic-city-phase-i-bangalore/lqegbu6/prd,2026-09-21T05:54:58.458308+00:00,114
Bagmane Constellation Business Park - Orion,Doddanekkundi,Bagmane Developers Pvt. Ltd.,Office Space,,,,,,,,,Ready to move,2 Basement + Ground + 11 Floors,"~48,000",,Bagmane Constellation Business Park - Orion,,Security; Reserved Parking; Visitor Parking; Centralized AC; 24 hours water supply; CCTV,"https://www.google.com/maps?q=12.96347,77.701936",https://properties.cityinfoservices.com/bagmane-constellation-business-park-orion-for-rent-in-doddanekkundi-bangalore/9i9xysi/prd,2026-09-21T05:54:59.188322+00:00,113
Pritech Park - Block 11,Bellandur,RGA Software Systems Pvt. Ltd. (Primal Projects Pvt. Ltd.),Office Space,,,,,,,,,Ready for fit outs,2 Basement + Ground + 9 Floors,"~63,000",,Pritech Park - Block 11,,Security; Reserved Parking; Visitor Parking; Centralized AC; 24 hours water supply; CCTV,"https://www.google.com/maps?q=12.922320832291403,77.6806719811981",https://properties.cityinfoservices.com/pritech-park-block-11-for-rent-in-bellandur-bangalore/nv6pclx/prd,2026-09-21T05:54:59.352301+00:00,112
BuzzWorks - Brigade Signature Towers (Golden Triangle),Old Madras Road,BuzzWorks by Brigade Group (Co-working Spaces),Business Center & Co-working Space,188,,,,,,,,Ready to Occupy,,,,BuzzWorks - Brigade Signature Towers (Golden Triangle),,Security; Reserved Parking; Visitor Parking; Centralized AC; 24 hours water supply; CCTV,"https://www.google.com/maps?q=13.054272,77.761647",https://properties.cityinfoservices.com/buzzworks-brigade-signature-towers-golden-triangle--for-rent-in-old-madras-road-bangalore/7lslocx/prd,2026-09-21T05:55:00.569972+00:00,115
Buzzworks - Brigade WTC Annexe,Rajajinagar,BuzzWorks Coworking Space (Brigade Enterprises Ltd.),Business Center & Co-working Space,21,,26,,,,,,Ready to Occupy,,,,Buzzworks - Brigade WTC Annexe,,Security; Reserved Parking; Visitor Parking; Centralized AC; 24 hours water supply; CCTV,"https://www.google.com/maps?q=13.014882,77.555984",https://properties.cityinfoservices.com/buzzworks-brigade-wtc-annexe-for-rent-in-rajajinagar-bangalore/xetbtp8/prd,2026-09-21T05:55:02.513044+00:00,115
Sattva Texonic,Bommasandra Industrial Area,Salarpuria Sattva Group,Office Space,,,,,,,,,Under Construction,3 Basement + Ground + 17 Floors,"~1,30,000",,Sattva Texonic,,Security; Reserved Parking; Visitor Parking; Centralized AC; 24 hours water supply; CCTV,"https://www.google.com/maps?q=12.819343,77.685983",https://properties.cityinfoservices.com/sattva-texonic-for-rent-in-bommasandra-industrial-area-bangalore/y4kajyt/prd,2026-09-21T05:55:02.957353+00:00,115
IndiQube - AMR 3,Hosur Road,IndiQube Spaces Limited,Business Center & Co-working Space,180,,,,,,,,Ready to Occupy,,,,IndiQube - AMR 3,,Security; Reserved Parking; Centralized AC; 24 hours water supply; CCTV,"https://www.google.com/maps?q=12.899079,77.630833",https://properties.cityinfoservices.com/indiqube-amr-3-for-rent-in-hosur-road-bangalore/as5qcks/prd,2026-09-21T05:55:05.180851+00:00,115
Embassy Tech Village - Onyx,Devarabisanahalli,Embassy Property Developments Pvt. Ltd.,Office Space,,,,,,,,,Ready for fit outs,2 Basement + Ground + 9 Floors,"~12,000 to ~25,000",,Embassy Tech Village - Onyx,,Security; Reserved Parking; Visitor Parking; Centralized AC; 24 hours water supply; CCTV,"https://www.google.com/maps?q=12.9306226,77.6905477",https://properties.cityinfoservices.com/embassy-tech-village-onyx-for-rent-in-devarabisanahalli-road-bangalore/jp9y94z/prd,2026-09-21T05:55:05.621860+00:00,110
Century Artizan,Yelahanka,Century Real Estate Holdings Pvt. Ltd.,Office Space,,,,,,,,,Under Construction,2 Basement + Ground + 7 Floors,"~25,000",,Century Artizan,,Security; Reserved Parking; Visitor Parking; Centralized AC; 24 hours water supply; CCTV,"https://www.google.com/maps?q=13.1563739,77.5319364",https://properties.cityinfoservices.com/century-artizan-for-rent-in-yelahanka-bangalore/igr36l8/prd,2026-09-21T05:55:06.391569+00:00,115
Salarpuria Softzone - Block A,Bellandur,Salarpuria Sattva Group,Office Space,,,,,,,,,Ready to move,Basement + Ground + 6 Floors,"~47,000 to ~90,000",,Salarpuria Softzone - Block A,,Security; Reserved Parking; Centralized AC; 24 hours water supply; CCTV,"https://www.google.com/maps?q=12.923797114832743,77.67036383346863",https://properties.cityinfoservices.com/salarpuria-softzone-block-a-for-rent-in-bellandur-bangalore/nhk7wtz/prd,2026-09-21T05:55:07.529383+00:00,115
Horizon Industrial Park - Dobbaspet II,Tumkur Main Road,Horizon Industrial Parks Pvt Ltd,Industrial,,,,,,,,,Ready for fit outs,,,,Horizon Industrial Park - Dobbaspet II,,,"https://www.google.com/maps?q=13.187958,77.261478",https://properties.cityinfoservices.com/horizon-industrial-park-dobbaspet-ii-for-rent-in-tumkur-main-road-bangalore/f24wduw/prd,2026-09-21T05:55:08.005446+00:00,116
AKASA Coworking - Whitefield,Whitefield,Akasa Coworking Pvt Ltd.,Business Center & Co-working Space,50,,,,,,,,Ready to move,,,,AKASA Coworking - Whitefield,,Security; Reserved Parking; 24 hours water supply; CCTV,"https://www.google.com/maps?q=12.956778,77.731030",https://properties.cityinfoservices.com/akasa-coworking-whitefield-for-rent-in-whitefield-bangalore/munipds/prd,2026-09-21T05:55:08.280120+00:00,116
Prestige Technostar - Block 2,Brookefield,Prestige Estates Projects Limited,Office Space,,,,,,,,,Ready to move,2 Basement + Stilt + 9 Floors,"~37,375",,Prestige Technostar - Block 2,,Security; Reserved Parking; Visitor Parking; Centralized AC; 24 hours water supply; CCTV,"https://www.google.com/maps?q=12.973854308033685,77.7107660067154",https://properties.cityinfoservices.com/prestige-technostar-block-2-for-rent-in-brookefield-bangalore/ym2te2u/prd,2026-09-21T05:55:09.928495+00:00,117
Gopalan Coworks - Banashankari,Banashankari,Gopalan Enterprises India Pvt. Ltd.,Business Center & Co-working Space,70,,,,,,,,Ready to Occupy,,,,Gopalan Coworks - Banashankari,,Security; Reserved Parking; Visitor Parking; Centralized AC; 24 hours water supply; CCTV,"https://www.google.com/maps?q=12.9264217,77.55104170000004",https://properties.cityinfoservices.com/gopalan-coworks-banashankari-for-rent-in-banashankari-bangalore/3jndhkw/prd,2026-09-21T05:55:10.979156+00:00,115
Raheja Towers,MG Road,Raheja Developers Ltd.,Office Space,,,,,,,,,Ready for fit outs,Basement + Ground + 13 Floors,~22000,,Raheja Towers,,Security; Reserved Parking; Centralized AC; 24 hours water supply; CCTV,"https://www.google.com/maps?q=12.9732545,77.61381030000007",https://properties.cityinfoservices.com/raheja-towers-for-rent-in-mahatma-gandhi-road-bangalore/icrcslm/prd,2026-09-21T05:55:11.683431+00:00,117
Bagmane Cosmos - Vesta,C V Raman Nagar,Bagmane Developers Private Limited,Office Space,,,,,,,,,Ready for fit outs,3 Basement + Ground + 10 Floors,"~54,000",,Bagmane Cosmos - Vesta,,Security; Reserved Parking; Centralized AC; 24 hours water supply; CCTV,"https://www.google.com/maps?q=12.980151,77.668120",https://properties.cityinfoservices.com/bagmane-cosmos-vesta-for-rent-in-c-v-raman-nagar-bangalore/f3qoluc/prd,2026-09-21T05:55:13.316483+00:00,116
"Horizon Industrial Park - Malur , Block C",Malur,Horizon Industrial Parks Pvt Ltd,Industrial,,,,,,,,,Under Construction,Ground + Mezzanine,"~1,73,722",,"Horizon Industrial Park - Malur , Block C",,,"https://www.google.com/maps?q=12.989555,77.880637",https://properties.cityinfoservices.com/horizon-industrial-park-malur-block-c-for-rent-in-malur-bangalore/2ztpbcr/prd,2026-09-21T05:55:15.368475+00:00,117
Raheja Towers,MG Road,Raheja Developers Ltd.,Office Space,,,,,,,,,Ready for fit outs,Basement + Ground + 13 Floors,~22000,,Raheja Towers,,Security; Reserved Parking; Centralized AC; 24 hours water supply; CCTV,"https://www.google.com/maps?q=12.9732545,77.61381030000007",https://properties.cityinfoservices.com/raheja-towers-for-rent-in-mahatma-gandhi-road-bangalore/vnuwbwj/prd,2026-09-21T05:55:16.581106+00:00,117
Raheja Towers,MG Road,Raheja Developers Ltd.,Office Space,,,,,,,,,Ready for fit outs,Basement + Ground + 13 Floors,~22000,,Raheja Towers,,Security; Reserved Parking; Centralized AC; 24 hours water supply; CCTV,"https://www.google.com/maps?q=12.9732545,77.61381030000007",https://properties.cityinfoservices.com/raheja-towers-for-rent-in-mahatma-gandhi-road-bangalore/yp2lspr/prd,2026-09-21T05:55:16.956924+00:00,117
Urban Vault - HSR 468,HSR Layout,Urban Vault Companies (Mispras Furnishings Private Limited),Business Center & Co-working Space,95,,,,,,,,Ready to Occupy,,,,Urban Vault - HSR 468,,Security; Reserved Parking; Centralized AC; 24 hours water supply; CCTV,"https://www.google.com/maps?q=12.911361,77.649639",https://properties.cityinfoservices.com/urban-vault-hsr-468-for-rent-in-hsr-layout-bangalore/jt2vuj6/prd,2026-09-21T05:55:18.744710+00:00,117
Incuspaze - Prasad Technology Park,Whitefield,Incuspaze Solutions Pvt. Ltd.,Business Center & Co-working Space,359,,,,,,,,Ready to Occupy,,,,Incuspaze - Prasad Technology Park,,Security; Reserved Parking; Visitor Parking; Centralized AC; 24 hours water supply; CCTV,"https://www.google.com/maps?q=12.976042,77.722072",https://properties.cityinfoservices.com/incuspaze-prasad-technology-park-for-rent-in-whitefield-bangalore/pbbtwqv/prd,2026-09-21T05:55:20.084632+00:00,117
Regus - Global Tech Park,Langford Town,Regus Business Centre Private Limited,Business Center & Co-working Space,80,,,,,,,,Ready to Occupy,,,,Regus - Global Tech Park,,Security; Reserved Parking; Centralized AC; 24 hours water supply; CCTV,"https://www.google.com/maps?q=12.9606996,77.6008039",https://properties.cityinfoservices.com/regus-global-tech-park-for-rent-in-langford-road-bangalore/nz4xrnz/prd,2026-09-21T05:55:21.418550+00:00,117
The Executive Centre - RMZ Millenia,Halasuru (Ulsoor),Executive Centre India Private Limited (TEC-The Executive Centre),Business Center & Co-working Space,50,,,,,,,,Ready to Occupy,,,,The Executive Centre - RMZ Millenia,,Security; Reserved Parking; Centralized AC; 24 hours water supply; CCTV,"https://www.google.com/maps?q=12.982714,77.624809",https://properties.cityinfoservices.com/the-executive-centre-rmz-millenia-for-rent-in-halasuru-bangalore/6qb5ioc/prd,2026-09-21T05:55:24.496161+00:00,116
WeWork - IWF Campus,Whitefield,WeWork India Management Pvt Ltd,Business Center & Co-working Space,672,,,,,,,,Ready to Occupy,,,,WeWork - IWF Campus,,Security; Reserved Parking; Visitor Parking; Centralized AC; 24 hours water supply; CCTV,"https://www.google.com/maps?q=12.997569,77.688564",https://properties.cityinfoservices.com/wework-iwf-campus-for-rent-in-whitefield-bangalore/si2q75y/prd,2026-09-21T05:55:24.582759+00:00,117
Spatium Offices - Commercio,Bellandur,Spatium Offices Private Limited,Business Center & Co-working Space,519,,,,,,,,Ready to Occupy,,,,Spatium Offices - Commercio,,Security; Reserved Parking; Centralized AC; 24 hours water supply; CCTV,"https://www.google.com/maps?q=12.932160,77.683909",https://properties.cityinfoservices.com/spatium-offices-commercio-for-rent-in-bellandur-bangalore/4qcloyd/prd,2026-09-21T05:55:24.792866+00:00,116
Kalyani DMM,Devanahalli,Kalyani Developers Pvt. Ltd.,Office Space,,,,,,,,,Ready for fit outs,Basement + Ground + 2 Floors,"~44,084",,Kalyani DMM,,Security; Reserved Parking; Centralized AC; 24 hours water supply; CCTV,"https://www.google.com/maps?q=13.163831,77.716316",https://properties.cityinfoservices.com/kalyani-dmm-for-rent-in-devanahalli-bangalore/x7fzg9z/prd,2026-09-21T05:55:26.507904+00:00,116
Tapaswiji Info Park,Whitefield,,Office Space,,,,,,,,,Ready to move,Basement + Ground + 3 Floors,"~12,000",,Tapaswiji Info Park,,Security; Reserved Parking; 24 hours water supply; CCTV,"https://www.google.com/maps?q=12.974976,77.7686336",https://properties.cityinfoservices.com/tapaswiji-info-park-for-rent-in-whitefield-bangalore/yyeou79/prd,2026-09-21T05:55:28.532775+00:00,117
Kalyani DMM,Devanahalli,Kalyani Developers Pvt. Ltd.,Office Space,,,,,,,,,Ready for fit outs,Basement + Ground + 2 Floors,"~44,084",,Kalyani DMM,,Security; Reserved Parking; Centralized AC; 24 hours water supply; CCTV,"https://www.google.com/maps?q=13.163831,77.716316",https://properties.cityinfoservices.com/kalyani-dmm-for-rent-in-devanahalli-bangalore/jj9f5ut/prd,2026-09-21T05:55:30.880574+00:00,116
Kalyani Planet Tech Park - Neptune,Bannerghatta Road,Kalyani Developers Pvt. Ltd.,Office Space,,,,,,,,,Ready to move,Basement + Ground + 3 Floors,"~8,000",,Kalyani Planet Tech Park - Neptune,,Security; Reserved Parking; Visitor Parking; Centralized AC; 24 hours water supply,"https://www.google.com/maps?q=12.899044126414593,77.59856794973757",https://properties.cityinfoservices.com/kalyani-planet-tech-park-neptune-for-rent-in-bannerghatta-main-road-bangalore/8v9o9yg/prd,2026-09-21T05:55:32.925365+00:00,119
Brigade IRV Centre,Whitefield,Brigade Enterprises Limited,Office Space,,,,,,,,,Ready for fit outs,Basement + Ground + 10 Floors,~20000,,Brigade IRV Centre,,Security; Reserved Parking; Visitor Parking; Centralized AC; 24 hours water supply; CCTV,"https://www.google.com/maps?q=12.970240978250635,77.73098258035655",https://properties.cityinfoservices.com/brigade-irv-centre-for-rent-in-whitefield-bangalore/qbvoywb/prd,2026-09-21T05:55:34.935492+00:00,119
Xenia Innovation Park (Umiya Suntech),Whitefield,UMIYA Holding Pvt. Ltd.,Office Space,,,,,,,,,Ready for fit outs,2 Basement + Ground + 6 Floors,~20616,,Xenia Innovation Park (Umiya Suntech),,Security; Reserved Parking; Visitor Parking; Centralized AC; 24 hours water supply; CCTV,"https://www.google.com/maps?q=12.9698196,77.7499721",https://properties.cityinfoservices.com/xenia-innovation-park-umiya-suntech--for-rent-in-whitefield-bangalore/ndqp2kv/prd,2026-09-21T05:55:35.824690+00:00,118
Kalyani Platina - Ebony Block,Brookefield,Kalyani Developers Pvt. Ltd.,Office Space,,,,,,,,,Ready for fit outs,Basement + Ground + 5 Floors + Terrace,"~78,000",,Kalyani Platina - Ebony Block,,Security; Reserved Parking; Visitor Parking; WiFi; Centralized AC; 24 hours water supply; CCTV,"https://www.google.com/maps?q=12.9704246,77.717477",https://properties.cityinfoservices.com/kalyani-platina-ebony-block-for-rent-in-brookefield-bangalore/qynmzbc/prd,2026-09-21T05:55:36.529365+00:00,119
Manyata Embassy Business Park - Balsa (N1),Nagavara,Embassy Property Developments Pvt. Ltd.,Office Space,,,,,,,,,Ready to move,2 Basement + Ground + 12 Floors,"~38,099",,Manyata Embassy Business Park - Balsa (N1),,Security; Reserved Parking; Visitor Parking; Centralized AC; 24 hours water supply; CCTV,"https://www.google.com/maps?q=13.052866966801743,77.61920479839479",https://properties.cityinfoservices.com/manyata-embassy-business-park-balsa-n1--for-rent-in-nagavara-bangalore/ja3b4op/prd,2026-09-21T05:55:36.601477+00:00,118
Diamond District - Tower D,HAL Old Airport Road,India Builders Corporation Ltd. (IBC Group),Office Space,,,,,,,,,Ready to move,Basement + Ground + 7 Floors,"~10,000",,Diamond District - Tower D,,Security; Reserved Parking; Visitor Parking; Centralized AC; 24 hours water supply; CCTV,"https://www.google.com/maps?q=12.9593548,77.64341399999999",https://properties.cityinfoservices.com/diamond-district-tower-d-for-rent-in-hal-old-airport-road-bangalore/6gpv7si/prd,2026-09-21T05:55:37.556622+00:00,119
Xenia Innovation Park (Umiya Suntech),Whitefield,UMIYA Holding Pvt. Ltd.,Office Space,,,,,,,,,Ready for fit outs,2 Basement + Ground + 6 Floors,~20616,,Xenia Innovation Park (Umiya Suntech),,Security; Reserved Parking; Visitor Parking; Centralized AC; 24 hours water supply; CCTV,"https://www.google.com/maps?q=12.9698196,77.7499721",https://properties.cityinfoservices.com/xenia-innovation-park-umiya-suntech--for-rent-in-whitefield-bangalore/sw2h2ho/prd,2026-09-21T05:55:39.029107+00:00,119
Xenia Innovation Park (Umiya Suntech),Whitefield,UMIYA Holding Pvt. Ltd.,Office Space,,,,,,,,,Ready for fit outs,2 Basement + Ground + 6 Floors,~20616,,Xenia Innovation Park (Umiya Suntech),,Security; Reserved Parking; Visitor Parking; Centralized AC; 24 hours water supply; CCTV,"https://www.google.com/maps?q=12.9698196,77.7499721",https://properties.cityinfoservices.com/xenia-innovation-park-umiya-suntech--for-rent-in-whitefield-bangalore/nrpisef/prd,2026-09-21T05:55:40.956674+00:00,119
Xenia Innovation Park (Umiya Suntech),Whitefield,UMIYA Holding Pvt. Ltd.,Office Space,,,,,,,,,Ready for fit outs,2 Basement + Ground + 6 Floors,~20616,,Xenia Innovation Park (Umiya Suntech),,Security; Reserved Parking; Visitor Parking; Centralized AC; 24 hours water supply; CCTV,"https://www.google.com/maps?q=12.9698196,77.7499721",https://properties.cityinfoservices.com/xenia-innovation-park-umiya-suntech--for-rent-in-whitefield-bangalore/z27dqrh/prd,2026-09-21T05:55:43.283152+00:00,119
Xenia Innovation Park (Umiya Suntech),Whitefield,UMIYA Holding Pvt. Ltd.,Office Space,,,,,,,,,Ready for fit outs,2 Basement + Ground + 6 Floors,~20616,,Xenia Innovation Park (Umiya Suntech),,Security; Reserved Parking; Visitor Parking; Centralized AC; 24 hours water supply; CCTV,"https://www.google.com/maps?q=12.9698196,77.7499721",https://properties.cityinfoservices.com/xenia-innovation-park-umiya-suntech--for-rent-in-whitefield-bangalore/nvdtxjo/prd,2026-09-21T05:55:44.942465+00:00,119
Prestige Cessna Business Park - Building K (B11),Kadubeesanahalli,Prestige Estates Projects Limited,Office Space,,,,,,,,,Ready for fit outs,2 Basement + Ground + 8 Floors,"~41,000 to ~53,000",,Prestige Cessna Business Park - Building K (B11),,Security; Reserved Parking; Visitor Parking; Centralized AC; 24 hours water supply; CCTV,"https://www.google.com/maps?q=12.932898929930381,77.69242095186766",https://properties.cityinfoservices.com/prestige-cessna-business-park-building-k-b11--for-rent-in-kadubeesanahalli-road-bangalore/jp9spwp/prd,2026-09-21T05:55:47.173399+00:00,118
Xenia Innovation Park (Umiya Suntech),Whitefield,UMIYA Holding Pvt. Ltd.,Office Space,,,,,,,,,Ready for fit outs,2 Basement + Ground + 6 Floors,~20616,,Xenia Innovation Park (Umiya Suntech),,Security; Reserved Parking; Visitor Parking; Centralized AC; 24 hours water supply; CCTV,"https://www.google.com/maps?q=12.9698196,77.7499721",https://properties.cityinfoservices.com/xenia-innovation-park-umiya-suntech--for-rent-in-whitefield-bangalore/yxhb7yq/prd,2026-09-21T05:55:47.360529+00:00,119
Xenia Innovation Park (Umiya Suntech),Whitefield,UMIYA Holding Pvt. Ltd.,Office Space,,,,,,,,,Ready for fit outs,2 Basement + Ground + 6 Floors,~20616,,Xenia Innovation Park (Umiya Suntech),,Security; Reserved Parking; Visitor Parking; Centralized AC; 24 hours water supply; CCTV,"https://www.google.com/maps?q=12.9698196,77.7499721",https://properties.cityinfoservices.com/xenia-innovation-park-umiya-suntech--for-rent-in-whitefield-bangalore/gjlacxb/prd,2026-09-21T05:55:49.307822+00:00,119
Prestige Tech Park 1 - Mercury Block,Kadubeesanahalli,Prestige Estates Projects Limited,Office Space,,,,,,,,,Ready for fit outs,Basement + Ground + 9 Floors,"~40,000",,Prestige Tech Park 1 - Mercury Block,,Security; Reserved Parking; Visitor Parking; Centralized AC; 24 hours water supply; CCTV,"https://www.google.com/maps?q=12.941998323828223,77.6949449364929",https://properties.cityinfoservices.com/prestige-tech-park-1-mercury-block-for-rent-in-kadubeesanahalli-road-bangalore/rs5f323/prd,2026-09-21T05:55:51.750824+00:00,118
Raheja Chancery,Brigade Road,K. Raheja Hotels and Estates Pvt. Ltd.,Office Space,,,,,,,,,Ready to move,Basement + Ground + 3 Floors,~7000,,Raheja Chancery,,Security; Reserved Parking; Visitor Parking; 24 hours water supply; CCTV,"https://www.google.com/maps?q=12.966774800606464,77.606343922615",https://properties.cityinfoservices.com/raheja-chancery-for-rent-in-brigade-road-bangalore/jxibvm4/prd,2026-09-21T05:55:57.616578+00:00,120
Sattva Tech Park - Akash (Wing A),Whitefield,Salarpuria Sattva Group,Office Space,,,,,,,,,Ready for fit outs,Basement + Ground + 6 Floors,"~35,869",,Sattva Tech Park - Akash (Wing A),,Security; Reserved Parking; Visitor Parking; Centralized AC; 24 hours water supply; CCTV,"https://www.google.com/maps?q=12.985094052647147,77.74391162090149",https://properties.cityinfoservices.com/sattva-tech-park-akash-wing-a--for-rent-in-whitefield-bangalore/kxnboap/prd,2026-09-21T05:55:57.631929+00:00,118
Sattva Windsor,Halasuru (Ulsoor),Salarpuria Sattva Group,Office Space,,,,,,,,,Ready to move,Basement + Ground + 6 Floors,"~21,000",,Sattva Windsor,,Security; Reserved Parking; Visitor Parking; Centralized AC; 24 hours water supply; CCTV,"https://www.google.com/maps?q=12.975547762571097,77.6180122599884",https://properties.cityinfoservices.com/sattva-windsor-for-rent-in-halasuru-bangalore/ons6j6a/prd,2026-09-21T05:55:58.491198+00:00,118
RGA Tech Park - Block 2,Sarjapur Main Road,RGA Software Systems Pvt. Ltd. (Primal Projects Pvt. Ltd.),Office Space,,,,,,,,,Ready for fit outs,3 Basement + Ground + 10 Floors,"~40,000 to ~52,000",,RGA Tech Park - Block 2,,Security; Reserved Parking; Visitor Parking; Centralized AC; 24 hours water supply; CCTV,"https://www.google.com/maps?q=12.902157058057721,77.7047002362458",https://properties.cityinfoservices.com/rga-tech-park-block-2-for-rent-in-sarjapur-main-road-bangalore/7ofy85l/prd,2026-09-21T05:55:59.133867+00:00,120
Golden Enclave - Tower B,Old Airport Road,India Builders Corporation Ltd. (IBC Group),Office Space,,,,,,,,,Ready for fit outs,Basement + Ground + 7 Floors,"~6,500",,Golden Enclave Tower B,,Security; Reserved Parking; 24 hours water supply; CCTV,"https://www.google.com/maps?q=12.9590065,77.6516726",https://properties.cityinfoservices.com/golden-enclave-tower-b-for-rent-in-hal-old-airport-road-bangalore/yllehma/prd,2026-09-21T05:55:59.302605+00:00,120
Salarpuria Softzone - Block A,Bellandur,Salarpuria Sattva Group,Office Space,,,,,,,,,Ready to move,Basement + Ground + 6 Floors,"~47,000 to ~90,000",,Salarpuria Softzone - Block A,,Security; Reserved Parking; Visitor Parking; Centralized AC; 24 hours water supply; CCTV,"https://www.google.com/maps?q=12.923797114832743,77.67036383346863",https://properties.cityinfoservices.com/salarpuria-softzone-block-a-for-rent-in-bellandur-bangalore/zkox9en/prd,2026-09-21T05:55:59.508389+00:00,120
Harita IT Park,Electronic City Phase I,Harita Projects Pvt. Ltd.,Office Space,,,,,,,,,Ready for fit outs,2 Basement + Ground + 9 Floors,"~36,000 sq.ft to ~39,000 sq.ft",,Harita IT Park,,Security; Reserved Parking; Visitor Parking; Centralized AC; 24 hours water supply; CCTV,"https://www.google.com/maps?q=12.835126429580528,77.6602880126587",https://properties.cityinfoservices.com/harita-it-park-for-rent-in-electronic-city-phase-i-bangalore/jckmhcn/prd,2026-09-21T05:55:59.531512+00:00,120
TNR Inizio Neotown - Block B,Electronic City Phase I,TNR Group,Office Space,,,,,,,,,Ready for fit outs,Basement + Ground + 8 Floors,"~48,000",,TNR Inizio Neotown - Block B,,Security; Reserved Parking; Centralized AC; 24 hours water supply; CCTV,"https://www.google.com/maps?q=12.824728220871936,77.66298095050965",https://properties.cityinfoservices.com/tnr-inizio-neotown-block-b-for-rent-in-electronic-city-phase-i-bangalore/t9a9pzv/prd,2026-09-21T05:56:01.006108+00:00,121
RMZ Ecoworld - Campus 30,Bellandur,RMZ Corp Holdings Pvt. Ltd.,Office Space,,,,,,,,,Ready for fit outs,3 Basement + Ground + 11 Floors,"~70,000",,RMZ Ecoworld - Campus 30,,Security; Reserved Parking; Centralized AC; 24 hours water supply; CCTV,"https://www.google.com/maps?q=12.921143200403394,77.68597199654235",https://properties.cityinfoservices.com/rmz-ecoworld-campus-30-for-rent-in-bellandur-bangalore/bp774rh/prd,2026-09-21T05:56:06.489014+00:00,122
TNR Inizio Neotown - Block B,Electronic City Phase I,TNR Group,Office Space,,,,,,,,,Ready for fit outs,Basement + Ground + 8 Floors,"~48,000",,TNR Inizio Neotown - Block B,,Security; Reserved Parking; Centralized AC; 24 hours water supply; CCTV,"https://www.google.com/maps?q=12.824728220871936,77.66298095050965",https://properties.cityinfoservices.com/tnr-inizio-neotown-block-b-for-rent-in-electronic-city-phase-i-bangalore/naot3ln/prd,2026-09-21T05:56:07.929804+00:00,122
TNR Inizio Neotown - Block B,Electronic City Phase I,TNR Group,Office Space,,,,,,,,,Ready for fit outs,Basement + Ground + 8 Floors,"~48,000",,TNR Inizio Neotown - Block B,,Security; Reserved Parking; Centralized AC; 24 hours water supply; CCTV,"https://www.google.com/maps?q=12.824728220871936,77.66298095050965",https://properties.cityinfoservices.com/tnr-inizio-neotown-block-b-for-rent-in-electronic-city-phase-i-bangalore/9h7e5wx/prd,2026-09-21T05:56:08.205663+00:00,122
TNR Inizio Neotown - Block B,Electronic City Phase I,TNR Group,Office Space,,,,,,,,,Ready for fit outs,Basement + Ground + 8 Floors,"~48,000",,TNR Inizio Neotown - Block B,,Security; Reserved Parking; Centralized AC; 24 hours water supply; CCTV,"https://www.google.com/maps?q=12.824728220871936,77.66298095050965",https://properties.cityinfoservices.com/tnr-inizio-neotown-block-b-for-rent-in-electronic-city-phase-i-bangalore/6gklgjj/prd,2026-09-21T05:56:08.315017+00:00,122
TNR Inizio Neotown - Block B,Electronic City Phase I,TNR Group,Office Space,,,,,,,,,Ready for fit outs,Basement + Ground + 8 Floors,"~48,000",,TNR Inizio Neotown - Block B,,Security; Reserved Parking; Centralized AC; 24 hours water supply; CCTV,"https://www.google.com/maps?q=12.824728220871936,77.66298095050965",https://properties.cityinfoservices.com/tnr-inizio-neotown-block-b-for-rent-in-electronic-city-phase-i-bangalore/5ruf6yn/prd,2026-09-21T05:56:09.353855+00:00,122
TNR Inizio Neotown - Block B,Electronic City Phase I,TNR Group,Office Space,,,,,,,,,Ready for fit outs,Basement + Ground + 8 Floors,~48000,,TNR Inizio Neotown - Block B,,Security; Reserved Parking; Centralized AC; 24 hours water supply; CCTV,"https://www.google.com/maps?q=12.824728220871936,77.66298095050965",https://properties.cityinfoservices.com/tnr-inizio-neotown-block-b-for-rent-in-electronic-city-phase-i-bangalore/hxrjju3/prd,2026-09-21T05:56:09.976382+00:00,122
RMZ Ecoworld - Campus 30,Bellandur,RMZ Corp Holdings Pvt. Ltd.,Office Space,,,,,,,,,Ready for fit outs,3 Basement + Ground + 11 Floors,"~70,000",,RMZ Ecoworld - Campus 30,,Security; Reserved Parking; Centralized AC; 24 hours water supply; CCTV,"https://www.google.com/maps?q=12.921143200403394,77.68597199654235",https://properties.cityinfoservices.com/rmz-ecoworld-campus-30-for-rent-in-bellandur-bangalore/2spspbo/prd,2026-09-21T05:56:10.940591+00:00,122
TNR Inizio Neotown - Block B,Electronic City Phase I,TNR Group,Office Space,,,,,,,,,Ready for fit outs,Basement + Ground + 8 Floors,"~48,000",,TNR Inizio Neotown - Block B,,Security; Reserved Parking; Centralized AC; 24 hours water supply; CCTV,"https://www.google.com/maps?q=12.824728220871936,77.66298095050965",https://properties.cityinfoservices.com/tnr-inizio-neotown-block-b-for-rent-in-electronic-city-phase-i-bangalore/izk2hua/prd,2026-09-21T05:56:16.858848+00:00,122
TNR Inizio Neotown - Block A,Electronic City Phase I,TNR Group,Office Space,,,,,,,,,Ready for fit outs,Basement + Ground + 8 Floors,"~41,000",,TNR Inizio Neotown - Block A,,Security; Reserved Parking; Centralized AC; 24 hours water supply; CCTV,"https://www.google.com/maps?q=12.824696837297873,77.66292730632935",https://properties.cityinfoservices.com/tnr-inizio-neotown-block-a-for-rent-in-electronic-city-phase-i-bangalore/ns2fcui/prd,2026-09-21T05:56:17.046116+00:00,121
TNR Inizio Neotown - Block A,Electronic City Phase I,TNR Group,Office Space,,,,,,,,,Ready for fit outs,Basement + Ground + 8 Floors,"~41,000",,TNR Inizio Neotown - Block A,,Security; Reserved Parking; Centralized AC; 24 hours water supply; CCTV,"https://www.google.com/maps?q=12.824696837297873,77.66292730632935",https://properties.cityinfoservices.com/tnr-inizio-neotown-block-a-for-rent-in-electronic-city-phase-i-bangalore/ggdchpp/prd,2026-09-21T05:56:19.560579+00:00,121
RMZ Ecoworld - Campus 30,Bellandur,RMZ Corp Holdings Pvt. Ltd.,Office Space,,,,,,,,,Ready for fit outs,3 Basement + Ground + 11 Floors,"~70,000",,RMZ Ecoworld - Campus 30,,Security; Reserved Parking; Centralized AC; 24 hours water supply; CCTV,"https://www.google.com/maps?q=12.921143200403394,77.68597199654235",https://properties.cityinfoservices.com/rmz-ecoworld-campus-30-for-rent-in-bellandur-bangalore/8t2q9jq/prd,2026-09-21T05:56:20.126455+00:00,123
TNR Inizio Neotown - Block B,Electronic City Phase I,TNR Group,Office Space,,,,,,,,,Ready for fit outs,Basement + Ground + 8 Floors,"~48,000",,TNR Inizio Neotown - Block B,,Security; Reserved Parking; Centralized AC; 24 hours water supply; CCTV,"https://www.google.com/maps?q=12.824728220871936,77.66298095050965",https://properties.cityinfoservices.com/tnr-inizio-neotown-block-b-for-rent-in-electronic-city-phase-i-bangalore/kwnr67k/prd,2026-09-21T05:56:21.163277+00:00,122
TNR Inizio Neotown - Block A,Electronic City Phase I,TNR Group,Office Space,,,,,,,,,Ready for fit outs,Basement + Ground + 8 Floors,"~41,000",,TNR Inizio Neotown - Block A,,Security; Reserved Parking; Centralized AC; 24 hours water supply; CCTV,"https://www.google.com/maps?q=12.824696837297873,77.66292730632935",https://properties.cityinfoservices.com/tnr-inizio-neotown-block-a-for-rent-in-electronic-city-phase-i-bangalore/5gx5mob/prd,2026-09-21T05:56:21.383922+00:00,121
TNR Inizio Neotown - Block A,Electronic City Phase I,TNR Group,Office Space,,,,,,,,,Ready for fit outs,Basement + Ground + 8 Floors,"~41,000",,TNR Inizio Neotown - Block A,,Security; Reserved Parking; Centralized AC; 24 hours water supply; CCTV,"https://www.google.com/maps?q=12.824696837297873,77.66292730632935",https://properties.cityinfoservices.com/tnr-inizio-neotown-block-a-for-rent-in-electronic-city-phase-i-bangalore/v9whzmj/prd,2026-09-21T05:56:21.586739+00:00,121
TNR Inizio Neotown - Block A,Electronic City Phase I,TNR Group,Office Space,,,,,,,,,Ready for fit outs,Basement + Ground + 8 Floors,"~41,000",,TNR Inizio Neotown - Block A,,Security; Reserved Parking; Centralized AC; 24 hours water supply; CCTV,"https://www.google.com/maps?q=12.824696837297873,77.66292730632935",https://properties.cityinfoservices.com/tnr-inizio-neotown-block-a-for-rent-in-electronic-city-phase-i-bangalore/a6dsd6j/prd,2026-09-21T05:56:27.846190+00:00,121
TNR Inizio Neotown - Block A,Electronic City Phase I,TNR Group,Office Space,,,,,,,,,Ready for fit outs,Basement + Ground + 8 Floors,"~41,000",,TNR Inizio Neotown - Block A,,Security; Reserved Parking; Centralized AC; 24 hours water supply; CCTV,"https://www.google.com/maps?q=12.824696837297873,77.66292730632935",https://properties.cityinfoservices.com/tnr-inizio-neotown-block-a-for-rent-in-electronic-city-phase-i-bangalore/erttt7h/prd,2026-09-21T05:56:28.256995+00:00,121
TNR Inizio Neotown - Block A,Electronic City Phase I,TNR Group,Office Space,,,,,,,,,Ready for fit outs,Basement + Ground + 8 Floors,"~41,000",,TNR Inizio Neotown - Block A,,Security; Reserved Parking; Centralized AC; 24 hours water supply; CCTV,"https://www.google.com/maps?q=12.824696837297873,77.66292730632935",https://properties.cityinfoservices.com/tnr-inizio-neotown-block-a-for-rent-in-electronic-city-phase-i-bangalore/4gslhjn/prd,2026-09-21T05:56:28.328767+00:00,121
TNR Inizio Neotown - Block A,Electronic City Phase I,TNR Group,Office Space,,,,,,,,,Ready for fit outs,Basement + Ground + 8 Floors,"~41,000",,TNR Inizio Neotown - Block A,,Security; Reserved Parking; Centralized AC; 24 hours water supply; CCTV,"https://www.google.com/maps?q=12.824696837297873,77.66292730632935",https://properties.cityinfoservices.com/tnr-inizio-neotown-block-a-for-rent-in-electronic-city-phase-i-bangalore/75k5ehy/prd,2026-09-21T05:56:28.377238+00:00,121
Brookfield Ecoworld - Campus 4D,Bellandur,Brookfield Properties,Office Space,,,,,,,,,Ready for fit outs,3 Basement + Ground + 10 Floors,"~37,000 sq.ft to ~68,000",,Brookfield Ecoworld - Campus 4D,,Security; Reserved Parking; Visitor Parking; Centralized AC; 24 hours water supply; CCTV,"https://www.google.com/maps?q=12.92655995491366,77.68808557724608",https://properties.cityinfoservices.com/brookfield-ecoworld-campus-4d-for-rent-in-bellandur-bangalore/uuxj279/prd,2026-09-21T05:56:28.577961+00:00,123
Golden Enclave - Tower B,Old Airport Road,India Builders Corporation Ltd. (IBC Group),Office Space,,,,,,,,,Ready to move,Basement + Ground + 7 Floors,"~6,500",,Golden Enclave Tower B,,Security; Reserved Parking; Visitor Parking; 24 hours water supply; CCTV,"https://www.google.com/maps?q=12.9590065,77.6516726",https://properties.cityinfoservices.com/golden-enclave-tower-b-for-rent-in-hal-old-airport-road-bangalore/lxdxh6e/prd,2026-09-21T05:56:31.674919+00:00,120
Golden Enclave - Tower A,Old Airport Road,India Builders Corporation Ltd. (IBC Group),Office Space,,,,,,,,,Ready for fit outs,Basement + Ground + 7 Floors,"~5,000",,Golden Enclave Tower A,,Security; Reserved Parking; 24 hours water supply; CCTV,"https://www.google.com/maps?q=12.958943766507447,77.65181207486879",https://properties.cityinfoservices.com/golden-enclave-tower-a-for-rent-in-hal-old-airport-road-bangalore/8ktmxpq/prd,2026-09-21T05:56:32.097591+00:00,120
IBC Knowledge Park - Tower D,Bannerghatta Road,India Builders Corporation Ltd. (IBC Group),Office Space,,,,,,,,,Ready for fit outs,2 Basement + Ground + 13 Floors,"~67,176",,IBC Knowledge Park - Tower D,,Security; Reserved Parking; Visitor Parking; Centralized AC; 24 hours water supply; CCTV,"https://www.google.com/maps?q=12.932157890944945,77.60283677011421",https://properties.cityinfoservices.com/ibc-knowledge-park-tower-d-for-rent-in-bannerghatta-main-road-bangalore/aihvptz/prd,2026-09-21T05:56:32.435407+00:00,120
Golden Enclave - Tower A,Old Airport Road,India Builders Corporation Ltd. (IBC Group),Office Space,,,,,,,,,Ready for fit outs,Basement + Ground + 7 Floors,"~5,000",,Golden Enclave - Tower A,,Security; Reserved Parking; 24 hours water supply; CCTV,"https://www.google.com/maps?q=12.958943766507447,77.65181207486879",https://properties.cityinfoservices.com/golden-enclave-tower-a-for-rent-in-hal-old-airport-road-bangalore/wsmk8yw/prd,2026-09-21T05:56:32.854257+00:00,120
TNR Inizio Neotown - Block A,Electronic City Phase I,TNR Group,Office Space,,,,,,,,,Ready for fit outs,Basement + Ground + 8 Floors,"~41,000",,TNR Inizio Neotown - Block A,,Security; Reserved Parking; Centralized AC; 24 hours water supply; CCTV,"https://www.google.com/maps?q=12.824696837297873,77.66292730632935",https://properties.cityinfoservices.com/tnr-inizio-neotown-block-a-for-rent-in-electronic-city-phase-i-bangalore/m9p9guk/prd,2026-09-21T05:56:32.879321+00:00,121
Sattva Tech Park - Akash (Wing A),Whitefield,Salarpuria Sattva Group,Office Space,,,,,,,,,Ready for fit outs,Basement + Ground + 6 Floors,"~35,869",,Sattva Tech Park - Akash (Wing A),,Security; Reserved Parking; Visitor Parking; Centralized AC; 24 hours water supply; CCTV,"https://www.google.com/maps?q=12.985094052647147,77.74391162090149",https://properties.cityinfoservices.com/sattva-tech-park-akash-wing-a--for-rent-in-whitefield-bangalore/ecdc2b8/prd,2026-09-21T05:56:33.401310+00:00,118
Kalyani DMM,Devanahalli,Kalyani Developers Pvt. Ltd.,Office Space,,,,,,,,,Ready for fit outs,Basement + Ground + 2 Floors,"~44,084",,Kalyani DMM,,Security; Reserved Parking; Centralized AC; 24 hours water supply; CCTV,"https://www.google.com/maps?q=13.163831,77.716316",https://properties.cityinfoservices.com/kalyani-dmm-for-rent-in-devanahalli-bangalore/5ayacb9/prd,2026-09-21T05:56:36.802219+00:00,116
Sattva Tech Park - Akash (Wing A),Whitefield,Salarpuria Sattva Group,Office Space,,,,,,,,,Ready for fit outs,Basement + Ground + 6 Floors,"~35,869",,Sattva Tech Park - Akash (Wing A),,Security; Reserved Parking; Visitor Parking; Centralized AC; 24 hours water supply; CCTV,"https://www.google.com/maps?q=12.985094052647147,77.74391162090149",https://properties.cityinfoservices.com/sattva-tech-park-akash-wing-a--for-rent-in-whitefield-bangalore/of6f388/prd,2026-09-21T05:56:36.817011+00:00,118
Luxworks - Primeco Union City,Whitefield,Luxworks Private Limited,Business Center & Co-working Space,50,,,,,,,,Ready to Occupy,,,,Luxworks - Primeco Union City,,Security; Reserved Parking; Visitor Parking; Centralized AC; 24 hours water supply; CCTV,"https://www.google.com/maps?q=12.989377,77.732567",https://properties.cityinfoservices.com/luxworks-primeco-union-city-for-rent-in-whitefield-bangalore/a8c228n/prd,2026-09-21T05:56:37.112442+00:00,116
Sattva Tech Park - Akash (Wing A),Whitefield,Salarpuria Sattva Group,Office Space,,,,,,,,,Ready for fit outs,Basement + Ground + 6 Floors,"~35,869",,Sattva Tech Park - Akash (Wing A),,Security; Reserved Parking; Visitor Parking; Centralized AC; 24 hours water supply; CCTV,"https://www.google.com/maps?q=12.985094052647147,77.74391162090149",https://properties.cityinfoservices.com/sattva-tech-park-akash-wing-a--for-rent-in-whitefield-bangalore/xq9aejq/prd,2026-09-21T05:56:39.727102+00:00,118
Gopalan Coworks - Commercial Street,Commercial Street,Gopalan Enterprises India Pvt. Ltd.,Business Center & Co-working Space,34,,,,,,,,Ready to Occupy,,,,Gopalan Coworks - Commercial Street,,Security; Reserved Parking; 24 hours water supply; CCTV,"https://www.google.com/maps?q=12.982295352867375,77.60995380209542",https://properties.cityinfoservices.com/gopalan-coworks-commercial-street-for-rent-in-commercial-street-bangalore/29po6jr/prd,2026-09-21T05:56:39.866317+00:00,116
Golden Enclave - Tower B,Old Airport Road,India Builders Corporation Ltd. (IBC Group),Office Space,,,,,,,,,Ready for fit outs,Basement + Ground + 7 Floors,"~6,500",,Golden Enclave Tower B,,Security; Reserved Parking; 24 hours water supply; CCTV,"https://www.google.com/maps?q=12.9590065,77.6516726",https://properties.cityinfoservices.com/golden-enclave-tower-b-for-rent-in-hal-old-airport-road-bangalore/8hxhdf7/prd,2026-09-21T05:56:42.187813+00:00,120
CoWrks - Bellandur - EcoWorld Campus 6B,Bellandur,CoWrks Coworking Spaces Pvt. Ltd.,Business Center & Co-working Space,145,,,,,,,,Ready to Occupy,,,,CoWrks - Bellandur - EcoWorld Campus 6B,,Security; Reserved Parking; Visitor Parking; Centralized AC; 24 hours water supply; CCTV,"https://www.google.com/maps?q=12.9326919,77.6880365",https://properties.cityinfoservices.com/cowrks-bellandur-ecoworld-campus-6b-for-rent-in-bellandur-bangalore/klpadyj/prd,2026-09-21T05:56:42.817789+00:00,115
Harita IT Park,Electronic City Phase I,Harita Projects Pvt. Ltd.,Office Space,,,,,,,,,Ready for fit outs,2 Basement + Ground + 9 Floors,"~36,000 sq.ft to ~39,000 sq.ft",,Harita IT Park,,Security; Reserved Parking; Visitor Parking; Centralized AC; 24 hours water supply; CCTV,"https://www.google.com/maps?q=12.835126429580528,77.6602880126587",https://properties.cityinfoservices.com/harita-it-park-for-rent-in-electronic-city-phase-i-bangalore/yirau6h/prd,2026-09-21T05:56:44.541149+00:00,114
Harita IT Park,Electronic City Phase I,Harita Projects Pvt. Ltd.,Office Space,,,,,,,,,Ready for fit outs,2 Basement + Ground + 9 Floors,"~36,000 sq.ft to ~39,000 sq.ft",,Harita IT Park,,Security; Reserved Parking; Visitor Parking; Centralized AC; 24 hours water supply; CCTV,"https://www.google.com/maps?q=12.835126429580528,77.6602880126587",https://properties.cityinfoservices.com/harita-it-park-for-rent-in-electronic-city-phase-i-bangalore/284fl69/prd,2026-09-21T05:56:44.800398+00:00,114
Sattva Tech Park - Akash (Wing A),Whitefield,Salarpuria Sattva Group,Office Space,,,,,,,,,Ready for fit outs,Basement + Ground + 6 Floors,"~35,869",,Sattva Tech Park - Akash (Wing A),,Security; Reserved Parking; Visitor Parking; Centralized AC; 24 hours water supply; CCTV,"https://www.google.com/maps?q=12.985094052647147,77.74391162090149",https://properties.cityinfoservices.com/sattva-tech-park-akash-wing-a--for-rent-in-whitefield-bangalore/sddfir5/prd,2026-09-21T05:56:46.881531+00:00,118
Harita IT Park,Electronic City Phase I,Harita Projects Pvt. Ltd.,Office Space,,,,,,,,,Ready for fit outs,2 Basement + Ground + 9 Floors,"~36,000 sq.ft to ~39,000 sq.ft",,Harita IT Park,,Security; Reserved Parking; Visitor Parking; Centralized AC; 24 hours water supply; CCTV,"https://www.google.com/maps?q=12.835126429580528,77.6602880126587",https://properties.cityinfoservices.com/harita-it-park-for-rent-in-electronic-city-phase-i-bangalore/mrofmp8/prd,2026-09-21T05:56:47.825264+00:00,115
Harita IT Park,Electronic City Phase I,Harita Projects Pvt. Ltd.,Office Space,,,,,,,,,Ready for fit outs,2 Basement + Ground + 9 Floors,"~36,000 sq.ft to ~39,000 sq.ft",,Harita IT Park,,Security; Reserved Parking; Visitor Parking; Centralized AC; 24 hours water supply; CCTV,"https://www.google.com/maps?q=12.835126429580528,77.6602880126587",https://properties.cityinfoservices.com/harita-it-park-for-rent-in-electronic-city-phase-i-bangalore/lv3qoei/prd,2026-09-21T05:56:49.750931+00:00,115
Harita IT Park,Electronic City Phase I,Harita Projects Pvt. Ltd.,Office Space,,,,,,,,,Ready for fit outs,2 Basement + Ground + 9 Floors,"~36,000 sq.ft to ~39,000 sq.ft",,Harita IT Park,,Security; Reserved Parking; Visitor Parking; Centralized AC; 24 hours water supply; CCTV,"https://www.google.com/maps?q=12.835126429580528,77.6602880126587",https://properties.cityinfoservices.com/harita-it-park-for-rent-in-electronic-city-phase-i-bangalore/om3bz95/prd,2026-09-21T05:56:50.088934+00:00,114
Harita IT Park,Electronic City Phase I,Harita Projects Pvt. Ltd.,Office Space,,,,,,,,,Ready for fit outs,2 Basement + Ground + 9 Floors,"~36,000 sq.ft to ~39,000 sq.ft",,Harita IT Park,,Security; Reserved Parking; Visitor Parking; Centralized AC; 24 hours water supply; CCTV,"https://www.google.com/maps?q=12.835126429580528,77.6602880126587",https://properties.cityinfoservices.com/harita-it-park-for-rent-in-electronic-city-phase-i-bangalore/nepfilf/prd,2026-09-21T05:56:52.199863+00:00,114
Prestige Thirulakshmi,MG Road,Prestige Estates Projects Limited,Office Space,,,,,,,,,Ready to move,2 Basement + Ground + 10 Floors,~8842.70,,Prestige Thirulakshmi,,Security; Reserved Parking; Visitor Parking; Centralized AC; 24 hours water supply; CCTV,"https://www.google.com/maps?q=12.973363,77.617408",https://properties.cityinfoservices.com/prestige-thirulakshmi-for-rent-in-mahatma-gandhi-road-bangalore/sn97lt8/prd,2026-09-21T05:56:54.059917+00:00,114
Neil Rao Towers ( Neil Tower ),Whitefield,Rao Computer Consultants Pvt. Ltd.,Office Space,,,,,,,,,Ready for fit outs,Basement + Ground + 6 Floors,"~20,442",,Neil Rao Towers ( Neil Tower ),,Security; Reserved Parking; Visitor Parking; Centralized AC; 24 hours water supply; CCTV,"https://www.google.com/maps?q=12.9781191,77.7249535",https://properties.cityinfoservices.com/neil-rao-towers-neil-tower--for-rent-in-whitefield-bangalore/mz4abz9/prd,2026-09-21T05:56:54.463018+00:00,114
Harita IT Park,Electronic City Phase I,Harita Projects Pvt. Ltd.,Office Space,,,,,,,,,Ready for fit outs,2 Basement + Ground + 9 Floors,"~36,000 sq.ft to ~39,000 sq.ft",,Harita IT Park,,Security; Reserved Parking; Visitor Parking; Centralized AC; 24 hours water supply; CCTV,"https://www.google.com/maps?q=12.835126429580528,77.6602880126587",https://properties.cityinfoservices.com/harita-it-park-for-rent-in-electronic-city-phase-i-bangalore/r33vpvs/prd,2026-09-21T05:56:54.677544+00:00,114
Prestige Tech Park 2 - Etamin Block,Kadubeesanahalli,Prestige Estates Projects Limited,Office Space,,,,,,,,,Ready to move,Basement + Ground + 9 Floors,"~79,000",,Prestige Tech Park 2 - Etamin Block,,Security; Reserved Parking; Visitor Parking; Centralized AC; 24 hours water supply; CCTV,"https://www.google.com/maps?q=12.943522087615774,77.69117449999999",https://properties.cityinfoservices.com/prestige-tech-park-2-etamin-block-for-rent-in-kadubeesanahalli-road-bangalore/mqjevqh/prd,2026-09-21T05:56:54.789300+00:00,114
IndiQube - Leela,Old Airport Road,IndiQube Spaces Limited,Business Center & Co-working Space,98,,,,,,,,Ready to Occupy,,,,IndiQube - Leela,,Security; Reserved Parking; Visitor Parking; Centralized AC; 24 hours water supply; CCTV,"https://www.google.com/maps?q=12.9600999,77.648620",https://properties.cityinfoservices.com/indiqube-leela-for-rent-in-hal-old-airport-road-bangalore/tf4z4d2/prd,2026-09-21T05:56:56.960823+00:00,113
IndiQube - Leela,Old Airport Road,IndiQube Spaces Limited,Business Center & Co-working Space,146,,,,,,,,Ready to Occupy,,,,IndiQube - Leela,,Security; Reserved Parking; Visitor Parking; Centralized AC; 24 hours water supply; CCTV,"https://www.google.com/maps?q=12.9600999,77.648620",https://properties.cityinfoservices.com/indiqube-leela-for-rent-in-hal-old-airport-road-bangalore/wozuh6b/prd,2026-09-21T05:56:59.479860+00:00,113
Gopalan Global Axis - Block G,Whitefield,Gopalan Enterprises India Pvt. Ltd.,Office Space,,,,,,,,,Ready to move,Basement + Ground + 8 Floors,~42033,,Gopalan Global Axis - Block G,,Security; Reserved Parking; Visitor Parking; Centralized AC; 24 hours water supply; CCTV,"https://www.google.com/maps?q=12.982930421344479,77.72384080950928",https://properties.cityinfoservices.com/gopalan-global-axis-block-g-for-rent-in-whitefield-bangalore/8h2hwbu/prd,2026-09-21T05:57:02.679588+00:00,113
IBC Knowledge Park - Tower D,Bannerghatta Road,India Builders Corporation Ltd. (IBC Group),Office Space,,,,,,,,,Ready to move,2 Basement + Ground + 13 Floors,"~67,176",,IBC Knowledge Park - Tower D,,Security; Reserved Parking; Visitor Parking; Centralized AC; 24 hours water supply; CCTV,"https://www.google.com/maps?q=12.932157890944945,77.60283677011421",https://properties.cityinfoservices.com/ibc-knowledge-park-tower-d-for-rent-in-bannerghatta-main-road-bangalore/lnkzkd7/prd,2026-09-21T05:57:02.714925+00:00,113
Bagmane Capital - Angkor West,Doddanekkundi,Bagmane Developers Pvt. Ltd.,Office Space,,,,,,,,,Ready for fit outs,3 Basement + Ground + 12 Floors,"~32,000",,Bagmane Capital - Angkor West,,Security; Reserved Parking; Visitor Parking; Centralized AC; 24 hours water supply; CCTV,"https://www.google.com/maps?q=12.987238,77.703644",https://properties.cityinfoservices.com/bagmane-capital-angkor-west-for-rent-in-doddanekkundi-bangalore/vkom75q/prd,2026-09-21T05:57:05.577977+00:00,112
Solitaire,Intermediate Ring Road - Inner Ring Road,Independent Developer,Office Space,,,,,,,,,Ready to move,Basement + Ground + 3 Floors,"~18,200",,Solitaire,,Security; Reserved Parking; Visitor Parking; Centralized AC; 24 hours water supply; CCTV,"https://www.google.com/maps?q=12.9539901,77.6418262",https://properties.cityinfoservices.com/solitaire-for-rent-in-intermediate-ring-road-bangalore/p5ltdf6/prd,2026-09-21T05:57:06.001586+00:00,112
Pritech Park - Block 11,Bellandur,RGA Software Systems Pvt. Ltd. (Primal Projects Pvt. Ltd.),Office Space,,,,,,,,,Ready for fit outs,2 Basement + Ground + 9 Floors,"~63,000",,Pritech Park - Block 11,,Security; Reserved Parking; Visitor Parking; Centralized AC; 24 hours water supply; CCTV,"https://www.google.com/maps?q=12.922320832291403,77.6806719811981",https://properties.cityinfoservices.com/pritech-park-block-11-for-rent-in-bellandur-bangalore/296ezwm/prd,2026-09-21T05:57:06.442723+00:00,112
CoWrks - Old Madras Road - RMZ Infinity,Old Madras Road,CoWrks Coworking Spaces Pvt. Ltd.,Business Center & Co-working Space,24,,,,,,,,Ready to Occupy,,,,"This 1,000+ seater premium co-working space located on Old Madras Road, is easily accessible from the main road, and is in close proximity to various modes of public transport. It offers wide range and sizes of offices to start-ups and established companies. It is equipped with food-court, lounge area, break-out zone and other shared spaces. It is surrounded by ATMs, F&B, gyms, medical and retail outlets, mall and large corporate houses nearby. Its current tenants are Eveready Industries India, Alibaba.com India E-commerce, Rockspace Technology, Nggawe Nirman Technologies, Tecnotree Convergence, Jacobs Engineering India, and Tattvamassi Coaching & Consultancy.",,Security; Reserved Parking; Visitor Parking; Centralized AC; 24 hours water supply; CCTV,"https://www.google.com/maps?q=12.993979706403804,77.66083894306946",https://properties.cityinfoservices.com/cowrks-old-madras-road-rmz-infinity-for-rent-in-old-madras-road-bangalore/d4gm7vk/prd,2026-09-21T05:57:08.630806+00:00,111
CoWrks - Bellandur - EcoWorld Campus 6A,Bellandur,CoWrks Coworking Spaces Pvt. Ltd.,Business Center & Co-working Space,403,,,,,,,,Ready to Occupy from Oct 2026,,,,CoWrks - Bellandur - EcoWorld Campus 6A,,Security; Reserved Parking; Visitor Parking; Centralized AC; 24 hours water supply; CCTV,"https://www.google.com/maps?q=12.92123732,77.684845468",https://properties.cityinfoservices.com/cowrks-bellandur-ecoworld-campus-6a-for-rent-in-bellandur-bangalore/ilenmaq/prd,2026-09-21T05:57:08.988077+00:00,111
CoWrks - Whitefield - Brookfield NXT 1B,Whitefield,CoWrks Coworking Spaces Pvt. Ltd.,Business Center & Co-working Space,23,,,,,,,,Ready to Occupy,,,,CoWrks - Whitefield - Brookfield NXT 1B,,Security; Reserved Parking; Visitor Parking; Centralized AC; 24 hours water supply; CCTV,"https://www.google.com/maps?q=12.9782709,77.71342920000006",https://properties.cityinfoservices.com/cowrks-whitefield-brookfield-nxt-1b-for-rent-in-whitefield-bangalore/9be5tq4/prd,2026-09-21T05:57:11.151366+00:00,111
Bagmane World Technology Centre - Opal Block,Doddanekkundi,Bagmane Developers Pvt. Ltd.,Office Space,,,,,,,,,Ready to move,3 Basement + Ground + 12 Floors,"~59,000 to ~65,000",,Bagmane World Technology Centre - Opal Block,,Security; Reserved Parking; Visitor Parking; Centralized AC; 24 hours water supply; CCTV,"https://www.google.com/maps?q=12.9876371,77.6894631",https://properties.cityinfoservices.com/bagmane-world-technology-centre-opal-block-for-rent-in-doddanekkundi-bangalore/3hgd326/prd,2026-09-21T05:57:13.623579+00:00,111
Helios Business Park - Block C,Kadubeesanahalli,Kalyani Developers Pvt. Ltd.,Office Space,,,,,,,,,Ready for fit outs,4 Basement + Ground + 10 Floors,~40000,,Helios Business Park - Block C,,Security; Reserved Parking; Visitor Parking; Centralized AC; 24 hours water supply; CCTV,"https://www.google.com/maps?q=12.93751094479294,77.68867876347657",https://properties.cityinfoservices.com/helios-business-park-block-c-for-rent-in-kadubeesanahalli-road-bangalore/8nm8d3y/prd,2026-09-21T05:57:13.982590+00:00,111
Manyata Embassy Business Park - Aspen Block (G4),Nagavara,Embassy Property Developments Pvt. Ltd.,Office Space,,,,,,,,,Ready for fit outs,2 Basement + Ground + 10 Floors,"~40,795",,Manyata Embassy Business Park - Aspen Block (G4),,Security; Reserved Parking; Visitor Parking; Centralized AC; 24 hours water supply; CCTV,"https://www.google.com/maps?q=13.0449027,77.6215866",https://properties.cityinfoservices.com/manyata-embassy-business-park-aspen-block-g4--for-rent-in-nagavara-bangalore/izwjjho/prd,2026-09-21T05:57:16.224949+00:00,111
TNR Inizio Neotown - Block B,Electronic City Phase I,TNR Group,Office Space,,,,,,,,,Ready for fit outs,Basement + Ground + 8 Floors,"~48,000",,TNR Inizio Neotown - Block B,,Security; Reserved Parking; Centralized AC; 24 hours water supply; CCTV,"https://www.google.com/maps?q=12.824728220871936,77.66298095050965",https://properties.cityinfoservices.com/tnr-inizio-neotown-block-b-for-rent-in-electronic-city-phase-i-bangalore/9sgfw3v/prd,2026-09-21T05:57:18.621934+00:00,122
Prestige Tech Park III - Vector Block,Marathahalli - Sarjapur Outer Ring Road,Prestige Estates Projects Limited,Office Space,,,,,,,,,Ready to move,Prestige Tech Park III - Vector Block,"~37,375",,Prestige Tech Park III - Vector Block,,Security; Reserved Parking; Visitor Parking; Centralized AC; 24 hours water supply; CCTV,"https://www.google.com/maps?q=12.940815171433105,77.68930103596803",https://properties.cityinfoservices.com/prestige-tech-park-iii-vector-block-for-rent-in-marathahalli-sarjapur-outer-ring-road-bangalore/ljywkv3/prd,2026-09-21T05:57:19.806772+00:00,111
BHIVE - AKR Tech Park (Block B),Electronic City,BHIVE Workspace (Tusker Workspace Pvt. Ltd.),Business Center & Co-working Space,275,,,,,,,,Ready to Occupy,,,,BHIVE - AKR Tech Park (Block B),,,"https://www.google.com/maps?q=12.892242639003673,77.64200784957036",https://properties.cityinfoservices.com/bhive-akr-tech-park-block-b--for-rent-in-electronic-city-bangalore/vljv88y/prd,2026-09-21T05:57:20.766374+00:00,110
BHIVE - AKR Tech Park (Block B),Electronic City,BHIVE Workspace (Tusker Workspace Pvt. Ltd.),Business Center & Co-working Space,150,,,,,,,,Ready to Occupy,,,,BHIVE - AKR Tech Park (Block B),,Security; Reserved Parking; Centralized AC; 24 hours water supply; CCTV,"https://www.google.com/maps?q=12.892242639003673,77.64200784957036",https://properties.cityinfoservices.com/bhive-akr-tech-park-block-b--for-rent-in-electronic-city-bangalore/jhr9rbl/prd,2026-09-21T05:57:21.102434+00:00,110
BHIVE - AKR Tech Park (Block B),Electronic City,BHIVE Workspace (Tusker Workspace Pvt. Ltd.),Business Center & Co-working Space,325,,,,,,,,Ready to Occupy,,,,BHIVE - AKR Tech Park (Block B),,Security; Reserved Parking; Centralized AC; 24 hours water supply; CCTV,"https://www.google.com/maps?q=12.892242639003673,77.64200784957036",https://properties.cityinfoservices.com/bhive-akr-tech-park-block-b--for-rent-in-electronic-city-bangalore/nboaslv/prd,2026-09-21T05:57:21.950979+00:00,110
Brigade Cornerstone Utopia - Elysium,Varthur,Brigade Enterprises Limited,Office Space,,,,,,,,,Ready for fit outs,3 Basement + Ground + 18 Floors,"~22,000",,Brigade Cornerstone Utopia - Elysium,,Security; Reserved Parking; Visitor Parking; Centralized AC; 24 hours water supply; CCTV,"https://www.google.com/maps?q=12.9901965,77.6629211",https://properties.cityinfoservices.com/brigade-cornerstone-utopia-elysium-for-rent-in-varthur-road-bangalore/lb432w9/prd,2026-09-21T05:57:23.580998+00:00,113
Praga Square,Hosur Road,Praga Capital,Office Space,,,,,,,,,Ready for fit outs,Basement + Ground + 2 Floors,~33000 to 36000,,Praga Square,,Security; Reserved Parking; Visitor Parking; Centralized AC; 24 hours water supply; CCTV,"https://www.google.com/maps?q=12.9421706,77.6083539",https://properties.cityinfoservices.com/praga-square-for-rent-in-hosur-road-bangalore/sbi4d6t/prd,2026-09-21T05:57:23.707051+00:00,110
Praga Square,Hosur Road,Praga Capital,Office Space,,,,,,,,,Ready for fit outs,Basement + Ground + 2 Floors,~33000 to 36000,,Praga Square,,Security; Reserved Parking; Visitor Parking; Centralized AC; 24 hours water supply; CCTV,"https://www.google.com/maps?q=12.9421706,77.6083539",https://properties.cityinfoservices.com/praga-square-for-rent-in-hosur-road-bangalore/43yhuai/prd,2026-09-21T05:57:26.214334+00:00,110
TableSpace - Primeco Union City,Whitefield,TableSpace Technologies Pvt. Ltd.,Business Center & Co-working Space,108,,108,,,,,,Ready to Occupy,,,,TableSpace - Primeco Union City,,Security; Reserved Parking; Visitor Parking; Centralized AC; 24 hours water supply; CCTV,"https://www.google.com/maps?q=12.9834192,77.76784",https://properties.cityinfoservices.com/tablespace-primeco-union-city-for-rent-in-whitefield-bangalore/wj6fxk7/prd,2026-09-21T05:57:29.997377+00:00,110
Total Environment After the Rain Workcation,Yelahanka,Total Environment Building Systems Pvt. Ltd.,Office Space,,,,,,,,,Under Construction,3 Basement + Ground + 9 Floors,~17000 to ~49000,,Total Environment After the Rain Workcation,,Security; Reserved Parking; Visitor Parking; Centralized AC; 24 hours water supply; CCTV,"https://www.google.com/maps?q=13.1154662,77.6069977",https://properties.cityinfoservices.com/total-environment-after-the-rain-workcation-for-rent-in-yelahanka-bangalore/tcuqblu/prd,2026-09-21T05:57:31.651503+00:00,109
Total Environment After the Rain Workcation,Yelahanka,Total Environment Building Systems Pvt. Ltd.,Office Space,,,,,,,,,Under Construction,3 Basement + Ground + 9 Floors,~17000 to ~49000,,Total Environment After the Rain Workcation,,Security; Reserved Parking; Visitor Parking; Centralized AC; 24 hours water supply; CCTV,"https://www.google.com/maps?q=13.1154662,77.6069977",https://properties.cityinfoservices.com/total-environment-after-the-rain-workcation-for-rent-in-yelahanka-bangalore/7zfyfqd/prd,2026-09-21T05:57:31.889692+00:00,109
Prestige Tech Park III - Velocity Block,Kadubeesanahalli,Prestige Estates Projects Limited,Office Space,,,,,,,,,Ready to move,2 Basement + Ground + 9 Floors,"~39,000",,Prestige Tech Park III - Velocity Block,,Security; Reserved Parking; Visitor Parking; Centralized AC; 24 hours water supply; CCTV,"https://www.google.com/maps?q=12.940083226268788,77.68875386532899",https://properties.cityinfoservices.com/prestige-tech-park-iii-velocity-block-for-rent-in-kadubeesanahalli-road-bangalore/6ie9xg2/prd,2026-09-21T05:57:34.166937+00:00,108
Prestige Tech Park IV - Block 2 (Cosmos),Kadubeesanahalli,Prestige Estates Projects Limited,Office Space,,,,,,,,,Ready to move,2 Basement + Ground + 12 Floors,"~25,000 to ~73,000",,Prestige Tech Park IV - Block 2 (Cosmos),,Security; Reserved Parking; Centralized AC; 24 hours water supply; CCTV,"https://www.google.com/maps?q=12.944192547716625,77.69404318150636",https://properties.cityinfoservices.com/prestige-tech-park-iv-block-2-cosmos--for-rent-in-kadubeesanahalli-road-bangalore/58fkeyx/prd,2026-09-21T05:57:36.538707+00:00,108
Sona Towers (Sona Tower IT Park),Millers Road,The Sona Group,Office Space,,,,,,,,,Ready to move,Basement + Ground + 8 Floors,~13000,,Sona Towers (Sona Tower IT Park),,Security; Reserved Parking; Centralized AC; 24 hours water supply; CCTV,"https://www.google.com/maps?q=12.98842,77.59238",https://properties.cityinfoservices.com/sona-towers-sona-tower-it-park--for-rent-in-millers-road-bangalore/lu2o93f/prd,2026-09-21T05:57:36.835438+00:00,108
Bren Prominus,Sarjapur Main Road,Bren Corporation Pvt. Ltd.,Office Space,,,,,,,,,Under Construction,2 Basement + Ground + 9 Floors,~34000,,Bren Prominus,,Security; Reserved Parking; Centralized AC; 24 hours water supply; CCTV,"https://www.google.com/maps?q=12.9039839,77.7029845",https://properties.cityinfoservices.com/bren-prominus-for-rent-in-sarjapur-main-road-bangalore/wg8j5wu/prd,2026-09-21T05:57:39.233967+00:00,107
IndiQube - Plaza (PSS Plaza),Wind Tunnel Road,IndiQube Spaces Limited,Business Center & Co-working Space,102,,,,,,,,Ready to Move In,,,,IndiQube - Plaza (PSS Plaza),,Security; Reserved Parking; Centralized AC; 24 hours water supply; CCTV,"https://www.google.com/maps?q=12.957303,77.6539111",https://properties.cityinfoservices.com/indiqube-plaza-pss-plaza--for-rent-in-wind-tunnel-road-bangalore/ca724o7/prd,2026-09-21T05:57:41.470361+00:00,108
Sattva Endeavor,Electronic City Phase 2,Salarpuria Sattva Group,Office Space,,,,,,,,,Ready for fit outs,Basement + Ground + 13 Floors,"~60,000 to ~65,000",,Sattva Endeavor,,Security; Reserved Parking; Visitor Parking; Centralized AC; 24 hours water supply; CCTV,"https://www.google.com/maps?q=12.851333,77.676037",https://properties.cityinfoservices.com/sattva-endeavor-for-rent-in-electronic-city-phase-2-bangalore/xjtgvsc/prd,2026-09-21T05:57:43.120468+00:00,106
Sattva Endeavor,Electronic City Phase 2,Salarpuria Sattva Group,Office Space,,,,,,,,,Ready for fit outs,Basement + Ground + 13 Floors,"~60,000 to ~65,000",,Sattva Endeavor,,Security; Reserved Parking; Visitor Parking; Centralized AC; 24 hours water supply; CCTV,"https://www.google.com/maps?q=12.851333,77.676037",https://properties.cityinfoservices.com/sattva-endeavor-for-rent-in-electronic-city-phase-2-bangalore/6z79kn2/prd,2026-09-21T05:57:45.504241+00:00,106
Sattva Endeavor,Electronic City Phase 2,Salarpuria Sattva Group,Office Space,,,,,,,,,Ready for fit outs,Basement + Ground + 13 Floors,"~60,000 to ~65,000",,Sattva Endeavor,,Security; Reserved Parking; Visitor Parking; Centralized AC; 24 hours water supply; CCTV,"https://www.google.com/maps?q=12.851333,77.676037",https://properties.cityinfoservices.com/sattva-endeavor-for-rent-in-electronic-city-phase-2-bangalore/tuve9rn/prd,2026-09-21T05:57:47.161758+00:00,106
Bagmane World Technology Centre - Emerald,Doddanekkundi,Bagmane Developers Pvt. Ltd.,Office Space,,,,,,,,,Ready to move,2 Basement + Ground + 7 Floors,"~57,246",,Bagmane World Technology Centre - Emerald,,Security; Reserved Parking; Centralized AC; 24 hours water supply; CCTV,"https://www.google.com/maps?q=12.983176,77.693733",https://properties.cityinfoservices.com/bagmane-world-technology-centre-emerald-for-rent-in-doddanekkundi-bangalore/qh2hv8i/prd,2026-09-21T05:57:47.958081+00:00,107
Sattva Endeavor,Electronic City Phase 2,Salarpuria Sattva Group,Office Space,,,,,,,,,Ready for fit outs,Basement + Ground + 13 Floors,"~60,000 to ~65,000",,Sattva Endeavor,,Security; Reserved Parking; Visitor Parking; Centralized AC; 24 hours water supply; CCTV,"https://www.google.com/maps?q=12.851333,77.676037",https://properties.cityinfoservices.com/sattva-endeavor-for-rent-in-electronic-city-phase-2-bangalore/g2sj3bj/prd,2026-09-21T05:57:49.817583+00:00,106
Sattva Endeavor,Electronic City Phase 2,Salarpuria Sattva Group,Office Space,,,,,,,,,Ready for fit outs,Basement + Ground + 13 Floors,"~60,000 to ~65,000",,Sattva Endeavor,,Security; Reserved Parking; Visitor Parking; Centralized AC; 24 hours water supply; CCTV,"https://www.google.com/maps?q=12.851333,77.676037",https://properties.cityinfoservices.com/sattva-endeavor-for-rent-in-electronic-city-phase-2-bangalore/yn2ier3/prd,2026-09-21T05:57:52.339674+00:00,106
Manyata Embassy Business Park - Silver Fir (L6),Nagavara,Embassy Property Developments Pvt. Ltd.,Office Space,,,,,,,,,Ready for fit outs,Basement + Ground + 10 Floors,"~38,600",,Manyata Embassy Business Park - Silver Fir (L6),,Security; Reserved Parking; Visitor Parking; Centralized AC; 24 hours water supply; CCTV,"https://www.google.com/maps?q=13.04727528400224,77.61902240818178",https://properties.cityinfoservices.com/manyata-embassy-business-park-silver-fir-l6--for-rent-in-nagavara-bangalore/sbi33tn/prd,2026-09-21T05:57:54.622826+00:00,111
Sattva Endeavor,Electronic City Phase 2,Salarpuria Sattva Group,Office Space,,,,,,,,,Ready for fit outs,Basement + Ground + 13 Floors,"~60,000 to ~65,000",,Sattva Endeavor,,Security; Reserved Parking; Visitor Parking; Centralized AC; 24 hours water supply; CCTV,"https://www.google.com/maps?q=12.851333,77.676037",https://properties.cityinfoservices.com/sattva-endeavor-for-rent-in-electronic-city-phase-2-bangalore/rahhrob/prd,2026-09-21T05:57:56.358885+00:00,105
JB House (Salarpuria Senate),Koramangala,Independent Developer,Office Space,,,,,,,,,Ready to move,Basement + Ground + Mezzanine + 3 Floors,"~6,886",,JB House (Salarpuria Senate),,Reserved Parking; Visitor Parking,"https://www.google.com/maps?q=12.93388722831726,77.61335211371713",https://properties.cityinfoservices.com/jb-house-salarpuria-senate--for-rent-in-koramangala-bangalore/bv2q8vy/prd,2026-09-21T05:57:58.432848+00:00,105
IndiQube - Plaza (PSS Plaza),Wind Tunnel Road,IndiQube Spaces Limited,Business Center & Co-working Space,178,,,,,,,,Ready to Move In from June 2026,,,,IndiQube - Plaza (PSS Plaza),,Security; Reserved Parking; Centralized AC; 24 hours water supply; CCTV,"https://www.google.com/maps?q=12.957303,77.6539111",https://properties.cityinfoservices.com/indiqube-plaza-pss-plaza--for-rent-in-wind-tunnel-road-bangalore/ity9cie/prd,2026-09-21T05:57:58.925010+00:00,108
Regalium (Koramangala Innovation Hub),Koramangala,Machani Group,Office Space,,,,,,,,,Under Construction,3 Basement + Ground + 9 Floors,"~90,000",,"Regalium (Koramangala Innovation Hub) - is a global hub where innovators, industry leaders, and future-focused enterprises converge. It offers international businesses more than a base - providing a springboard into India through collaboration, trusted networks, and tailored support for market entry and growth. It builds on this advantage, fostering a capital-first community for investment firms and family offices, with technologydriven, hybrid, and community-focused spaces. Built for bold, enterprising minds, they provide a highly functional yet meaningful environment that empowers change-makers.",,Security; Reserved Parking; Visitor Parking; Centralized AC; 24 hours water supply; CCTV,"https://www.google.com/maps?q=12.930972,77.61449999999999",https://properties.cityinfoservices.com/regalium-koramangala-innovation-hub--for-rent-in-koramangala-bangalore/dk4vr68/prd,2026-09-21T05:57:59.124455+00:00,106
Manyata Embassy Business Park - Hazel (L3),Nagavara,Embassy Property Developments Pvt. Ltd.,Office Space,,,,,,,,,Ready for fit outs,2 Basement + Ground + 10 Floors,"~30,000 to ~55,000",,Manyata Embassy Business Park - Hazel (L3),,Security; Reserved Parking; Centralized AC; 24 hours water supply; CCTV,"https://www.google.com/maps?q=13.0483898,77.6222566",https://properties.cityinfoservices.com/manyata-embassy-business-park-hazel-l3--for-rent-in-nagavara-bangalore/lljrtk5/prd,2026-09-21T05:58:01.442397+00:00,105
Total Environment After the Rain Workcation,Yelahanka,Total Environment Building Systems Pvt. Ltd.,Office Space,,,,,,,,,Under Construction,3 Basement + Ground + 9 Floors,~17000 to ~49000,,Total Environment After the Rain Workcation,,Security; Reserved Parking; Visitor Parking; Centralized AC; 24 hours water supply; CCTV,"https://www.google.com/maps?q=13.1154662,77.6069977",https://properties.cityinfoservices.com/total-environment-after-the-rain-workcation-for-rent-in-yelahanka-bangalore/fuz7enb/prd,2026-09-21T05:58:04.413812+00:00,109
Manyata Embassy Business Park - Hazel (L3),Nagavara,Embassy Property Developments Pvt. Ltd.,Office Space,,,,,,,,,Ready for fit outs,2 Basement + Ground + 10 Floors,"~30,000 to ~55,000",,Manyata Embassy Business Park - Hazel (L3),,Security; Reserved Parking; Centralized AC; 24 hours water supply; CCTV,"https://www.google.com/maps?q=13.0483898,77.6222566",https://properties.cityinfoservices.com/manyata-embassy-business-park-hazel-l3--for-rent-in-nagavara-bangalore/qlbt2kh/prd,2026-09-21T05:58:06.167282+00:00,105
Manyata Embassy Business Park - Hazel (L3),Nagavara,Embassy Property Developments Pvt. Ltd.,Office Space,,,,,,,,,Ready for fit outs,2 Basement + Ground + 10 Floors,"~30,000 to ~55,000",,Manyata Embassy Business Park - Hazel (L3),,Security; Reserved Parking; Centralized AC; 24 hours water supply; CCTV,"https://www.google.com/maps?q=13.0483898,77.6222566",https://properties.cityinfoservices.com/manyata-embassy-business-park-hazel-l3--for-rent-in-nagavara-bangalore/yy53rba/prd,2026-09-21T05:58:08.177083+00:00,105
Manyata Embassy Business Park - Hazel (L3),Nagavara,Embassy Property Developments Pvt. Ltd.,Office Space,,,,,,,,,Ready for fit outs,2 Basement + Ground + 10 Floors,"~30,000 to ~55,000",,Manyata Embassy Business Park - Hazel (L3),,Security; Reserved Parking; Visitor Parking; Centralized AC; 24 hours water supply; CCTV,"https://www.google.com/maps?q=13.0483898,77.6222566",https://properties.cityinfoservices.com/manyata-embassy-business-park-hazel-l3--for-rent-in-nagavara-bangalore/6h555eq/prd,2026-09-21T05:58:09.168594+00:00,105
Pritech Park - Block 5A - 5B,Bellandur,RGA Software Systems Pvt. Ltd. (Primal Projects Pvt. Ltd.),Office Space,,,,,,,,,Ready for fit outs,2 Basement + Ground + 7 Floors,~43420.58,,Pritech Park - Block 5A - 5B,,Security; Reserved Parking; Visitor Parking; Centralized AC; 24 hours water supply; CCTV,"https://www.google.com/maps?q=12.923429284460903,77.68209891639403",https://properties.cityinfoservices.com/pritech-park-block-5a-5b-for-rent-in-bellandur-bangalore/f8l8w2k/prd,2026-09-21T05:58:10.362687+00:00,104
Pritech Park - Block 5A - 5B,Bellandur,RGA Software Systems Pvt. Ltd. (Primal Projects Pvt. Ltd.),Office Space,,,,,,,,,Ready for fit outs,2 Basement + Ground + 7 Floors,"~43,420.58",,Pritech Park - Block 5A - 5B,,Security; Reserved Parking; Visitor Parking; Centralized AC; 24 hours water supply,"https://www.google.com/maps?q=12.923429284460903,77.68209891639403",https://properties.cityinfoservices.com/pritech-park-block-5a-5b-for-rent-in-bellandur-bangalore/6ytge7f/prd,2026-09-21T05:58:12.297154+00:00,104
Pritech Park - Block 5A - 5B,Bellandur,RGA Software Systems Pvt. Ltd. (Primal Projects Pvt. Ltd.),Office Space,,,,,,,,,Ready to move,2 Basement + Ground + 7 Floors,~43420.58,,Pritech Park - Block 5A - 5B,,Security; Reserved Parking; Visitor Parking; Centralized AC; 24 hours water supply; CCTV,"https://www.google.com/maps?q=12.923429284460903,77.68209891639403",https://properties.cityinfoservices.com/pritech-park-block-5a-5b-for-rent-in-bellandur-bangalore/uklettr/prd,2026-09-21T05:58:14.478339+00:00,104
Pritech Park - Block 5A - 5B,Bellandur,RGA Software Systems Pvt. Ltd. (Primal Projects Pvt. Ltd.),Office Space,,,,,,,,,Currently not available,2 Basement + Ground + 7 Floors,~43420.58,,Pritech Park - Block 5A - 5B,,Security; Reserved Parking; Visitor Parking; Centralized AC; 24 hours water supply; CCTV,"https://www.google.com/maps?q=12.923429284460903,77.68209891639403",https://properties.cityinfoservices.com/pritech-park-block-5a-5b-for-rent-in-bellandur-bangalore/vpqxiij/prd,2026-09-21T05:58:16.880115+00:00,104
Gold Hill Square (Goldhill),Bommanahalli,Sri Venkateswara Developers,Office Space,,,,,,,,,Ready for fit outs,Basement + Ground + 11 Floors,~18000 to ~34000,,Gold Hill Square (Goldhill),,Security; Reserved Parking; Visitor Parking; Centralized AC; 24 hours water supply; CCTV,"https://www.google.com/maps?q=12.9017892,77.63296869999999",https://properties.cityinfoservices.com/gold-hill-square-goldhill--for-rent-in-bommanahalli-bangalore/hghbmn6/prd,2026-09-21T05:58:18.944088+00:00,103
JB House (Salarpuria Senate),Koramangala,Independent Developer,Office Space,,,,,,,,,Ready to move,Basement + Ground + Mezzanine + 3 Floors,"~6,886",,JB House (Salarpuria Senate),,Security; Visitor Parking; CCTV,"https://www.google.com/maps?q=12.93388722831726,77.61335211371713",https://properties.cityinfoservices.com/jb-house-salarpuria-senate--for-rent-in-koramangala-bangalore/mjw3276/prd,2026-09-21T05:58:20.637871+00:00,105
Gold Hill Square (Goldhill),Bommanahalli,Sri Venkateswara Developers,Office Space,,,,,,,,,Ready for fit outs,Basement + Ground + 11 Floors,~18000 to ~34000,,Gold Hill Square (Goldhill),,Security; Reserved Parking; Visitor Parking; Centralized AC; 24 hours water supply; CCTV,"https://www.google.com/maps?q=12.9017892,77.63296869999999",https://properties.cityinfoservices.com/gold-hill-square-goldhill--for-rent-in-bommanahalli-bangalore/8vmnrpg/prd,2026-09-21T05:58:21.075022+00:00,103
Embassy Signet,Kadubeesanahalli,Embassy Property Developments Pvt. Ltd.,Office Space,,,,,,,,,Ready to move,Basement + Ground + 5 Floors,"~17,000 to ~22,000",,Embassy Signet,,Security; Reserved Parking; Visitor Parking; 24 hours water supply,"https://www.google.com/maps?q=12.93566902169643,77.69365488175353",https://properties.cityinfoservices.com/embassy-signet-for-rent-in-kadubeesanahalli-road-bangalore/g5ttw69/prd,2026-09-21T05:58:21.517000+00:00,105
Pritech Park - Block 5A - 5B,Bellandur,RGA Software Systems Pvt. Ltd. (Primal Projects Pvt. Ltd.),Office Space,,,,,,,,,Ready for fit outs,2 Basement + Ground + 7 Floors,~43420.58,,Pritech Park - Block 5A - 5B,,Security; Reserved Parking; Visitor Parking; Centralized AC; 24 hours water supply; CCTV,"https://www.google.com/maps?q=12.923429284460903,77.68209891639403",https://properties.cityinfoservices.com/pritech-park-block-5a-5b-for-rent-in-bellandur-bangalore/2hj76yk/prd,2026-09-21T05:58:24.010983+00:00,104
Prestige Tech Park 2 - Electra Block,Kadubeesanahalli,Prestige Estates Projects Limited,Office Space,,,,,,,,,Ready to move,Basement + Ground + 9 Floors,"~80,734",,Prestige Tech Park 2 - Electra Block,,Security; Reserved Parking; Visitor Parking; Centralized AC; 24 hours water supply; CCTV,"https://www.google.com/maps?q=12.94266442541954,77.69178276878661",https://properties.cityinfoservices.com/prestige-tech-park-2-electra-block-for-rent-in-kadubeesanahalli-road-bangalore/2f4gk6z/prd,2026-09-21T05:58:25.663100+00:00,103
Pritech Park - Block 5A - 5B,Bellandur,RGA Software Systems Pvt. Ltd. (Primal Projects Pvt. Ltd.),Office Space,,,,,,,,,Ready to move,2 Basement + Ground + 7 Floors,~43420.58,,Pritech Park - Block 5A - 5B,,Security; Reserved Parking; Visitor Parking; Centralized AC; 24 hours water supply; CCTV,"https://www.google.com/maps?q=12.923429284460903,77.68209891639403",https://properties.cityinfoservices.com/pritech-park-block-5a-5b-for-rent-in-bellandur-bangalore/izyuvh4/prd,2026-09-21T05:58:25.869554+00:00,104
Gold Hill Square (Goldhill),Bommanahalli,Sri Venkateswara Developers,Office Space,,,,,,,,,Ready for fit outs,Basement + Ground + 11 Floors,~18000 to ~34000,,Gold Hill Square (Goldhill),,Security; Reserved Parking; Visitor Parking; Centralized AC; 24 hours water supply; CCTV,"https://www.google.com/maps?q=12.9017892,77.63296869999999",https://properties.cityinfoservices.com/gold-hill-square-goldhill--for-rent-in-bommanahalli-bangalore/sr6v7km/prd,2026-09-21T05:58:29.014540+00:00,103
Salarpuria Touchstone - Block A,Kadubeesanahalli,Salarpuria Sattva Group,Office Space,,,,,,,,,Ready to move,Basement + Ground + 5 Floors,"~44,542",,Salarpuria Touchstone - Block A,,Security; Reserved Parking; Visitor Parking; Centralized AC; 24 hours water supply; CCTV,"https://www.google.com/maps?q=12.936935837582245,77.69064214047548",https://properties.cityinfoservices.com/salarpuria-touchstone-block-a-for-rent-in-kadubeesanahalli-road-bangalore/78dwaee/prd,2026-09-21T05:58:30.129934+00:00,102
Prestige Tech Park 2 - Electra Block,Kadubeesanahalli,Prestige Estates Projects Limited,Office Space,,,,,,,,,Ready for fit outs,Basement + Ground + 9 Floors,"~80,734",,Prestige Tech Park 2 - Electra Block,,Security; Reserved Parking; Visitor Parking; Centralized AC; 24 hours water supply; CCTV,"https://www.google.com/maps?q=12.94266442541954,77.69178276878661",https://properties.cityinfoservices.com/prestige-tech-park-2-electra-block-for-rent-in-kadubeesanahalli-road-bangalore/oeju3a2/prd,2026-09-21T05:58:30.951161+00:00,103
Brigade Senate 1 - Wing 2,Hebbal,Brigade Enterprises Limited,Office Space,,,,,,,,,Ready for fit outs,2 Basement + Ground + 9 Floors,"~13,940",,Brigade Senate 1 - Wing 2,,Security; Reserved Parking; Centralized AC; 24 hours water supply; CCTV,"https://www.google.com/maps?q=13.047791,77.580655",https://properties.cityinfoservices.com/brigade-senate-1-wing-2-for-rent-in-hebbal-bangalore/wrl3qj5/prd,2026-09-21T05:58:31.145176+00:00,102
Neil Rao Towers ( Neil Tower ),Whitefield,Rao Computer Consultants Pvt. Ltd.,Office Space,,,,,,,,,Ready to move,Basement + Ground + 6 Floors,"~20,442",,Neil Rao Towers ( Neil Tower ),,Security; Reserved Parking; Visitor Parking; Centralized AC; 24 hours water supply; CCTV,"https://www.google.com/maps?q=12.9781191,77.7249535",https://properties.cityinfoservices.com/neil-rao-towers-neil-tower--for-rent-in-whitefield-bangalore/rcn8g78/prd,2026-09-21T05:58:31.167457+00:00,105
Zonasha Sendirian East,Mahadevapura,Zonasha Estates and Projects Pvt. Ltd.,Office Space,,,,,,,,,Under Construction,2 Basement + Ground + 10 Floors,"~53,000 to ~69,000",,Zonasha Sendirian East,,Security; Reserved Parking; Visitor Parking; Centralized AC; 24 hours water supply; CCTV,"https://www.google.com/maps?q=12.9879659,77.6895248",https://properties.cityinfoservices.com/zonasha-sendirian-east-for-rent-in-mahadevapura-bangalore/vtyhwm8/prd,2026-09-21T05:58:33.661125+00:00,102
Zonasha Sendirian East,Mahadevapura,Zonasha Estates and Projects Pvt. Ltd.,Office Space,,,,,,,,,Under Construction,2 Basement + Ground + 10 Floors,"~53,000 to ~69,000",,Zonasha Sendirian East,,Security; Reserved Parking; Visitor Parking; Centralized AC; 24 hours water supply; CCTV,"https://www.google.com/maps?q=12.9879659,77.6895248",https://properties.cityinfoservices.com/zonasha-sendirian-east-for-rent-in-mahadevapura-bangalore/vis42us/prd,2026-09-21T05:58:35.621730+00:00,102
Zonasha Sendirian East,Mahadevapura,Zonasha Estates and Projects Pvt. Ltd.,Office Space,,,,,,,,,Under Construction,2 Basement + Ground + 10 Floors,"~53,000 to ~69,000",,Zonasha Sendirian East,,Security; Reserved Parking; Visitor Parking; Centralized AC; 24 hours water supply; CCTV,"https://www.google.com/maps?q=12.9879659,77.6895248",https://properties.cityinfoservices.com/zonasha-sendirian-east-for-rent-in-mahadevapura-bangalore/a4pr5ya/prd,2026-09-21T05:58:36.437426+00:00,102
Zonasha Sendirian East,Mahadevapura,Zonasha Estates and Projects Pvt. Ltd.,Office Space,,,,,,,,,Under Construction,2 Basement + Ground + 10 Floors,"~53,000 to ~69,000",,Zonasha Sendirian East,,Security; Reserved Parking; Visitor Parking; Centralized AC; 24 hours water supply; CCTV,"https://www.google.com/maps?q=12.9879659,77.6895248",https://properties.cityinfoservices.com/zonasha-sendirian-east-for-rent-in-mahadevapura-bangalore/ex3hvwr/prd,2026-09-21T05:58:37.997160+00:00,102
Zonasha Sendirian East,Mahadevapura,Zonasha Estates and Projects Pvt. Ltd.,Office Space,,,,,,,,,Under Construction,2 Basement + Ground + 10 Floors,"~53,000 to ~69,000",,Zonasha Sendirian East,,Security; Reserved Parking; Visitor Parking; Centralized AC; 24 hours water supply; CCTV,"https://www.google.com/maps?q=12.9879659,77.6895248",https://properties.cityinfoservices.com/zonasha-sendirian-east-for-rent-in-mahadevapura-bangalore/s9myuxs/prd,2026-09-21T05:58:40.372904+00:00,101
IndiQube - Omega,Brookefield,IndiQube Spaces Limited,Business Center & Co-working Space,170,,,,,,,,Ready to Occupy,,,,IndiQube - Omega,,Security; Reserved Parking; Visitor Parking; Centralized AC; 24 hours water supply; CCTV,"https://www.google.com/maps?q=12.959603,77.716588",https://properties.cityinfoservices.com/indiqube-omega-for-rent-in-brookefield-bangalore/8vm6mql/prd,2026-09-21T05:58:40.720223+00:00,102
Zonasha Sendirian East,Mahadevapura,Zonasha Estates and Projects Pvt. Ltd.,Office Space,,,,,,,,,Under Construction,2 Basement + Ground + 10 Floors,"~53,000 to ~69,000",,Zonasha Sendirian East,,Security; Reserved Parking; Visitor Parking; Centralized AC; 24 hours water supply; CCTV,"https://www.google.com/maps?q=12.9879659,77.6895248",https://properties.cityinfoservices.com/zonasha-sendirian-east-for-rent-in-mahadevapura-bangalore/93ai7ns/prd,2026-09-21T05:58:42.876377+00:00,101
Zonasha Sendirian East,Mahadevapura,Zonasha Estates and Projects Pvt. Ltd.,Office Space,,,,,,,,,Under Construction,2 Basement + Ground + 10 Floors,"~53,000 to ~69,000",,Zonasha Sendirian East,,Security; Reserved Parking; Visitor Parking; Centralized AC; 24 hours water supply; CCTV,"https://www.google.com/maps?q=12.9879659,77.6895248",https://properties.cityinfoservices.com/zonasha-sendirian-east-for-rent-in-mahadevapura-bangalore/ni8o6jb/prd,2026-09-21T05:58:43.081683+00:00,102
Zonasha Sendirian East,Mahadevapura,Zonasha Estates and Projects Pvt. Ltd.,Office Space,,,,,,,,,Under Construction,2 Basement + Ground + 10 Floors,"~53,000 to ~69,000",,Zonasha Sendirian East,,Security; Reserved Parking; Visitor Parking; Centralized AC; 24 hours water supply; CCTV,"https://www.google.com/maps?q=12.9879659,77.6895248",https://properties.cityinfoservices.com/zonasha-sendirian-east-for-rent-in-mahadevapura-bangalore/tssrniw/prd,2026-09-21T05:58:44.030678+00:00,101
Sattva Tech Park - Akash (Wing B),Whitefield,Salarpuria Sattva Group,Office Space,,,,,,,,,Ready for fit outs,Basement + Ground + 11 Floors,"~40,000",,Sattva Tech Park - Akash (Wing B),,Security; Reserved Parking; Visitor Parking; Centralized AC; 24 hours water supply; CCTV,"https://www.google.com/maps?q=12.984989507782984,77.74377214603271",https://properties.cityinfoservices.com/sattva-tech-park-akash-wing-b--for-rent-in-whitefield-bangalore/6bxdcz5/prd,2026-09-21T05:58:45.140432+00:00,101
Manyata Embassy Business Park - Acacia Block B (M3),Nagavara,Embassy Property Developments Pvt. Ltd.,Office Space,,,,,,,,,Ready for fit outs,3 Basement + Ground + 4 MLCP + 15 Floors,~69000,,Manyata Embassy Business Park - Acacia Block B (M3),,Security; Reserved Parking; Visitor Parking; Centralized AC; 24 hours water supply; CCTV,"https://www.google.com/maps?q=13.0421565,77.6135776",https://properties.cityinfoservices.com/manyata-embassy-business-park-acacia-block-b-m3--for-rent-in-nagavara-bangalore/8yqf4il/prd,2026-09-21T05:58:47.589554+00:00,101
Salarpuria Touchstone - Block B,Kadubeesanahalli,Salarpuria Sattva Group,Office Space,,,,,,,,,Ready to move,Basement + Ground + 5 Floors,"~40,000",,Salarpuria Touchstone - Block B,,Security; Reserved Parking; Visitor Parking; Centralized AC; 24 hours water supply; CCTV,"https://www.google.com/maps?q=12.936746045041215,77.69061862114867",https://properties.cityinfoservices.com/salarpuria-touchstone-block-b-for-rent-in-kadubeesanahalli-road-bangalore/69aqt7z/prd,2026-09-21T05:58:48.068576+00:00,101
Ozone Chambers - Tower B,HSR Layout,Ozone Group,Office Space,,,,,,,,,Under Construction,3 Basement + Ground + 3 Podium Parking + 15 Floors,"~47,000",,Ozone Chambers - Tower B,,Security; Reserved Parking; Visitor Parking; Centralized AC; 24 hours water supply; CCTV,"https://www.google.com/maps?q=12.9121181,77.6445548",https://properties.cityinfoservices.com/ozone-chambers-tower-b-for-rent-in-hsr-layout-bangalore/trhamr2/prd,2026-09-21T05:58:50.999958+00:00,100
Nomads - Branch Out,Indiranagar,Nomad Spaces,Business Center & Co-working Space,16,,,,,,,,Ready to Occupy,,,,Nomads - Branch Out,,,"https://www.google.com/maps?q=12.969913,77.635780",https://properties.cityinfoservices.com/nomads-branch-out-for-rent-in-indiranagar-bangalore/72u3nki/prd,2026-09-21T05:58:52.243733+00:00,101
Ozone Chambers - Tower B,HSR Layout,Ozone Group,Office Space,,,,,,,,,Under Construction,3 Basement + Ground + 3 Podium Parking + 15 Floors,"~47,000",,Ozone Chambers - Tower B,,Security; Reserved Parking; Visitor Parking; Centralized AC; 24 hours water supply; CCTV,"https://www.google.com/maps?q=12.9121181,77.6445548",https://properties.cityinfoservices.com/ozone-chambers-tower-b-for-rent-in-hsr-layout-bangalore/dangf5f/prd,2026-09-21T05:58:54.440615+00:00,100
Ozone Chambers - Tower B,HSR Layout,Ozone Group,Office Space,,,,,,,,,Under Construction,3 Basement + Ground + 3 Podium Parking + 15 Floors,"~47,000",,Ozone Chambers - Tower B,,Security; Reserved Parking; Visitor Parking; Centralized AC; 24 hours water supply; CCTV,"https://www.google.com/maps?q=12.9121181,77.6445548",https://properties.cityinfoservices.com/ozone-chambers-tower-b-for-rent-in-hsr-layout-bangalore/nbgvs6d/prd,2026-09-21T05:58:54.456402+00:00,100
Ozone Chambers - Tower B,HSR Layout,Ozone Group,Office Space,,,,,,,,,Under Construction,3 Basement + Ground + 3 Podium Parking + 15 Floors,"~47,000",,Ozone Chambers - Tower B,,Security; Reserved Parking; Visitor Parking; Centralized AC; 24 hours water supply; CCTV,"https://www.google.com/maps?q=12.9121181,77.6445548",https://properties.cityinfoservices.com/ozone-chambers-tower-b-for-rent-in-hsr-layout-bangalore/eo4rg9v/prd,2026-09-21T05:58:54.560848+00:00,100
Ozone Chambers - Tower B,HSR Layout,Ozone Group,Office Space,,,,,,,,,Under Construction,3 Basement + Ground + 3 Podium Parking + 15 Floors,"~47,000",,Ozone Chambers - Tower B,,Security; Reserved Parking; Visitor Parking; Centralized AC; 24 hours water supply; CCTV,"https://www.google.com/maps?q=12.9121181,77.6445548",https://properties.cityinfoservices.com/ozone-chambers-tower-b-for-rent-in-hsr-layout-bangalore/b9qahja/prd,2026-09-21T05:58:55.670208+00:00,100
Kalyani Platina - Ebony Block,Brookefield,Kalyani Developers Pvt. Ltd.,Office Space,,,,,,,,,Ready to move,Basement + Ground + 5 Floors,"~78,000",,Kalyani Platina - Ebony Block,,Security; Reserved Parking; Visitor Parking; Centralized AC; 24 hours water supply; CCTV,"https://www.google.com/maps?q=12.9704246,77.717477",https://properties.cityinfoservices.com/kalyani-platina-ebony-block-for-rent-in-brookefield-bangalore/66n9vbz/prd,2026-09-21T05:58:57.604424+00:00,99
Quest Offices - Raheja Towers,MG Road,Quest Offices Pvt. Ltd.,Business Center & Co-working Space,30,,,,,,,,Ready to Occupy,,,,Quest Offices - Raheja Towers,,Security; Reserved Parking; Visitor Parking; Centralized AC; 24 hours water supply; CCTV,"https://www.google.com/maps?q=12.973107,77.614002",https://properties.cityinfoservices.com/quest-offices-raheja-towers-for-rent-in-mahatma-gandhi-road-bangalore/zr75tia/prd,2026-09-21T05:58:58.800205+00:00,99
Enzyme - Richmond,Richmond Road,Enzyme Office Spaces Pvt. Ltd. (Enzyme Tech Park),Managed Office,,,,,,,,,Ready to move,,~9000,,Enzyme - Richmond,,,"https://www.google.com/maps?q=12.9665998,77.6083946",https://properties.cityinfoservices.com/enzyme-richmond-for-rent-in-richmond-road-bangalore/zj9b7e9/prd,2026-09-21T05:58:59.241231+00:00,99
The Executive Centre - Helios Business Park - Block E,Kadubeesanahalli,The Executive Centre Limited,Business Center & Co-working Space,170,,,,,,,,Ready to Occupy,,,,The Executive Centre - Helios Business Park - Block E,,Security; Reserved Parking; Visitor Parking; Centralized AC; 24 hours water supply; CCTV,"https://www.google.com/maps?q=12.9321122,77.6860255",https://properties.cityinfoservices.com/the-executive-centre-helios-business-park-block-e-for-rent-in-kadubeesanahalli-road-bangalore/yqeffe7/prd,2026-09-21T05:59:00.395514+00:00,99
Attic Space - Greenage,Indiranagar,Attic Spaces (Ilindra Workspace Pvt. Ltd.),Managed Office,120,,,,,,,,Ready to Move In,,9600,,Attic Space - Greenage,,,"https://www.google.com/maps?q=12.9716076,77.6459169",https://properties.cityinfoservices.com/attic-space-greenage-for-rent-in-indiranagar-bangalore/43cex3v/prd,2026-09-21T05:59:02.515230+00:00,99
IndiQube - Helios,Kadubeesanahalli,IndiQube Spaces Limited,Business Center & Co-working Space,136,,,,,,,,Ready to Occupy,,,,IndiQube - Helios,,Security; Reserved Parking; Centralized AC; 24 hours water supply; CCTV,"https://www.google.com/maps?q=12.9321122,77.6860255",https://properties.cityinfoservices.com/indiqube-helios-for-rent-in-kadubeesanahalli-road-bangalore/jm8jum6/prd,2026-09-21T05:59:03.157350+00:00,98
Adwitiya Knowledge Parkqs,Bannerghatta Road,Adwitiya Group,Office Space,,,,,,,,,Ready for fit outs,Basement + Ground + 8 Floors,"~80,000",,Adwitiya Knowledge Parkqs,,Security; Reserved Parking; Centralized AC; 24 hours water supply; CCTV,"https://www.google.com/maps?q=12.922312,77.599137",https://properties.cityinfoservices.com/adwitiya-knowledge-parkqs-for-rent-in-bannerghatta-main-road-bangalore/g22nx2f/prd,2026-09-21T05:59:03.375667+00:00,98
Urban Vault - HSR 1497,HSR Layout,Urban Vault Companies Pvt. Ltd.,Business Center & Co-working Space,110,,,,,,,,Ready to Occupy,,,,Urban Vault - HSR 1497,,Security; Reserved Parking; 24 hours water supply; CCTV,"https://www.google.com/maps?q=12.918522,77.645161",https://properties.cityinfoservices.com/urban-vault-hsr-1497-for-rent-in-hsr-layout-bangalore/fvtdlkd/prd,2026-09-21T05:59:06.537407+00:00,98
DivyaSree Greens - Annexe,Domlur,DivyaSree Infrastructure Projects Pvt. Ltd.,Office Space,,,,,,,,,Ready to move,2 Basement + Ground + 5 Floors,"~10,000",,DivyaSree Greens - Annexe,,Security; Reserved Parking; Visitor Parking; Centralized AC; 24 hours water supply; CCTV,"https://www.google.com/maps?q=12.9716076,77.6459169",https://properties.cityinfoservices.com/divyasree-greens-annexe-for-rent-in-domlur-bangalore/kwmmb29/prd,2026-09-21T05:59:08.512017+00:00,97
Gold Hill Square (Goldhill),Bommanahalli,Sri Venkateswara Developers,Office Space,,,,,,,,,Ready for fit outs,Basement + Ground + 11 Floors,~18000 to ~34000,,Gold Hill Square (Goldhill),,Security; Reserved Parking; Visitor Parking; Centralized AC; 24 hours water supply; CCTV,"https://www.google.com/maps?q=12.9017892,77.63296869999999",https://properties.cityinfoservices.com/gold-hill-square-goldhill--for-rent-in-bommanahalli-bangalore/8veaymg/prd,2026-09-21T05:59:11.105472+00:00,96
Gold Hill Square (Goldhill),Bommanahalli,Sri Venkateswara Developers,Office Space,,,,,,,,,Ready for fit outs,Basement + Ground + 11 Floors,~18000 to ~34000,,Gold Hill Square (Goldhill),,Security; Reserved Parking; Visitor Parking; Centralized AC; 24 hours water supply; CCTV,"https://www.google.com/maps?q=12.9017892,77.63296869999999",https://properties.cityinfoservices.com/gold-hill-square-goldhill--for-rent-in-bommanahalli-bangalore/3vzkug4/prd,2026-09-21T05:59:13.915340+00:00,96
Gold Hill Square (Goldhill),Bommanahalli,Sri Venkateswara Developers,Office Space,,,,,,,,,Ready for fit outs,Basement + Ground + 11 Floors,~18000 to ~34000,,Gold Hill Square (Goldhill),,Security; Reserved Parking; Visitor Parking; Centralized AC; 24 hours water supply; CCTV,"https://www.google.com/maps?q=12.9017892,77.63296869999999",https://properties.cityinfoservices.com/gold-hill-square-goldhill--for-rent-in-bommanahalli-bangalore/ehqbrqx/prd,2026-09-21T05:59:14.128276+00:00,96
DivyaSree Greens - Annexe,Domlur,DivyaSree Infrastructure Projects Pvt. Ltd.,Office Space,,,,,,,,,Ready to move,2 Basement + Ground + 5 Floors,"~10,000",,DivyaSree Greens - Annexe,,Security; Reserved Parking; Visitor Parking; Centralized AC; 24 hours water supply; CCTV,"https://www.google.com/maps?q=12.9716076,77.6459169",https://properties.cityinfoservices.com/divyasree-greens-annexe-for-rent-in-domlur-bangalore/v3nm3p2/prd,2026-09-21T05:59:14.359434+00:00,97
CapitaLand IT Park - Tower 1A,Hebbal,CapitaLand Services India Pvt. Ltd. (Ascendas-Singbridge Group),Office Space,,,,,,,,,Ready for fit outs,3 Basement + Ground + 16 Floors,"~58,000",,CapitaLand IT Park - Tower 1A,,Security; Reserved Parking; Visitor Parking; Centralized AC; 24 hours water supply; CCTV,"https://www.google.com/maps?q=13.063504,77.594278",https://properties.cityinfoservices.com/capitaland-it-park-tower-1a-for-rent-in-hebbal-bangalore/3fl56sc/prd,2026-09-21T05:59:15.556903+00:00,98
Awfis - One Lido Mall,Old Madras Road,Awfis Space Solutions Pvt. Ltd.,Business Center & Co-working Space,50,,,,,,,,Ready to Occupy,,,,Awfis - One Lido Mall,,Security; Reserved Parking; Visitor Parking; Centralized AC; 24 hours water supply; CCTV,"https://www.google.com/maps?q=12.9732369,77.6212762",https://properties.cityinfoservices.com/awfis-one-lido-mall-for-rent-in-old-madras-road-bangalore/ym63c9d/prd,2026-09-21T05:59:16.970065+00:00,96
RGA Tech Park - Block 3,Sarjapur Main Road,RGA Software Systems Pvt. Ltd. (Primal Projects Pvt. Ltd.),Office Space,,,,,,,,,Ready to move,3 Basement + Ground + 10 Floors,"~26,000 to ~74,000",,RGA Tech Park - Block 3,,Security; Reserved Parking; Centralized AC; 24 hours water supply; CCTV,"https://www.google.com/maps?q=12.9034643,77.70438910000007",https://properties.cityinfoservices.com/rga-tech-park-block-3-for-rent-in-sarjapur-main-road-bangalore/ilf369t/prd,2026-09-21T05:59:20.234957+00:00,94
Gold Hill Square (Goldhill),Bommanahalli,Sri Venkateswara Developers,Office Space,,,,,,,,,Ready for fit outs,Basement + Ground + 11 Floors,~18000 to ~34000,,Gold Hill Square (Goldhill),,Security; Reserved Parking; Visitor Parking; Centralized AC; 24 hours water supply; CCTV,"https://www.google.com/maps?q=12.9017892,77.63296869999999",https://properties.cityinfoservices.com/gold-hill-square-goldhill--for-rent-in-bommanahalli-bangalore/k7s3bmz/prd,2026-09-21T05:59:21.503105+00:00,96
RGA Tech Park - Block 3,Sarjapur Main Road,RGA Software Systems Pvt. Ltd. (Primal Projects Pvt. Ltd.),Office Space,,,,,,,,,Ready to move,3 Basement + Ground + 10 Floors,"~26,000 to ~74,000",,RGA Tech Park - Block 3,,Security; Reserved Parking; Centralized AC; 24 hours water supply; CCTV,"https://www.google.com/maps?q=12.9034643,77.70438910000007",https://properties.cityinfoservices.com/rga-tech-park-block-3-for-rent-in-sarjapur-main-road-bangalore/ibhdkm5/prd,2026-09-21T05:59:22.695205+00:00,94
Gold Hill Square (Goldhill),Bommanahalli,Sri Venkateswara Developers,Office Space,,,,,,,,,Ready for fit outs,Basement + Ground + 11 Floors,~18000 to ~34000,,Gold Hill Square (Goldhill),,Security; Reserved Parking; Visitor Parking; Centralized AC; 24 hours water supply; CCTV,"https://www.google.com/maps?q=12.9017892,77.63296869999999",https://properties.cityinfoservices.com/gold-hill-square-goldhill--for-rent-in-bommanahalli-bangalore/6kocfb2/prd,2026-09-21T05:59:24.015931+00:00,96
Attic Space - MM Enclave,Indiranagar,Attic Spaces (Ilindra Workspace Pvt. Ltd.),Business Center & Co-working Space,0,,,,,,,,Ready for fit outs,,,,Attic Space - MM Enclave,,Security; Reserved Parking; 24 hours water supply; CCTV,"https://www.google.com/maps?q=12.9716076,77.6459169",https://properties.cityinfoservices.com/attic-space-mm-enclave-for-rent-in-indiranagar-bangalore/753nygn/prd,2026-09-21T05:59:25.538244+00:00,94
Babu Reddy Warehouse,KIADB Bangalore IT Park,,Industrial,,,,,,,,,Ready for fit outs,Ground Floor,"~1,70,000",,Babu Reddy Warehouse,,,"https://www.google.com/maps?q=13.162690,77.708751",https://properties.cityinfoservices.com/babu-reddy-warehouse-for-rent-in-kiadbbangaloreitpark-bangalore/kv35mpu/prd,2026-09-21T05:59:28.318126+00:00,93
Sumadhura Z Hub,Whitefield,Sumadhura Capitol Towers Pvt. Ltd.,Office Space,,,,,,,,,Under Construction,Basement + Ground + 5 Floors,"~14,000",,Sumadhura Z Hub,,Security; Reserved Parking; Centralized AC; 24 hours water supply; CCTV,"https://www.google.com/maps?q=12.984572,77.733379",https://properties.cityinfoservices.com/sumadhura-z-hub-for-rent-in-whitefield-bangalore/btz7u6o/prd,2026-09-21T05:59:30.220680+00:00,93
Sumadhura Z Hub,Whitefield,Sumadhura Capitol Towers Pvt. Ltd.,Office Space,,,,,,,,,Under Construction,Basement + Ground + 5 Floors,"~14,000",,Sumadhura Z Hub,,Security; Reserved Parking; Centralized AC; 24 hours water supply; CCTV,"https://www.google.com/maps?q=12.984572,77.733379",https://properties.cityinfoservices.com/sumadhura-z-hub-for-rent-in-whitefield-bangalore/mmnmtk2/prd,2026-09-21T05:59:33.772520+00:00,93
"CoWrks - Centennial, Campus C",Whitefield,CoWrks Coworking Spaces Pvt. Ltd.,Business Center & Co-working Space,66,,,,,,,,Ready to Occupy,,,,"CoWrks - Centennial, Campus C",,Security; Reserved Parking; Centralized AC; 24 hours water supply; CCTV,"https://www.google.com/maps?q=12.974976,77.7686336",https://properties.cityinfoservices.com/cowrks-centennial-campus-c-for-rent-in-whitefield-bangalore/9ywdg95/prd,2026-09-21T05:59:34.658859+00:00,94
Sumadhura Z Hub,Whitefield,Sumadhura Capitol Towers Pvt. Ltd.,Office Space,,,,,,,,,Under Construction,Basement + Ground + 5 Floors,~14,,Sumadhura Z Hub,,Security; Reserved Parking; Centralized AC; 24 hours water supply; CCTV,"https://www.google.com/maps?q=12.984572,77.733379",https://properties.cityinfoservices.com/sumadhura-z-hub-for-rent-in-whitefield-bangalore/6dggoec/prd,2026-09-21T05:59:35.376244+00:00,93
Sumadhura Z Hub,Whitefield,Sumadhura Capitol Towers Pvt. Ltd.,Office Space,,,,,,,,,Under Construction,Basement + Ground + 5 Floors,"~14,000",,Sumadhura Z Hub,,Security; Reserved Parking; Centralized AC; 24 hours water supply; CCTV,"https://www.google.com/maps?q=12.984572,77.733379",https://properties.cityinfoservices.com/sumadhura-z-hub-for-rent-in-whitefield-bangalore/ef4hcys/prd,2026-09-21T05:59:37.311168+00:00,93
IndiQube - Elevate (Shilpitha),Devarabisanahalli,IndiQube Spaces Limited,Business Center & Co-working Space,105,,,,,,,,Ready for fit outs,,,,IndiQube - Elevate (Shilpitha),,Security; Reserved Parking; Visitor Parking; Centralized AC; 24 hours water supply; CCTV,"https://www.google.com/maps?q=12.9321122,77.6860255",https://properties.cityinfoservices.com/indiqube-elevate-shilpitha--for-rent-in-devarabisanahalli-road-bangalore/u8rhhly/prd,2026-09-21T05:59:39.994301+00:00,94
Bagmane World Technology Centre - Emerald,Doddanekkundi,Bagmane Developers Pvt. Ltd.,Office Space,,,,,,,,,Ready to move,2 Basement + Ground + 7 Floors,"~57,246",,Bagmane World Technology Centre - Emerald,,Security; Reserved Parking; Centralized AC; 24 hours water supply; CCTV,"https://www.google.com/maps?q=12.983176,77.693733",https://properties.cityinfoservices.com/bagmane-world-technology-centre-emerald-for-rent-in-doddanekkundi-bangalore/e52n7yn/prd,2026-09-21T05:59:41.971562+00:00,92
Bagmane World Technology Centre - Emerald,Doddanekkundi,Bagmane Developers Pvt. Ltd.,Office Space,,,,,,,,,Ready to move,2 Basement + Ground + 7 Floors,"~57,246",,Bagmane World Technology Centre - Emerald,,Security; Reserved Parking; Centralized AC; 24 hours water supply; CCTV,"https://www.google.com/maps?q=12.983176,77.693733",https://properties.cityinfoservices.com/bagmane-world-technology-centre-emerald-for-rent-in-doddanekkundi-bangalore/jsguqy2/prd,2026-09-21T05:59:44.331247+00:00,92
Sumadhura Z Hub,Whitefield,Sumadhura Capitol Towers Pvt. Ltd.,Office Space,,,,,,,,,Under Construction,Basement + Ground + 5 Floors,"~14,000",,Sumadhura Z Hub,,Security; Reserved Parking; Centralized AC; 24 hours water supply; CCTV,"https://www.google.com/maps?q=12.984572,77.733379",https://properties.cityinfoservices.com/sumadhura-z-hub-for-rent-in-whitefield-bangalore/ymcuijz/prd,2026-09-21T05:59:46.719811+00:00,93
Bagmane World Technology Centre - Emerald,Doddanekkundi,Bagmane Developers Pvt. Ltd.,Office Space,,,,,,,,,Ready to move,2 Basement + Ground + 7 Floors,"~57,246",,Bagmane World Technology Centre - Emerald,,Security; Reserved Parking; Centralized AC; 24 hours water supply; CCTV,"https://www.google.com/maps?q=12.983176,77.693733",https://properties.cityinfoservices.com/bagmane-world-technology-centre-emerald-for-rent-in-doddanekkundi-bangalore/uqlzewm/prd,2026-09-21T05:59:47.013075+00:00,92
OSBL Tech Park,KIADB Bangalore IT Park,,Industrial,,,,,,,,,Ready for fit outs,Ground + 3 Floors,"~25,000",,OSBL Tech Park,,,"https://www.google.com/maps?q=13.151604,77.710108",https://properties.cityinfoservices.com/osbl-tech-park-for-rent-in-kiadbbangaloreitpark-bangalore/7lsql6y/prd,2026-09-21T05:59:48.970600+00:00,91
Jayalakshmi Tech Park,KIADB Bangalore IT Park,Jayalakshmi Group,Office Space,,,,,,,,,Ready for fit outs,Ground + 6 Floors,"~50,000",,Jayalakshmi Tech Park,,,"https://www.google.com/maps?q=13.157585,77.712151",https://properties.cityinfoservices.com/jayalakshmi-tech-park-for-rent-in-kiadbbangaloreitpark-bangalore/8cdf7g3/prd,2026-09-21T05:59:49.230459+00:00,93
Enzyme - HSR 14,HSR Layout,Enzyme Office Spaces Pvt. Ltd. (Enzyme Tech Park),Business Center & Co-working Space,50,,,,,,,,Ready to Occupy,,,,Enzyme - HSR 14,,,"https://www.google.com/maps?q=12.915413,77.635613",https://properties.cityinfoservices.com/enzyme-hsr-14-for-rent-in-hsr-layout-bangalore/e9pnkhm/prd,2026-09-21T05:59:49.842695+00:00,92
OSBL Tech Park,KIADB Bangalore IT Park,,Industrial,,,,,,,,,Ready for fit outs,Ground + 3 Floors,"~25,000",,OSBL Tech Park,,,"https://www.google.com/maps?q=13.151604,77.710108",https://properties.cityinfoservices.com/osbl-tech-park-for-rent-in-kiadbbangaloreitpark-bangalore/962zs94/prd,2026-09-21T05:59:51.183627+00:00,91
OSBL Tech Park,KIADB Bangalore IT Park,,Industrial,,,,,,,,,Ready for fit outs,Ground + 3 Floors,"~25,000",,OSBL Tech Park,,,"https://www.google.com/maps?q=13.151604,77.710108",https://properties.cityinfoservices.com/osbl-tech-park-for-rent-in-kiadbbangaloreitpark-bangalore/kwhbadb/prd,2026-09-21T05:59:53.455559+00:00,91
IWF Campus - Tower A and B,Whitefield,Independent Developer,Office Space,,,,,,,,,Ready for fit outs,3 Basement + Ground + 11 Floors,"~25,526 to ~43,405",,IWF Campus - Tower A and B,,Security; Reserved Parking; Visitor Parking; Centralized AC; 24 hours water supply; CCTV,"https://www.google.com/maps?q=12.997344,77.6888879",https://properties.cityinfoservices.com/iwf-campus-tower-a-and-b-for-rent-in-whitefield-bangalore/ah6ywpo/prd,2026-09-21T05:59:55.911949+00:00,90
Century Downtown,Hebbal,Century Real Estate Holdings Pvt. Ltd.,Office Space,,,,,,,,,Under Construction,3 Basement + Ground + 12 Floors,"~45,000",,Century Downtown,,Security; Reserved Parking; Visitor Parking; Centralized AC; 24 hours water supply; CCTV,"https://www.google.com/maps?q=13.060862,77.590646",https://properties.cityinfoservices.com/century-downtown-for-rent-in-hebbal-bangalore/k8ixl5j/prd,2026-09-21T05:59:57.510699+00:00,90
Purva Business Park (Purva Aerocity) - Block D,Bellary Road,Puravankara Projects Ltd,Office Space,,,,,,,,,Ready for fit outs,2 Basement + Ground + 2 Podium + 10 Office Floors,"~38,000",,Purva Business Park (Purva Aerocity) - Block D,,Security; Reserved Parking; Visitor Parking; Centralized AC; 24 hours water supply; CCTV,"https://www.google.com/maps?q=13.166158,77.627308",https://properties.cityinfoservices.com/purva-business-park-purva-aerocity-block-d-for-rent-in-bellary-road-bangalore/avgghni/prd,2026-09-21T05:59:59.741629+00:00,90
Century Fortune Pai - Building 2,Electronic City,Century Real Estate Holdings Pvt. Ltd.,Office Space,,,,,,,,,Under Construction,2 Basement + Ground + 8 Floors,"~80,000",,Century Fortune Pai - Building 2,,Security; Reserved Parking; Visitor Parking; Centralized AC; 24 hours water supply; CCTV,"https://www.google.com/maps?q=12.846030,77.676498",https://properties.cityinfoservices.com/century-fortune-pai-building-2-for-rent-in-electronic-city-bangalore/zj2perp/prd,2026-09-21T06:00:02.266100+00:00,90
Purva Business Park (Purva Aerocity) - Block B,Bellary Road,Puravankara Projects Ltd,Office Space,,,,,,,,,Ready for fit outs,2 Basement + Ground + 3 Podium + 13 Office Floors,"~59,000",,Purva Business Park (Purva Aerocity) - Block B,,Security; Reserved Parking; Visitor Parking; Centralized AC; 24 hours water supply; CCTV,"https://www.google.com/maps?q=13.0345892,77.589219",https://properties.cityinfoservices.com/purva-business-park-purva-aerocity-block-b-for-rent-in-bellary-road-bangalore/66mbtnx/prd,2026-09-21T06:00:02.976095+00:00,90
Purva Business Park (Purva Aerocity) - Block C,Bellary Road,Puravankara Projects Ltd,Office Space,,,,,,,,,Ready for fit outs,2 Basement + Ground + 4 Podium + 12 Office Floors,"~64,000",,Purva Business Park (Purva Aerocity) - Block C,,Security; Reserved Parking; Visitor Parking; Centralized AC; 24 hours water supply; CCTV,"https://www.google.com/maps?q=13.166158,77.627308",https://properties.cityinfoservices.com/purva-business-park-purva-aerocity-block-c-for-rent-in-bellary-road-bangalore/lf5fac8/prd,2026-09-21T06:00:03.285875+00:00,90
Brookfield Ecoworld - Campus 5B,Bellandur,RMZ Corp Holdings Pvt. Ltd.,Office Space,,,,,,,,,Ready for fit outs,3 Basement + Ground + 10 Floors,"~60,000",,Brookfield Ecoworld - Campus 5B,,Security; Reserved Parking; Centralized AC; 24 hours water supply; CCTV,"https://www.google.com/maps?q=12.922074,77.683775",https://properties.cityinfoservices.com/brookfield-ecoworld-campus-5b-for-rent-in-bellandur-bangalore/3e8sldz/prd,2026-09-21T06:00:11.459499+00:00,89
The Executive Centre - Prestige Khoday Tower,Vasanth Nagar,The Executive Centre Limited,Business Center & Co-working Space,40,,,,,,,,Ready to Occupy,,,,The Executive Centre - Prestige Khoday Tower,,Security; Reserved Parking; Centralized AC; 24 hours water supply; CCTV,"https://www.google.com/maps?q=12.9825338,77.59396070000003",https://properties.cityinfoservices.com/the-executive-centre-prestige-khoday-tower-for-rent-in-vasanth-nagar-bangalore/ksp7w5v/prd,2026-09-21T06:00:16.820950+00:00,89
"TableSpace - 5 Business Bay, Bannerghatta Road",Bannerghatta Road,Tablespace Technologies Private Limited,Business Center & Co-working Space,500,,,,,,,,90 to 120 days from the date of signing agreement,,,,"TableSpace - 5 Business Bay, Bannerghatta Road",,Security; Reserved Parking; Visitor Parking; Centralized AC; 24 hours water supply; CCTV,"https://www.google.com/maps?q=12.9224568,77.6001283",https://properties.cityinfoservices.com/tablespace-5-business-bay-bannerghatta-road-for-rent-in-bannerghatta-main-road-bangalore/n7sn9tl/prd,2026-09-21T06:00:16.902612+00:00,88
Nomads - VBC,Indiranagar,Nomad Spaces,Business Center & Co-working Space,37,,,,,,,,Ready to Occupy,,,,Nomads - VBC,,Security; Reserved Parking; Centralized AC; 24 hours water supply; CCTV,"https://www.google.com/maps?q=12.9783692,77.6408356",https://properties.cityinfoservices.com/nomads-vbc-for-rent-in-indiranagar-bangalore/96m47ei/prd,2026-09-21T06:00:17.075271+00:00,88
Nomads - VBC,Indiranagar,Nomad Spaces,Business Center & Co-working Space,15,,,,,,,,Ready to Occupy,,,,Nomads - VBC,,Security; Reserved Parking; 24 hours water supply; CCTV,"https://www.google.com/maps?q=12.9783692,77.6408356",https://properties.cityinfoservices.com/nomads-vbc-for-rent-in-indiranagar-bangalore/m3cvd8i/prd,2026-09-21T06:00:17.212805+00:00,88
Obeya - Milan,HSR Layout,Obeya Business Center ( Obeya Underpinnings LLP ),Business Center & Co-working Space,170,,,,,,,,Ready to Occupy,,,,Obeya - Milan,,Security; Reserved Parking; 24 hours water supply; CCTV,"https://www.google.com/maps?q=12.9047285,77.6377418",https://properties.cityinfoservices.com/obeya-milan-for-rent-in-hsr-layout-bangalore/nbbbr3a/prd,2026-09-21T06:00:17.384639+00:00,89
Nomads - Skynet,Indiranagar,Nomad Spaces,Business Center & Co-working Space,60,,,,,,,,Ready to Occupy,,,,Nomads - Skynet,,Security; Reserved Parking; Centralized AC; 24 hours water supply; CCTV,"https://www.google.com/maps?q=12.9783692,77.6408356",https://properties.cityinfoservices.com/nomads-skynet-for-rent-in-indiranagar-bangalore/pvpc8fe/prd,2026-09-21T06:00:19.658367+00:00,88
Embassy Tech Square - Omega Block,Kadubeesanahalli,Embassy Property Developments Pvt. Ltd.,Office Space,,,,,,,,,Ready to move,Basement + Ground + 9 Floors,"~44,834",,Embassy Tech Square - Omega Block,,Security; Reserved Parking; Visitor Parking; Centralized AC; 24 hours water supply; CCTV,"https://www.google.com/maps?q=12.935090257304745,77.69382324036714",https://properties.cityinfoservices.com/embassy-tech-square-omega-block-for-rent-in-kadubeesanahalli-road-bangalore/3g494hn/prd,2026-09-21T06:00:21.723130+00:00,89
BuzzWorks - Brigade Towers,Brigade Road,Buzzworks Business Services Pvt. Ltd.,Business Center & Co-working Space,91,,,,,,,,Ready to Occupy,,,,BuzzWorks - Brigade Towers,,Security; Reserved Parking; Centralized AC; 24 hours water supply; CCTV,"https://www.google.com/maps?q=12.9672675,77.60614869999999",https://properties.cityinfoservices.com/buzzworks-brigade-towers-for-rent-in-brigade-road-bangalore/f8dyqg9/prd,2026-09-21T06:00:25.339126+00:00,87
Sattva Global City - Tower C / Tower 3,Mysore Road,Tanglin Developments Limited,Office Space,,,,,,,,,Ready to move,2 Basement + Ground + 8 Floors,"~42,000 to ~52,000",,Sattva Global City - Tower C / Tower 3,,Security; Reserved Parking; Centralized AC; 24 hours water supply; CCTV,"https://www.google.com/maps?q=12.920355603837546,77.5017052740967",https://properties.cityinfoservices.com/sattva-global-city-tower-c-tower-3-for-rent-in-mysore-road-bangalore/nwxolda/prd,2026-09-21T06:00:26.303019+00:00,87
Park Square Mall,Whitefield,CapitaLand Group,Office Space,,,,,,,,,Ready for fit outs,3 Basement + Ground + 4 Floors,"~83,000",,Park Square Mall,,Security; Reserved Parking; Visitor Parking; Centralized AC; 24 hours water supply; CCTV,"https://www.google.com/maps?q=12.9643518,77.7487055",https://properties.cityinfoservices.com/park-square-mall-for-rent-in-whitefield-bangalore/flacwst/prd,2026-09-21T06:00:28.378989+00:00,87
Park Square Mall,Whitefield,CapitaLand Group,Office Space,,,,,,,,,Ready for fit outs,3 Basement + Ground + 4 Floors,"~83,000",,Park Square Mall,,Security; Reserved Parking; Visitor Parking; Centralized AC; 24 hours water supply; CCTV,"https://www.google.com/maps?q=12.9643518,77.7487055",https://properties.cityinfoservices.com/park-square-mall-for-rent-in-whitefield-bangalore/kg54hug/prd,2026-09-21T06:00:28.874713+00:00,87
Sattva Global City - Tower C / Tower 3,Mysore Road,Tanglin Developments Limited,Office Space,,,,,,,,,Ready to move,2 Basement + Ground + 8 Floors,"~42,000 to ~52,000",,Sattva Global City - Tower C / Tower 3,,Security; Reserved Parking; Centralized AC; 24 hours water supply; CCTV,"https://www.google.com/maps?q=12.920355603837546,77.5017052740967",https://properties.cityinfoservices.com/sattva-global-city-tower-c-tower-3-for-rent-in-mysore-road-bangalore/whel686/prd,2026-09-21T06:00:29.196144+00:00,87
IndiQube - South Island,JP Nagar,IndiQube Spaces Limited,Business Center & Co-working Space,240,,,,,,,,Ready to Occupy,,,,IndiQube - South Island,,Security; Reserved Parking; Centralized AC; 24 hours water supply; CCTV,"https://www.google.com/maps?q=12.9063433,77.5856825",https://properties.cityinfoservices.com/indiqube-south-island-for-rent-in-jp-nagar-bangalore/gvigoqn/prd,2026-09-21T06:00:30.178905+00:00,87
Sattva Global City - Tower C / Tower 3,Mysore Road,Tanglin Developments Limited,Office Space,,,,,,,,,Ready to move,2 Basement + Ground + 8 Floors,"~42,000 to ~52,000",,Sattva Global City - Tower C / Tower 3,,Security; Reserved Parking; Centralized AC; 24 hours water supply; CCTV,"https://www.google.com/maps?q=12.920355603837546,77.5017052740967",https://properties.cityinfoservices.com/sattva-global-city-tower-c-tower-3-for-rent-in-mysore-road-bangalore/8etvvre/prd,2026-09-21T06:00:31.464701+00:00,86
Brookfield Centennial - Campus D,Whitefield,RMZ Corp Holdings Pvt. Ltd.,Office Space,,,,,,,,,Ready to move,Basement + Ground + 6 Floors,"~48,500",,Brookfield Centennial - Campus D,,Security; Reserved Parking; Visitor Parking; Centralized AC; 24 hours water supply; CCTV,"https://www.google.com/maps?q=12.9753617,77.7113476",https://properties.cityinfoservices.com/brookfield-centennial-campus-d-for-rent-in-whitefield-bangalore/9k5kmle/prd,2026-09-21T06:00:34.245958+00:00,87
IWF Campus - Tower A and B,Whitefield,Independent Developer,Office Space,,,,,,,,,Ready for fit outs,3 Basement + Ground + 11 Floors,"~25,526 to ~43,405",,IWF Campus - Tower A and B,,Security; Reserved Parking; Visitor Parking; Centralized AC; 24 hours water supply; CCTV,"https://www.google.com/maps?q=12.997344,77.6888879",https://properties.cityinfoservices.com/iwf-campus-tower-a-and-b-for-rent-in-whitefield-bangalore/e2r7qz2/prd,2026-09-21T06:00:36.168057+00:00,86
IWF Campus - Tower A and B,Whitefield,Independent Developer,Office Space,,,,,,,,,Ready for fit outs,3 Basement + Ground + 11 Floors,"~25,526 to ~43,405",,IWF Campus - Tower A and B,,Security; Reserved Parking; Visitor Parking; Centralized AC; 24 hours water supply; CCTV,"https://www.google.com/maps?q=12.997344,77.6888879",https://properties.cityinfoservices.com/iwf-campus-tower-a-and-b-for-rent-in-whitefield-bangalore/r44a3tp/prd,2026-09-21T06:00:36.942708+00:00,86
Prestige Tech Park 2 - Elnath Block,Kadubeesanahalli,Prestige Estates Projects Limited,Office Space,,,,,,,,,Ready to move,Basement + Ground + 9 Floors,"~81,224",,Prestige Tech Park 2 - Elnath Block,,Security; Reserved Parking; Visitor Parking; Centralized AC; 24 hours water supply; CCTV,"https://www.google.com/maps?q=12.941676556080592,77.69094383002471",https://properties.cityinfoservices.com/prestige-tech-park-2-elnath-block-for-rent-in-kadubeesanahalli-road-bangalore/95o9gvh/prd,2026-09-21T06:00:37.118020+00:00,86
Brookfield Ecoworld - Campus 4D,Bellandur,Brookfield Properties,Office Space,,,,,,,,,Ready for fit outs,3 Basement + Ground + 10 Floors,"~37,000 to ~68,000",,Brookfield Ecoworld - Campus 4D,,Security; Reserved Parking; Visitor Parking; Centralized AC; 24 hours water supply; CCTV,"https://www.google.com/maps?q=12.92655995491366,77.68808557724608",https://properties.cityinfoservices.com/brookfield-ecoworld-campus-4d-for-rent-in-bellandur-bangalore/i4pnxck/prd,2026-09-21T06:00:37.178742+00:00,86
IWF Campus - Tower A and B,Whitefield,Independent Developer,Office Space,,,,,,,,,Ready for fit outs,3 Basement + Ground + 11 Floors,"~25,526 to ~43,405",,IWF Campus - Tower A and B,,Security; Reserved Parking; Visitor Parking; Centralized AC; 24 hours water supply; CCTV,"https://www.google.com/maps?q=12.997344,77.6888879",https://properties.cityinfoservices.com/iwf-campus-tower-a-and-b-for-rent-in-whitefield-bangalore/yqckg7g/prd,2026-09-21T06:00:37.299114+00:00,86
IWF Campus - Tower A and B,Whitefield,Independent Developer,Office Space,,,,,,,,,Ready for fit outs,3 Basement + Ground + 11 Floors,"~25,526 to ~43,405",,IWF Campus - Tower A and B,,Security; Reserved Parking; Visitor Parking; Centralized AC; 24 hours water supply; CCTV,"https://www.google.com/maps?q=12.997344,77.6888879",https://properties.cityinfoservices.com/iwf-campus-tower-a-and-b-for-rent-in-whitefield-bangalore/bhcv2xl/prd,2026-09-21T06:00:38.913040+00:00,86
IWF Campus - Tower A and B,Whitefield,Independent Developer,Office Space,,,,,,,,,Ready for fit outs,3 Basement + Ground + 11 Floors,"~25,526 to ~43,405",,IWF Campus - Tower A and B,,Security; Reserved Parking; Visitor Parking; Centralized AC; 24 hours water supply; CCTV,"https://www.google.com/maps?q=12.997344,77.6888879",https://properties.cityinfoservices.com/iwf-campus-tower-a-and-b-for-rent-in-whitefield-bangalore/sy3aprc/prd,2026-09-21T06:00:39.463645+00:00,86
Kalyani Platina - Maple Block,Brookefield,Kalyani Developers Pvt. Ltd.,Office Space,,,,,,,,,Ready to move,Basement + Ground + 4 Floors,"~35,000 to ~70,000",,Kalyani Platina - Maple Block,,Security; Reserved Parking; Visitor Parking; Centralized AC; 24 hours water supply; CCTV,"https://www.google.com/maps?q=12.9704246,77.717477",https://properties.cityinfoservices.com/kalyani-platina-maple-block-for-rent-in-brookefield-bangalore/fgdvnu3/prd,2026-09-21T06:00:44.497836+00:00,85
Manyata Embassy Business Park - Elm Block (C4),Nagavara,Embassy Property Developments Pvt. Ltd.,Office Space,,,,,,,,,Ready for fit outs,Basement + Ground + 6 Floors,"~66,243",,Manyata Embassy Business Park - Elm Block (C4),,Security; Reserved Parking; Visitor Parking; Centralized AC; 24 hours water supply; CCTV,"https://www.google.com/maps?q=13.0449027,77.6215866",https://properties.cityinfoservices.com/manyata-embassy-business-park-elm-block-c4--for-rent-in-nagavara-bangalore/lkpazsd/prd,2026-09-21T06:00:45.197209+00:00,85
CapitaLand IT Park - Tower 1B,Hebbal,CapitaLand Services India Pvt. Ltd. (Ascendas-Singbridge Group),Office Space,,,,,,,,,Ready for fit outs,3 Basement + Ground + 16 Floors,"~47,000",,CapitaLand IT Park - Tower 1B,,Security; Reserved Parking; Visitor Parking; Centralized AC; 24 hours water supply; CCTV,"https://www.google.com/maps?q=13.063345,77.594977",https://properties.cityinfoservices.com/capitaland-it-park-tower-1b-for-rent-in-hebbal-bangalore/qsi8z2h/prd,2026-09-21T06:00:47.587764+00:00,85
B.Space - Bearys Global Research Triangle,Whitefield - Hoskote Road,B.Space Co-Working and Managed Office (Bearys Group),Business Center & Co-working Space,100,,,,,,,,Ready to Occupy,,,,B.Space - Bearys Global Research Triangle,,Security; Reserved Parking; Visitor Parking; Centralized AC; 24 hours water supply; CCTV,"https://www.google.com/maps?q=13.0392227,77.7586231",https://properties.cityinfoservices.com/b-space-bearys-global-research-triangle-for-rent-in-whitefield-hoskote-road-bangalore/tdsqd6m/prd,2026-09-21T06:00:47.799875+00:00,85
CapitaLand IT Park - Tower 1B,Hebbal,CapitaLand Services India Pvt. Ltd. (Ascendas-Singbridge Group),Office Space,,,,,,,,,Ready for fit outs,3 Basement + Ground + 16 Floors,"~47,000",,CapitaLand IT Park - Tower 1B,,Security; Reserved Parking; Visitor Parking; Centralized AC; 24 hours water supply; CCTV,"https://www.google.com/maps?q=13.063345,77.594977",https://properties.cityinfoservices.com/capitaland-it-park-tower-1b-for-rent-in-hebbal-bangalore/dbnl5hl/prd,2026-09-21T06:00:51.311577+00:00,85
CapitaLand IT Park - Tower 1B,Hebbal,CapitaLand Services India Pvt. Ltd. (Ascendas-Singbridge Group),Office Space,,,,,,,,,Ready for fit outs,3 Basement + Ground + 16 Floors,"~47,000",,CapitaLand IT Park - Tower 1B,,Security; Reserved Parking; Visitor Parking; Centralized AC; 24 hours water supply; CCTV,"https://www.google.com/maps?q=13.063345,77.594977",https://properties.cityinfoservices.com/capitaland-it-park-tower-1b-for-rent-in-hebbal-bangalore/f9mctz6/prd,2026-09-21T06:00:52.632115+00:00,84
CapitaLand IT Park - Tower 1B,Hebbal,CapitaLand Services India Pvt. Ltd. (Ascendas-Singbridge Group),Office Space,,,,,,,,,Ready for fit outs,3 Basement + Ground + 16 Floors,"~47,000",,CapitaLand IT Park - Tower 1B,,Security; Reserved Parking; Visitor Parking; Centralized AC; 24 hours water supply; CCTV,"https://www.google.com/maps?q=13.063345,77.594977",https://properties.cityinfoservices.com/capitaland-it-park-tower-1b-for-rent-in-hebbal-bangalore/ozg6i2x/prd,2026-09-21T06:00:53.171115+00:00,85
Kalyani Platina - Maple Block,Brookefield,Kalyani Developers Pvt. Ltd.,Office Space,,,,,,,,,Ready to move,Basement + Ground + 4 Floors,"~35,000 to ~70,000",,Kalyani Platina - Maple Block,,Security; Reserved Parking; Visitor Parking; Centralized AC; 24 hours water supply; CCTV,"https://www.google.com/maps?q=12.9704246,77.717477",https://properties.cityinfoservices.com/kalyani-platina-maple-block-for-rent-in-brookefield-bangalore/gt4j8m4/prd,2026-09-21T06:00:53.339446+00:00,85
Kalyani Platina - Maple Block,Brookefield,Kalyani Developers Pvt. Ltd.,Office Space,,,,,,,,,Ready to move,Basement + Ground + 4 Floors,"~35,000 to ~70,000",,Kalyani Platina - Maple Block,,Security; Reserved Parking; Visitor Parking; Centralized AC; 24 hours water supply; CCTV,"https://www.google.com/maps?q=12.9704246,77.717477",https://properties.cityinfoservices.com/kalyani-platina-maple-block-for-rent-in-brookefield-bangalore/abu3efj/prd,2026-09-21T06:00:56.026491+00:00,85
CapitaLand IT Park - Tower 1B,Hebbal,CapitaLand Services India Pvt. Ltd. (Ascendas-Singbridge Group),Office Space,,,,,,,,,Ready for fit outs,3 Basement + Ground + 16 Floors,"~47,000",,CapitaLand IT Park - Tower 1B,,Security; Reserved Parking; Visitor Parking; Centralized AC; 24 hours water supply; CCTV,"https://www.google.com/maps?q=13.063345,77.594977",https://properties.cityinfoservices.com/capitaland-it-park-tower-1b-for-rent-in-hebbal-bangalore/dz82wdb/prd,2026-09-21T06:00:56.096411+00:00,85
CapitaLand IT Park - Tower 1B,Hebbal,CapitaLand Services India Pvt. Ltd. (Ascendas-Singbridge Group),Office Space,,,,,,,,,Ready for fit outs,3 Basement + Ground + 16 Floors,"~47,000",,CapitaLand IT Park - Tower 1B,,Security; Reserved Parking; Visitor Parking; Centralized AC; 24 hours water supply; CCTV,"https://www.google.com/maps?q=13.063345,77.594977",https://properties.cityinfoservices.com/capitaland-it-park-tower-1b-for-rent-in-hebbal-bangalore/crhsrf9/prd,2026-09-21T06:00:56.719928+00:00,84
CapitaLand IT Park - Tower 1B,Hebbal,CapitaLand Services India Pvt. Ltd. (Ascendas-Singbridge Group),Office Space,,,,,,,,,Ready for fit outs,3 Basement + Ground + 16 Floors,"~47,000",,CapitaLand IT Park - Tower 1B,,Security; Reserved Parking; Visitor Parking; Centralized AC; 24 hours water supply; CCTV,"https://www.google.com/maps?q=13.063345,77.594977",https://properties.cityinfoservices.com/capitaland-it-park-tower-1b-for-rent-in-hebbal-bangalore/ao9g4sf/prd,2026-09-21T06:00:58.289253+00:00,84
CapitaLand IT Park - Tower 1B,Hebbal,CapitaLand Services India Pvt. Ltd. (Ascendas-Singbridge Group),Office Space,,,,,,,,,Ready for fit outs,3 Basement + Ground + 16 Floors,"~47,000",,CapitaLand IT Park - Tower 1B,,Security; Reserved Parking; Visitor Parking; Centralized AC; 24 hours water supply; CCTV,"https://www.google.com/maps?q=13.063345,77.594977",https://properties.cityinfoservices.com/capitaland-it-park-tower-1b-for-rent-in-hebbal-bangalore/pzq5rh5/prd,2026-09-21T06:01:00.507117+00:00,84
CapitaLand IT Park - Tower 1B,Hebbal,CapitaLand Services India Pvt. Ltd. (Ascendas-Singbridge Group),Office Space,,,,,,,,,Ready for fit outs,3 Basement + Ground + 16 Floors,"~47,000",,CapitaLand IT Park - Tower 1B,,Security; Reserved Parking; Visitor Parking; Centralized AC; 24 hours water supply; CCTV,"https://www.google.com/maps?q=13.063345,77.594977",https://properties.cityinfoservices.com/capitaland-it-park-tower-1b-for-rent-in-hebbal-bangalore/tt9oavx/prd,2026-09-21T06:01:00.680462+00:00,84
CapitaLand IT Park - Tower 1B,Hebbal,CapitaLand Services India Pvt. Ltd. (Ascendas-Singbridge Group),Office Space,,,,,,,,,Ready for fit outs,3 Basement + Ground + 16 Floors,"~47,000",,CapitaLand IT Park - Tower 1B,,Security; Reserved Parking; Visitor Parking; Centralized AC; 24 hours water supply; CCTV,"https://www.google.com/maps?q=13.063345,77.594977",https://properties.cityinfoservices.com/capitaland-it-park-tower-1b-for-rent-in-hebbal-bangalore/6xmiuqd/prd,2026-09-21T06:01:03.290537+00:00,84
CapitaLand IT Park - Tower 1B,Hebbal,CapitaLand Services India Pvt. Ltd. (Ascendas-Singbridge Group),Office Space,,,,,,,,,Ready for fit outs,3 Basement + Ground + 16 Floors,"~47,000",,CapitaLand IT Park - Tower 1B,,Security; Reserved Parking; Visitor Parking; Centralized AC; 24 hours water supply; CCTV,"https://www.google.com/maps?q=13.063345,77.594977",https://properties.cityinfoservices.com/capitaland-it-park-tower-1b-for-rent-in-hebbal-bangalore/a7qxvhn/prd,2026-09-21T06:01:04.038788+00:00,84
CapitaLand IT Park - Tower 1B,Hebbal,CapitaLand Services India Pvt. Ltd. (Ascendas-Singbridge Group),Office Space,,,,,,,,,Ready for fit outs,3 Basement + Ground + 16 Floors,"~47,000",,CapitaLand IT Park - Tower 1B,,Security; Reserved Parking; Visitor Parking; Centralized AC; 24 hours water supply; CCTV,"https://www.google.com/maps?q=13.063345,77.594977",https://properties.cityinfoservices.com/capitaland-it-park-tower-1b-for-rent-in-hebbal-bangalore/morvluq/prd,2026-09-21T06:01:04.340375+00:00,84
CapitaLand IT Park - Tower 1A,Hebbal,CapitaLand Services India Pvt. Ltd. (Ascendas-Singbridge Group),Office Space,,,,,,,,,Ready for fit outs,3 Basement + Ground + 16 Floors,"~58,000",,CapitaLand IT Park - Tower 1A,,Security; Reserved Parking; Visitor Parking; Centralized AC; 24 hours water supply; CCTV,"https://www.google.com/maps?q=13.063504,77.594278",https://properties.cityinfoservices.com/capitaland-it-park-tower-1a-for-rent-in-hebbal-bangalore/u4uifc3/prd,2026-09-21T06:01:07.141139+00:00,83
CapitaLand IT Park - Tower 1A,Hebbal,CapitaLand Services India Pvt. Ltd. (Ascendas-Singbridge Group),Office Space,,,,,,,,,Ready for fit outs,3 Basement + Ground + 16 Floors,"~58,000",,CapitaLand IT Park - Tower 1A,,Security; Reserved Parking; Visitor Parking; Centralized AC; 24 hours water supply; CCTV,"https://www.google.com/maps?q=13.063504,77.594278",https://properties.cityinfoservices.com/capitaland-it-park-tower-1a-for-rent-in-hebbal-bangalore/ofuvn2p/prd,2026-09-21T06:01:09.300120+00:00,83
CapitaLand IT Park - Tower 1A,Hebbal,CapitaLand Services India Pvt. Ltd. (Ascendas-Singbridge Group),Office Space,,,,,,,,,Ready for fit outs,3 Basement + Ground + 16 Floors,"~58,000",,CapitaLand IT Park - Tower 1A,,Security; Reserved Parking; Visitor Parking; Centralized AC; 24 hours water supply; CCTV,"https://www.google.com/maps?q=13.063504,77.594278",https://properties.cityinfoservices.com/capitaland-it-park-tower-1a-for-rent-in-hebbal-bangalore/bkbmbu4/prd,2026-09-21T06:01:09.531089+00:00,83
CapitaLand IT Park - Tower 1B,Hebbal,CapitaLand Services India Pvt. Ltd. (Ascendas-Singbridge Group),Office Space,,,,,,,,,Ready for fit outs,3 Basement + Ground + 16 Floors,"~47,000",,CapitaLand IT Park - Tower 1B,,Security; Reserved Parking; Visitor Parking; Centralized AC; 24 hours water supply; CCTV,"https://www.google.com/maps?q=13.063345,77.594977",https://properties.cityinfoservices.com/capitaland-it-park-tower-1b-for-rent-in-hebbal-bangalore/fr729sz/prd,2026-09-21T06:01:09.556291+00:00,84
CapitaLand IT Park - Tower 1A,Hebbal,CapitaLand Services India Pvt. Ltd. (Ascendas-Singbridge Group),Office Space,,,,,,,,,Ready for fit outs,3 Basement + Ground + 16 Floors,"~58,000",,CapitaLand IT Park - Tower 1A,,Security; Reserved Parking; Visitor Parking; Centralized AC; 24 hours water supply; CCTV,"https://www.google.com/maps?q=13.063504,77.594278",https://properties.cityinfoservices.com/capitaland-it-park-tower-1a-for-rent-in-hebbal-bangalore/6ipgtec/prd,2026-09-21T06:01:12.726977+00:00,83
CapitaLand IT Park - Tower 1A,Hebbal,CapitaLand Services India Pvt. Ltd. (Ascendas-Singbridge Group),Office Space,,,,,,,,,Ready for fit outs,3 Basement + Ground + 16 Floors,"~58,000",,CapitaLand IT Park - Tower 1A,,Security; Reserved Parking; Visitor Parking; Centralized AC; 24 hours water supply; CCTV,"https://www.google.com/maps?q=13.063504,77.594278",https://properties.cityinfoservices.com/capitaland-it-park-tower-1a-for-rent-in-hebbal-bangalore/alcywv5/prd,2026-09-21T06:01:12.756585+00:00,82
CapitaLand IT Park - Tower 1A,Hebbal,CapitaLand Services India Pvt. Ltd. (Ascendas-Singbridge Group),Office Space,,,,,,,,,Ready for fit outs,3 Basement + Ground + 16 Floors,"~58,000",,CapitaLand IT Park - Tower 1A,,Security; Reserved Parking; Visitor Parking; Centralized AC; 24 hours water supply; CCTV,"https://www.google.com/maps?q=13.063504,77.594278",https://properties.cityinfoservices.com/capitaland-it-park-tower-1a-for-rent-in-hebbal-bangalore/gnvjsf7/prd,2026-09-21T06:01:13.534733+00:00,83
CapitaLand IT Park - Tower 1A,Hebbal,CapitaLand Services India Pvt. Ltd. (Ascendas-Singbridge Group),Office Space,,,,,,,,,Ready for fit outs,3 Basement + Ground + 16 Floors,"~58,000",,CapitaLand IT Park - Tower 1A,,Security; Reserved Parking; Visitor Parking; Centralized AC; 24 hours water supply; CCTV,"https://www.google.com/maps?q=13.063504,77.594278",https://properties.cityinfoservices.com/capitaland-it-park-tower-1a-for-rent-in-hebbal-bangalore/hx89nz7/prd,2026-09-21T06:01:15.609393+00:00,83
Business Hut - Janardhan Towers,Residency Road,Business Hut Coworking,Business Center & Co-working Space,20,,,,,,,,Ready to Occupy,,,,Business Hut - Janardhan Towers,,Security; Reserved Parking; Centralized AC; 24 hours water supply; CCTV,"https://www.google.com/maps?q=12.966566,77.599160",https://properties.cityinfoservices.com/business-hut-janardhan-towers-for-rent-in-residency-road-bangalore/2hkq4uk/prd,2026-09-21T06:01:16.680118+00:00,82
CapitaLand IT Park - Tower 1A,Hebbal,CapitaLand Services India Pvt. Ltd. (Ascendas-Singbridge Group),Office Space,,,,,,,,,Ready for fit outs,3 Basement + Ground + 16 Floors,"~58,000",,CapitaLand IT Park - Tower 1A,,Security; Reserved Parking; Visitor Parking; Centralized AC; 24 hours water supply; CCTV,"https://www.google.com/maps?q=13.063504,77.594278",https://properties.cityinfoservices.com/capitaland-it-park-tower-1a-for-rent-in-hebbal-bangalore/j2nxepj/prd,2026-09-21T06:01:18.349162+00:00,82
IndiQube - Royal Arcade,Koramangala,IndiQube Spaces Limited,Business Center & Co-working Space,165,,,,,,,,Ready to Occupy from Oct 2026,,,,IndiQube - Royal Arcade,,Security; Reserved Parking; Centralized AC; 24 hours water supply; CCTV,"https://www.google.com/maps?q=12.935271,77.614785",https://properties.cityinfoservices.com/indiqube-royal-arcade-for-rent-in-koramangala-bangalore/23g4rq5/prd,2026-09-21T06:01:19.672179+00:00,81
IndiQube - Royal Arcade,Koramangala,IndiQube Spaces Limited,Business Center & Co-working Space,165,,,,,,,,Ready to Occupy from Oct 2026,,,,IndiQube - Royal Arcade,,Security; Reserved Parking; Centralized AC; 24 hours water supply; CCTV,"https://www.google.com/maps?q=12.935271,77.614785",https://properties.cityinfoservices.com/indiqube-royal-arcade-for-rent-in-koramangala-bangalore/rnc8tjw/prd,2026-09-21T06:01:19.832258+00:00,81
Capsule Works - St. Marks Road (Manandi Plaza),St Marks Road,Eine Milliard Infra & Technology Pvt Ltd. (Capsule.Works),Business Center & Co-working Space,100,,,,,,,,Ready to Occupy,,,,Capsule Works - St. Marks Road (Manandi Plaza),,Security; Reserved Parking; Centralized AC; 24 hours water supply; CCTV,"https://www.google.com/maps?q=12.9723125,77.6011502",https://properties.cityinfoservices.com/capsule-works-st-marks-road-manandi-plaza--for-rent-in-saint-marks-road-bangalore/3uix4yu/prd,2026-09-21T06:01:20.076180+00:00,82
Gopalan Global Axis - Block G,Whitefield,Gopalan Enterprises India Pvt. Ltd.,Office Space,,,,,,,,,Ready to move,Basement + Ground + 8 Floors,"~42,033",,Gopalan Global Axis - Block G,,Security; Reserved Parking; Centralized AC; 24 hours water supply; CCTV,"https://www.google.com/maps?q=12.982930421344479,77.72384080950928",https://properties.cityinfoservices.com/gopalan-global-axis-block-g-for-rent-in-whitefield-bangalore/g6kxbln/prd,2026-09-21T06:01:20.396997+00:00,82
DNR Uptown - Tower 2,Nagavara,DNR Corporation Pvt. Ltd.,Office Space,,,,,,,,,Under Construction,4 Basement + Ground + 19 Floors,"~55,000",,DNR Uptown - Tower 2,,Security; Reserved Parking; Visitor Parking; Centralized AC; 24 hours water supply; CCTV,"https://www.google.com/maps?q=13.046861,77.613611",https://properties.cityinfoservices.com/dnr-uptown-tower-2-for-rent-in-nagavara-bangalore/t8r7cce/prd,2026-09-21T06:01:23.134500+00:00,81
IndiQube - Royal Arcade,Koramangala,IndiQube Spaces Limited,Business Center & Co-working Space,165,,,,,,,,Ready to Occupy from Oct 2026,,,,IndiQube - Royal Arcade,,Security; Reserved Parking; Centralized AC; 24 hours water supply; CCTV,"https://www.google.com/maps?q=12.935271,77.614785",https://properties.cityinfoservices.com/indiqube-royal-arcade-for-rent-in-koramangala-bangalore/ewrhphp/prd,2026-09-21T06:01:23.152444+00:00,81
DNR Uptown - Tower 1,Nagavara,DNR Corporation Pvt. Ltd.,Office Space,,,,,,,,,Under Construction,4 Basement + Ground + 19 Floors,"~55,000",,DNR Uptown - Tower 1,,Security; Reserved Parking; Visitor Parking; Centralized AC; 24 hours water supply; CCTV,"https://www.google.com/maps?q=13.046864,77.613612",https://properties.cityinfoservices.com/dnr-uptown-tower-1-for-rent-in-nagavara-bangalore/jy5g3y4/prd,2026-09-21T06:01:23.402024+00:00,81
Hanto - Zenith Centre,Indiranagar,Hanto Workspace Technologies Private Limited,Business Center & Co-working Space,60,,,,,,,,60 to 75 days from the date of signing agreement,,,,Hanto - Zenith Centre,,Security; Reserved Parking; Centralized AC; 24 hours water supply; CCTV,"https://www.google.com/maps?q=12.9716076,77.6459169",https://properties.cityinfoservices.com/hanto-zenith-centre-for-rent-in-indiranagar-bangalore/p93s37x/prd,2026-09-21T06:01:27.535799+00:00,81
White Oaks 9P1,KIADB Hardware Park,,Industrial,,,,,,,,,Ready for fit outs,Ground + 3 Floors,"~9,750",,White Oaks 9P1,,,"https://www.google.com/maps?q=13.152551,77.707818",https://properties.cityinfoservices.com/white-oaks-9p1-for-rent-in-huvinayakanahalli-bangalore/nxln249/prd,2026-09-21T06:01:27.692846+00:00,81
Manyata Embassy Business Park - Elm Block (C4),Nagavara,Embassy Property Developments Pvt. Ltd.,Office Space,,,,,,,,,Ready for fit outs,Basement + Ground + 6 Floors,"~66,243",,Manyata Embassy Business Park - Elm Block (C4),,Security; Reserved Parking; Centralized AC; 24 hours water supply; CCTV,"https://www.google.com/maps?q=13.0449027,77.6215866",https://properties.cityinfoservices.com/manyata-embassy-business-park-elm-block-c4--for-rent-in-nagavara-bangalore/l8y72vb/prd,2026-09-21T06:01:27.848492+00:00,80
TableSpace - Zonasha Frontier,Mahadevapura,TableSpace Technologies Private Limited,Business Center & Co-working Space,300,,,,,,,,Ready to Occupy,,,,TableSpace - Zonasha Frontier,,Security; Reserved Parking; Visitor Parking; Centralized AC; 24 hours water supply; CCTV,"https://www.google.com/maps?q=12.981521,77.694845",https://properties.cityinfoservices.com/tablespace-zonasha-frontier-for-rent-in-mahadevapura-bangalore/hphs4gr/prd,2026-09-21T06:01:28.488284+00:00,81
Prestige Tech Park III - Vector Block,Marathahalli - Sarjapur Outer Ring Road,Prestige Estates Projects Limited,Office Space,,,,,,,,,Ready to move,Basement + Ground + 9 Floors,"~37,375",,Prestige Tech Park III - Vector Block,,Security; Reserved Parking; Visitor Parking; Centralized AC; 24 hours water supply; CCTV,"https://www.google.com/maps?q=12.940815171433105,77.68930103596803",https://properties.cityinfoservices.com/prestige-tech-park-iii-vector-block-for-rent-in-marathahalli-sarjapur-outer-ring-road-bangalore/rlwtwgh/prd,2026-09-21T06:01:28.521549+00:00,80
WeWork - 37 Cunningham,Cunningham Road,WeWork India Management Pvt. Ltd.,Business Center & Co-working Space,520,,,,,,,,Ready to Occupy,,,,WeWork - 37 Cunningham,,Security; Reserved Parking; Visitor Parking; Centralized AC; 24 hours water supply; CCTV,"https://www.google.com/maps?q=12.9876131,77.5935889",https://properties.cityinfoservices.com/wework-37-cunningham-for-rent-in-cunningham-road-bangalore/9qfds6q/prd,2026-09-21T06:01:33.345073+00:00,80
Keppel Commercial Tower,Yeshwanthpur,Keppel Land Limited,Office Space,,,,,,,,,Under Construction,4 Basement + Ground + 22 Floors,"~85,000",,Keppel Commercial Tower,,Security; Reserved Parking; Visitor Parking; Centralized AC; 24 hours water supply; CCTV,"https://www.google.com/maps?q=13.014657,77.554816",https://properties.cityinfoservices.com/keppel-commercial-tower-for-rent-in-yeshwanthpur-bangalore/lv4si9u/prd,2026-09-21T06:01:34.367601+00:00,80
IBC MOSS - Golden Enclave,HAL Old Airport Road,IBC Managed Office Space Services Private (IBC MOSS),Business Center & Co-working Space,150,,,,,,,,Ready to Occupy,,,,IBC MOSS - Golden Enclave,,Security; Reserved Parking; Visitor Parking; Centralized AC; 24 hours water supply; CCTV,"https://www.google.com/maps?q=12.959010,77.651837",https://properties.cityinfoservices.com/ibc-moss-golden-enclave-for-rent-in-hal-old-airport-road-bangalore/8f2u4am/prd,2026-09-21T06:01:34.628283+00:00,79
CoWrks - Ecospace - Campus 3B,Bellandur,CoWrks Coworking Spaces Pvt. Ltd.,Business Center & Co-working Space,135,,,,,,,,Ready to Occupy,,,,CoWrks - Ecospace - Campus 3B,,Security; Reserved Parking; Visitor Parking; Centralized AC; 24 hours water supply; CCTV,"https://www.google.com/maps?q=12.9304278,77.682006",https://properties.cityinfoservices.com/cowrks-ecospace-campus-3b-for-rent-in-bellandur-bangalore/94exeyi/prd,2026-09-21T06:01:35.388260+00:00,79
WeWork - Manyata Redwood,Nagavara,WeWork India Management Pvt Ltd,Business Center & Co-working Space,750,,,,,,,,Ready to Occupy,,,,WeWork - Manyata Redwood,,Security; Reserved Parking; Visitor Parking; Centralized AC; 24 hours water supply; CCTV,"https://www.google.com/maps?q=13.0321862,77.616324",https://properties.cityinfoservices.com/wework-manyata-redwood-for-rent-in-nagavara-bangalore/waxzlul/prd,2026-09-21T06:01:35.406141+00:00,80
Brookfield Ecospace - Campus 3B,Bellandur,RMZ Corp Holdings Pvt. Ltd.,Office Space,,,,,,,,,Ready for fit outs,Basement + Ground + 5 Floors,"~40,000",,Brookfield Ecospace - Campus 3B,,Security; Reserved Parking; Visitor Parking; Centralized AC; 24 hours water supply; CCTV,"https://www.google.com/maps?q=12.925016601820076,77.68195325291747",https://properties.cityinfoservices.com/brookfield-ecospace-campus-3b-for-rent-in-bellandur-bangalore/gs6ihur/prd,2026-09-21T06:01:35.433712+00:00,80
BizzHub Workspaces - Inspire (Koramangala),Koramangala,BizzHub Workspaces,Business Center & Co-working Space,50,,,,,,,,Ready to Occupy,,,,BizzHub Workspaces - Inspire (Koramangala),,Security; Reserved Parking; Centralized AC; 24 hours water supply; CCTV,"https://www.google.com/maps?q=12.936087,77.616398",https://properties.cityinfoservices.com/bizzhub-workspaces-inspire-koramangala--for-rent-in-koramangala-bangalore/n7jg9ob/prd,2026-09-21T06:01:35.618097+00:00,79
Manyata Embassy Business Park - Aspen Block (G4),Nagavara,Embassy Property Developments Pvt. Ltd.,Office Space,,,,,,,,,Ready for fit outs,2 Basement + Ground + 10 Floors,"~40,795",,Manyata Embassy Business Park - Aspen Block (G4),,Security; Reserved Parking; Visitor Parking; Centralized AC; 24 hours water supply; CCTV,"https://www.google.com/maps?q=13.0449027,77.6215866",https://properties.cityinfoservices.com/manyata-embassy-business-park-aspen-block-g4--for-rent-in-nagavara-bangalore/v7mjo9z/prd,2026-09-21T06:01:36.271831+00:00,79
Manyata Embassy Business Park - Aspen Block (G4),Nagavara,Embassy Property Developments Pvt. Ltd.,Office Space,,,,,,,,,Ready for fit outs,2 Basement + Ground + 10 Floors,"~40,795",,Manyata Embassy Business Park - Aspen Block (G4),,Security; Reserved Parking; Visitor Parking; Centralized AC; 24 hours water supply; CCTV,"https://www.google.com/maps?q=13.0449027,77.6215866",https://properties.cityinfoservices.com/manyata-embassy-business-park-aspen-block-g4--for-rent-in-nagavara-bangalore/6d5m8tc/prd,2026-09-21T06:01:38.399071+00:00,79
Prestige UB City - Concorde Block,Vittal Mallya Road,Prestige Estates Projects Limited,Office Space,,,,,,,,,Ready for fit outs,Basement + Ground + 19 Floors,"~13,003",,Prestige UB City - Concorde Block,,Security; Reserved Parking; Visitor Parking; Centralized AC; 24 hours water supply; CCTV,"https://www.google.com/maps?q=12.971821944957865,77.5958367640319",https://properties.cityinfoservices.com/prestige-ub-city-concorde-block-for-rent-in-vittal-mallya-road-bangalore/k9gcau8/prd,2026-09-21T06:01:41.582226+00:00,79
Prestige Alecto,Electronic City Phase I,Prestige Estates Projects Limited,Office Space,,,,,,,,,Ready for fit outs,Basement + Ground + 3 Floors,"~24,000",,Prestige Alecto,,Security; Reserved Parking; Visitor Parking; Centralized AC; 24 hours water supply; CCTV,"https://www.google.com/maps?q=12.845029957478866,77.66210923257981",https://properties.cityinfoservices.com/prestige-alecto-for-rent-in-electronic-city-phase-i-bangalore/x79usdw/prd,2026-09-21T06:01:41.890210+00:00,78
Sattva Symphony,Electronic City,Salarpuria Sattva Group,Office Space,,,,,,,,,Ready for fit outs,2 Basement + Ground + 5 Floors,"~29,000",,Sattva Symphony,,Security; Reserved Parking; Visitor Parking; Centralized AC; 24 hours water supply; CCTV,"https://www.google.com/maps?q=12.864483009371103,77.65686840370483",https://properties.cityinfoservices.com/sattva-symphony-for-rent-in-electronic-city-bangalore/73oqhah/prd,2026-09-21T06:01:44.402908+00:00,78
Bren Prominus,Sarjapur Main Road,Bren Corporation Pvt. Ltd.,Office Space,,,,,,,,,Under Construction,2 Basement + Ground + 9 Floors,~34000,,Bren Prominus,,Security; Reserved Parking; Visitor Parking; Centralized AC; 24 hours water supply; CCTV,"https://www.google.com/maps?q=12.9039839,77.7029845",https://properties.cityinfoservices.com/bren-prominus-for-rent-in-sarjapur-main-road-bangalore/vdnziul/prd,2026-09-21T06:01:47.579374+00:00,78
Gopalan Fortune City - Tower 2,Mahadevapura,Gopalan Enterprises India Pvt. Ltd.,Office Space,,,,,,,,,Ready for fit outs,2 Basement + Ground + 11 Floors,"~94,378",,Gopalan Fortune City - Tower 2,,Security; Reserved Parking; Visitor Parking; Centralized AC; 24 hours water supply; CCTV,"https://www.google.com/maps?q=12.984471,77.690692",https://properties.cityinfoservices.com/gopalan-fortune-city-tower-2-for-rent-in-mahadevapura-bangalore/5g7pckr/prd,2026-09-21T06:01:48.633746+00:00,78
Gopalan Fortune City - Tower 2,Mahadevapura,Gopalan Enterprises India Pvt. Ltd.,Office Space,,,,,,,,,Ready for fit outs,2 Basement + Ground + 11 Floors,"~94,378",,Gopalan Fortune City - Tower 2,,Security; Reserved Parking; Visitor Parking; Centralized AC; 24 hours water supply; CCTV,"https://www.google.com/maps?q=12.984471,77.690692",https://properties.cityinfoservices.com/gopalan-fortune-city-tower-2-for-rent-in-mahadevapura-bangalore/8qxl2gd/prd,2026-09-21T06:01:48.786687+00:00,78
DivyaSree NR Enclave - Block C,Whitefield,DivyaSree Infrastructure Projects Pvt. Ltd.,Office Space,,,,,,,,,Under Construction,3 Basement + Ground + 9 Floors,"~50,000",,DivyaSree NR Enclave - Block C,,Security; Reserved Parking; Visitor Parking; Centralized AC; 24 hours water supply; CCTV,"https://www.google.com/maps?q=12.9864406,77.73119780000002",https://properties.cityinfoservices.com/divyasree-nr-enclave-block-c-for-rent-in-whitefield-bangalore/agzr985/prd,2026-09-21T06:01:50.204213+00:00,78
Sattva Symphony,Electronic City,Salarpuria Sattva Group,Office Space,,,,,,,,,Ready for fit outs,2 Basement + Ground + 5 Floors,"~29,000",,Sattva Symphony,,Security; Reserved Parking; Visitor Parking; Centralized AC; 24 hours water supply; CCTV,"https://www.google.com/maps?q=12.864483009371103,77.65686840370483",https://properties.cityinfoservices.com/sattva-symphony-for-rent-in-electronic-city-bangalore/ofwd65n/prd,2026-09-21T06:01:50.815009+00:00,78
Gopalan Fortune City - Tower 2,Mahadevapura,Gopalan Enterprises India Pvt. Ltd.,Office Space,,,,,,,,,Ready for fit outs,2 Basement + Ground + 11 Floors,"~94,378",,Gopalan Fortune City - Tower 2,,Security; Reserved Parking; Visitor Parking; Centralized AC; 24 hours water supply; CCTV,"https://www.google.com/maps?q=12.984471,77.690692",https://properties.cityinfoservices.com/gopalan-fortune-city-tower-2-for-rent-in-mahadevapura-bangalore/7oax2qz/prd,2026-09-21T06:01:53.091563+00:00,78
DivyaSree NR Enclave - Block C,Whitefield,DivyaSree Infrastructure Projects Pvt. Ltd.,Office Space,,,,,,,,,Under Construction,3 Basement + Ground + 9 Floors,"~50,000",,DivyaSree NR Enclave - Block C,,Security; Reserved Parking; Visitor Parking; Centralized AC; 24 hours water supply; CCTV,"https://www.google.com/maps?q=12.9864406,77.73119780000002",https://properties.cityinfoservices.com/divyasree-nr-enclave-block-c-for-rent-in-whitefield-bangalore/a4y7k9p/prd,2026-09-21T06:01:53.120100+00:00,77
Embassy Tech Village - Zinnia - Block 8C,Devarabisanahalli,Embassy Property Developments Pvt. Ltd.,Office Space,,,,,,,,,Ready for fit outs,Basement + Ground + 10 Floors,"~30,000 to ~45,000",,Embassy Tech Village - Zinnia - Block 8C,,Security; Reserved Parking; Visitor Parking; Centralized AC; 24 hours water supply; CCTV,"https://www.google.com/maps?q=12.929448866372551,77.68866803464051",https://properties.cityinfoservices.com/embassy-tech-village-zinnia-block-8c-for-rent-in-devarabisanahalli-road-bangalore/yj7fbnu/prd,2026-09-21T06:01:57.527399+00:00,77
DivyaSree NR Enclave - Block C,Whitefield,DivyaSree Infrastructure Projects Pvt. Ltd.,Office Space,,,,,,,,,Under Construction,3 Basement + Ground + 9 Floors,"~50,000",,DivyaSree NR Enclave - Block C,,Security; Reserved Parking; Visitor Parking; Centralized AC; 24 hours water supply; CCTV,"https://www.google.com/maps?q=12.9864406,77.73119780000002",https://properties.cityinfoservices.com/divyasree-nr-enclave-block-c-for-rent-in-whitefield-bangalore/x9aghfs/prd,2026-09-21T06:01:58.947310+00:00,77
Salarpuria Softzone - Block C,Bellandur,Salarpuria Sattva Group,Office Space,,,,,,,,,Ready for fit outs,Basement + Ground + 4 Floors,"~25,400",,Salarpuria Softzone - Block C,,Security; Reserved Parking; Visitor Parking; Centralized AC; 24 hours water supply; CCTV,"https://www.google.com/maps?q=12.924163111570866,77.67123286918945",https://properties.cityinfoservices.com/salarpuria-softzone-block-c-for-rent-in-bellandur-bangalore/wv27tfm/prd,2026-09-21T06:02:02.231647+00:00,77
DivyaSree NR Enclave - Block C,Whitefield,DivyaSree Infrastructure Projects Pvt. Ltd.,Office Space,,,,,,,,,Under Construction,3 Basement + Ground + 9 Floors,"~50,000",,DivyaSree NR Enclave - Block C,,Security; Reserved Parking; Visitor Parking; Centralized AC; 24 hours water supply; CCTV,"https://www.google.com/maps?q=12.9864406,77.73119780000002",https://properties.cityinfoservices.com/divyasree-nr-enclave-block-c-for-rent-in-whitefield-bangalore/wmtygv2/prd,2026-09-21T06:02:03.726168+00:00,77
Smartworks - Global Technology Park - Tower C,Bellandur,Smartworks Coworking Spaces Pvt. Ltd.,Business Center & Co-working Space,350,,,,,,,,Ready to Occupy,,,,Smartworks - Global Technology Park - Tower C,,Security; Reserved Parking; Visitor Parking; Centralized AC; 24 hours water supply; CCTV,"https://www.google.com/maps?q=12.924684130035153,77.68321471534422",https://properties.cityinfoservices.com/smartworks-global-technology-park-tower-c-for-rent-in-bellandur-bangalore/mr8jk75/prd,2026-09-21T06:02:09.671664+00:00,76
DivyaSree NR Enclave - Block C,Whitefield,DivyaSree Infrastructure Projects Pvt. Ltd.,Office Space,,,,,,,,,Under Construction,3 Basement + Ground + 9 Floors,"~50,000",,DivyaSree NR Enclave - Block C,,Security; Reserved Parking; Visitor Parking; Centralized AC; 24 hours water supply; CCTV,"https://www.google.com/maps?q=12.9864406,77.73119780000002",https://properties.cityinfoservices.com/divyasree-nr-enclave-block-c-for-rent-in-whitefield-bangalore/dcwjc2l/prd,2026-09-21T06:02:10.495585+00:00,78
RMZ Millenia - Tower C,Halasuru (Ulsoor),RMZ Corp Holdings Pvt. Ltd.,Office Space,,,,,,,,,Ready for fit outs,Basement + Ground + 6 Floors,"~12,000",,RMZ Millenia - Tower C,,Security; Reserved Parking; Visitor Parking; Centralized AC; 24 hours water supply; CCTV,"https://www.google.com/maps?q=12.98289743860134,77.6245675788208",https://properties.cityinfoservices.com/rmz-millenia-tower-c-for-rent-in-halasuru-bangalore/rvdgq5y/prd,2026-09-21T06:02:10.770853+00:00,77
IndiQube - ETA,Doddanekkundi,Innovent Spaces Pvt. Ltd. (IndiQube),Business Center & Co-working Space,223,,,,,,,,Ready to Move In,,,,IndiQube - ETA,,Security; Reserved Parking; Visitor Parking; Centralized AC; 24 hours water supply; CCTV,"https://www.google.com/maps?q=12.96347,77.701936",https://properties.cityinfoservices.com/indiqube-eta-for-rent-in-doddanekkundi-bangalore/jvyk998/prd,2026-09-21T06:02:11.304279+00:00,76
Manyata Embassy Business Park - Aspen Block (G4),Nagavara,Embassy Property Developments Pvt. Ltd.,Office Space,,,,,,,,,Ready for fit outs,2 Basement + Ground + 10 Floors,"~40,795",,Manyata Embassy Business Park - Aspen Block (G4),,Security; Reserved Parking; Visitor Parking; Centralized AC; 24 hours water supply; CCTV,"https://www.google.com/maps?q=13.0449027,77.6215866",https://properties.cityinfoservices.com/manyata-embassy-business-park-aspen-block-g4--for-rent-in-nagavara-bangalore/vead6dk/prd,2026-09-21T06:02:11.893640+00:00,77
Manyata Embassy Business Park - Cypress (D4),Nagavara,Embassy Property Developments Pvt. Ltd.,Office Space,,,,,,,,,Ready to move,Ground + 10 Floors,"~50,000",,Manyata Embassy Business Park - Cypress (D4),,Security; Reserved Parking; Visitor Parking; Centralized AC; 24 hours water supply; CCTV,"https://www.google.com/maps?q=13.049850815364334,77.62033691778258",https://properties.cityinfoservices.com/manyata-embassy-business-park-cypress-d4--for-rent-in-nagavara-bangalore/kiv22em/prd,2026-09-21T06:02:12.195315+00:00,76
Manyata Embassy Business Park - Ebony Block (G2),Nagavara,Embassy Property Developments Pvt. Ltd.,Office Space,,,,,,,,,Ready for fit outs,2 Basement + Ground + 8 Floors,"~46,000",,Manyata Embassy Business Park - Ebony Block (G2),,Security; Reserved Parking; Visitor Parking; Centralized AC; 24 hours water supply; CCTV,"https://www.google.com/maps?q=13.047880652097591,77.62199988737181",https://properties.cityinfoservices.com/manyata-embassy-business-park-ebony-block-g2--for-rent-in-nagavara-bangalore/pb9m6g3/prd,2026-09-21T06:02:13.953956+00:00,77
Smartworks - Global Technology Park - Tower C,Bellandur,Smartworks Coworking Spaces Pvt. Ltd.,Business Center & Co-working Space,422,,,,,,,,90 days from the date of signing agreement,,,,Smartworks - Global Technology Park - Tower C,,Security; Reserved Parking; Visitor Parking; Centralized AC; 24 hours water supply; CCTV,"https://www.google.com/maps?q=12.924684130035153,77.68321471534422",https://properties.cityinfoservices.com/smartworks-global-technology-park-tower-c-for-rent-in-bellandur-bangalore/mc3wqw5/prd,2026-09-21T06:02:14.522393+00:00,76
Incubex - HSR7 Hub,HSR Layout,Incubex Business Consulting Services Pvt. Ltd.,Managed Office,,,,,,,,,Ready to move,,~2489,,Incubex HSR Layout (HSR7) Hub,,Security; Reserved Parking; Visitor Parking; Centralized AC; 24 hours water supply; CCTV,"https://www.google.com/maps?q=12.914194102251045,77.63542370433386",https://properties.cityinfoservices.com/incubex-hsr7-hub-for-rent-in-hsr-layout-bangalore/lj8k8a6/prd,2026-09-21T06:02:17.194603+00:00,76
RMZ Ecoworld - Campus 33,Bellandur,RMZ Corp Holdings Pvt. Ltd.,Office Space,,,,,,,,,Ready for fit outs,3 Basement + Ground + 11 Floors,"~60,000",,RMZ Ecoworld - Campus 33,,Security; Reserved Parking; Visitor Parking; Centralized AC; 24 hours water supply; CCTV,"https://www.google.com/maps?q=12.9274949,77.6809662",https://properties.cityinfoservices.com/rmz-ecoworld-campus-33-for-rent-in-bellandur-bangalore/ls5y6qp/prd,2026-09-21T06:02:19.533918+00:00,75
RMZ Ecoworld - Campus 33,Bellandur,RMZ Corp Holdings Pvt. Ltd.,Office Space,,,,,,,,,Ready for fit outs,3 Basement + Ground + 11 Floors,"~60,000",,RMZ Ecoworld - Campus 33,,Security; Reserved Parking; Visitor Parking; Centralized AC; 24 hours water supply; CCTV,"https://www.google.com/maps?q=12.9274949,77.6809662",https://properties.cityinfoservices.com/rmz-ecoworld-campus-33-for-rent-in-bellandur-bangalore/o9eckhm/prd,2026-09-21T06:02:19.861422+00:00,75
ClayWorks - Museum Inn,Museum Road,ClayWorks Spaces Technologies Pvt. Ltd.,Business Center & Co-working Space,200,,,,,,,,Ready to Occupy,,,,ClayWorks - Museum Inn,,Security; Reserved Parking; Visitor Parking; Centralized AC; 24 hours water supply; CCTV,"https://www.google.com/maps?q=12.9747647,77.602817",https://properties.cityinfoservices.com/clayworks-museum-inn-for-rent-in-museum-road-bangalore/hanlrzf/prd,2026-09-21T06:02:21.810071+00:00,75
RMZ Ecoworld - Campus 33,Bellandur,RMZ Corp Holdings Pvt. Ltd.,Office Space,,,,,,,,,Under Construction,3 Basement + Ground + 11 Floors,"~60,000",,RMZ Ecoworld - Campus 33,,Security; Reserved Parking; Visitor Parking; Centralized AC; 24 hours water supply; CCTV,"https://www.google.com/maps?q=12.9274949,77.6809662",https://properties.cityinfoservices.com/rmz-ecoworld-campus-33-for-rent-in-bellandur-bangalore/vhh2fhh/prd,2026-09-21T06:02:24.724846+00:00,76
Enzyme - ATP,Whitefield,Enzyme Office Spaces Pvt. Ltd. (Enzyme Tech Park),Business Center & Co-working Space,200,,,,,,,,60 days from the date of signing agreement,,,,Enzyme - ATP,,Security; Reserved Parking; 24 hours water supply; CCTV,"https://www.google.com/maps?q=12.97619711495243,77.72641320185159",https://properties.cityinfoservices.com/enzyme-atp-for-rent-in-whitefield-bangalore/5ut7qax/prd,2026-09-21T06:02:27.740959+00:00,75
The Executive Centre - Helios Business Park - Block C,Kadubeesanahalli,The Executive Centre Limited,Business Center & Co-working Space,8,,,,,,,,Ready to Occupy,,,,The Executive Centre - Helios Business Park - Block C,,Security; Reserved Parking; Visitor Parking; Centralized AC; 24 hours water supply; CCTV,"https://www.google.com/maps?q=12.937300239707524,77.68905221108398",https://properties.cityinfoservices.com/the-executive-centre-helios-business-park-block-c-for-rent-in-kadubeesanahalli-road-bangalore/dw7gpqz/prd,2026-09-21T06:02:27.814822+00:00,75
The Executive Centre - Kaman Amaryllis,Intermediate Ring Road - Inner Ring Road,The Executive Centre Limited,Business Center & Co-working Space,180,,,,,,,,Ready to Occupy,,,,The Executive Centre - Kaman Amaryllis,,Security; Reserved Parking; Visitor Parking; Centralized AC; 24 hours water supply; CCTV,"https://www.google.com/maps?q=12.954210599417234,77.64233119160995",https://properties.cityinfoservices.com/the-executive-centre-kaman-amaryllis-for-rent-in-intermediate-ring-road-bangalore/my5qzcm/prd,2026-09-21T06:02:27.952126+00:00,75
Shahi Business Park - South Tower 4,Sarjapur Main Road,Shahi Exports,Office Space,,,,,,,,,Under Construction,4 basement + Ground + 9 Floors,"~33,000",,"Shahi Business Park – South Tower 4 is a large-scale commercial development by Shahi Exports Pvt. Ltd. , strategically located on Sarjapur Main Road, Bellandur, Bengaluru . The project is positioned in one of Bengaluru’s prominent commercial corridors, offering excellent connectivity to major business hubs and established residential catchments. Spread across approximately 6,00,000 sq. ft. of total built-up area , the development is planned as a 3 Basement + Ground + 10 Floors structure, offering substantial commercial space designed to cater to the requirements of modern businesses. The project is targeted for completion by September 2027 and is planned with a strong focus on sustainability and environmentally responsible development, with IGBC LEED Platinum certification specified for the project.",,Security; Reserved Parking; Visitor Parking; Centralized AC; 24 hours water supply; CCTV,"https://www.google.com/maps?q=12.921205,77.673367",https://properties.cityinfoservices.com/shahi-business-park-south-tower-4-for-rent-in-sarjapur-main-road-bangalore/wsw75qs/prd,2026-09-21T06:02:30.834306+00:00,74
Shahi Business Park - South Tower 4,Sarjapur Main Road,Shahi Exports,Office Space,,,,,,,,,Under Construction,4 basement + Ground + 9 Floors,"~33,000",,"Shahi Business Park – South Tower 4 is a large-scale commercial development by Shahi Exports Pvt. Ltd. , strategically located on Sarjapur Main Road, Bellandur, Bengaluru . The project is positioned in one of Bengaluru’s prominent commercial corridors, offering excellent connectivity to major business hubs and established residential catchments. Spread across approximately 6,00,000 sq. ft. of total built-up area , the development is planned as a 3 Basement + Ground + 10 Floors structure, offering substantial commercial space designed to cater to the requirements of modern businesses. The project is targeted for completion by September 2027 and is planned with a strong focus on sustainability and environmentally responsible development, with IGBC LEED Platinum certification specified for the project.",,Security; Reserved Parking; Visitor Parking; Centralized AC; 24 hours water supply; CCTV,"https://www.google.com/maps?q=12.921205,77.673367",https://properties.cityinfoservices.com/shahi-business-park-south-tower-4-for-rent-in-sarjapur-main-road-bangalore/7pv2f7d/prd,2026-09-21T06:02:34.768394+00:00,74
Shahi Business Park - West Tower 3,Sarjapur Main Road,Shahi Exports,Office Space,,,,,,,,,Under Construction,3 Basement + Ground + 10 Floors,"~61,000",,Shahi Business Park - West Tower 3,,Security; Reserved Parking; Visitor Parking; Centralized AC; 24 hours water supply; CCTV,"https://www.google.com/maps?q=12.921205,77.673367",https://properties.cityinfoservices.com/shahi-business-park-west-tower-3-for-rent-in-sarjapur-main-road-bangalore/vpkhdbo/prd,2026-09-21T06:02:37.410089+00:00,73
Shahi Business Park - West Tower 3,Sarjapur Main Road,Shahi Exports,Office Space,,,,,,,,,Under Construction,3 Basement + Ground + 10 Floors,"~61,000",,Shahi Business Park - West Tower 3,,Security; Reserved Parking; Visitor Parking; Centralized AC; 24 hours water supply; CCTV,"https://www.google.com/maps?q=12.921205,77.673367",https://properties.cityinfoservices.com/shahi-business-park-west-tower-3-for-rent-in-sarjapur-main-road-bangalore/drpwi2g/prd,2026-09-21T06:02:37.426711+00:00,73
The Executive Centre - Safina Towers,Vasanth Nagar,The Executive Centre Limited,Business Center & Co-working Space,70,,,,,,,,Ready to Occupy,,,,The Executive Centre - Safina Towers,,Security; Reserved Parking; Visitor Parking; Centralized AC; 24 hours water supply; CCTV,"https://www.google.com/maps?q=12.9868496,77.59106609999999",https://properties.cityinfoservices.com/the-executive-centre-safina-towers-for-rent-in-vasanth-nagar-bangalore/ne9sbst/prd,2026-09-21T06:02:37.744733+00:00,75
Shahi Business Park - South Tower 4,Sarjapur Main Road,Shahi Exports,Office Space,,,,,,,,,Under Construction,4 basement + Ground + 9 Floors,"~33,000",,"Shahi Business Park – South Tower 4 is a large-scale commercial development by Shahi Exports Pvt. Ltd. , strategically located on Sarjapur Main Road, Bellandur, Bengaluru . The project is positioned in one of Bengaluru’s prominent commercial corridors, offering excellent connectivity to major business hubs and established residential catchments. Spread across approximately 6,00,000 sq. ft. of total built-up area , the development is planned as a 3 Basement + Ground + 10 Floors structure, offering substantial commercial space designed to cater to the requirements of modern businesses. The project is targeted for completion by September 2027 and is planned with a strong focus on sustainability and environmentally responsible development, with IGBC LEED Platinum certification specified for the project.",,Security; Reserved Parking; Visitor Parking; Centralized AC; 24 hours water supply; CCTV,"https://www.google.com/maps?q=12.921205,77.673367",https://properties.cityinfoservices.com/shahi-business-park-south-tower-4-for-rent-in-sarjapur-main-road-bangalore/uh5x6u8/prd,2026-09-21T06:02:37.845342+00:00,74
Shahi Business Park - South Tower 4,Sarjapur Main Road,Shahi Exports,Office Space,,,,,,,,,Under Construction,4 basement + Ground + 9 Floors,"~33,000",,"Shahi Business Park – South Tower 4 is a large-scale commercial development by Shahi Exports Pvt. Ltd. , strategically located on Sarjapur Main Road, Bellandur, Bengaluru . The project is positioned in one of Bengaluru’s prominent commercial corridors, offering excellent connectivity to major business hubs and established residential catchments. Spread across approximately 6,00,000 sq. ft. of total built-up area , the development is planned as a 3 Basement + Ground + 10 Floors structure, offering substantial commercial space designed to cater to the requirements of modern businesses. The project is targeted for completion by September 2027 and is planned with a strong focus on sustainability and environmentally responsible development, with IGBC LEED Platinum certification specified for the project.",,Security; Reserved Parking; Visitor Parking; Centralized AC; 24 hours water supply; CCTV,"https://www.google.com/maps?q=12.921205,77.673367",https://properties.cityinfoservices.com/shahi-business-park-south-tower-4-for-rent-in-sarjapur-main-road-bangalore/ylxeckv/prd,2026-09-21T06:02:41.116454+00:00,74
Shahi Business Park - West Tower 3,Sarjapur Main Road,Shahi Exports,Office Space,,,,,,,,,Under Construction,3 Basement + Ground + 10 Floors,"~61,000",,"Shahi Business Park - West Tower 3 is a large-scale commercial development by Shahi Exports Pvt. Ltd. , strategically located on Sarjapur Main Road, Bellandur, Bengaluru . The project is positioned in one of Bengaluru’s prominent commercial corridors, offering excellent connectivity to major business hubs and established residential catchments. Spread across approximately 6,00,000 sq. ft. of total built-up area , the development is planned as a 3 Basement + Ground + 10 Floors structure, offering substantial commercial space designed to cater to the requirements of modern businesses. The project is targeted for completion by September 2027 and is planned with a strong focus on sustainability and environmentally responsible development, with IGBC LEED Platinum certification specified for the project.",,Security; Reserved Parking; Visitor Parking; Centralized AC; 24 hours water supply; CCTV,"https://www.google.com/maps?q=12.921205,77.673367",https://properties.cityinfoservices.com/shahi-business-park-west-tower-3-for-rent-in-sarjapur-main-road-bangalore/3tsd48b/prd,2026-09-21T06:02:46.150246+00:00,73
Shahi Business Park - South Tower 4,Sarjapur Main Road,Shahi Exports,Office Space,,,,,,,,,Under Construction,4 basement + Ground + 9 Floors,"~33,000",,"Shahi Business Park – South Tower 4 is a large-scale commercial development by Shahi Exports Pvt. Ltd. , strategically located on Sarjapur Main Road, Bellandur, Bengaluru . The project is positioned in one of Bengaluru’s prominent commercial corridors, offering excellent connectivity to major business hubs and established residential catchments. Spread across approximately 6,00,000 sq. ft. of total built-up area , the development is planned as a 3 Basement + Ground + 10 Floors structure, offering substantial commercial space designed to cater to the requirements of modern businesses. The project is targeted for completion by September 2027 and is planned with a strong focus on sustainability and environmentally responsible development, with IGBC LEED Platinum certification specified for the project.",,Security; Reserved Parking; Visitor Parking; Centralized AC; 24 hours water supply; CCTV,"https://www.google.com/maps?q=12.921205,77.673367",https://properties.cityinfoservices.com/shahi-business-park-south-tower-4-for-rent-in-sarjapur-main-road-bangalore/7vmi2g3/prd,2026-09-21T06:02:47.904270+00:00,74
Shahi Business Park - West Tower 3,Sarjapur Main Road,Shahi Exports,Office Space,,,,,,,,,Under Construction,3 Basement + Ground + 10 Floors,"~61,000",,"Shahi Business Park - West Tower 3 is a large-scale commercial development by Shahi Exports Pvt. Ltd. , strategically located on Sarjapur Main Road, Bellandur, Bengaluru . The project is positioned in one of Bengaluru’s prominent commercial corridors, offering excellent connectivity to major business hubs and established residential catchments. Spread across approximately 6,00,000 sq. ft. of total built-up area , the development is planned as a 3 Basement + Ground + 10 Floors structure, offering substantial commercial space designed to cater to the requirements of modern businesses. The project is targeted for completion by September 2027 and is planned with a strong focus on sustainability and environmentally responsible development, with IGBC LEED Platinum certification specified for the project.",,Security; Reserved Parking; Visitor Parking; Centralized AC; 24 hours water supply; CCTV,"https://www.google.com/maps?q=12.921205,77.673367",https://properties.cityinfoservices.com/shahi-business-park-west-tower-3-for-rent-in-sarjapur-main-road-bangalore/syogg6v/prd,2026-09-21T06:02:48.142043+00:00,73
Shahi Business Park - East Tower 2,Sarjapur Main Road,Shahi Export,Office Space,,,,,,,,,Under Construction,3 Basement + Ground + 10 Floors,"~57,000",,"Shahi Business Park - East Tower 2 is a large-scale commercial development by Shahi Exports Pvt. Ltd. , strategically located on Sarjapur Main Road, Bellandur, Bengaluru . The project is positioned in one of Bengaluru’s prominent commercial corridors, offering excellent connectivity to major business hubs and established residential catchments. Spread across approximately 6,00,000 sq. ft. of total built-up area , the development is planned as a 3 Basement + Ground + 10 Floors structure, offering substantial commercial space designed to cater to the requirements of modern businesses. The project is targeted for completion by September 2027 and is planned with a strong focus on sustainability and environmentally responsible development, with IGBC LEED Platinum certification specified for the project.",,Security; Reserved Parking; Visitor Parking; Centralized AC; 24 hours water supply; CCTV,"https://www.google.com/maps?q=12.920777,77.673306",https://properties.cityinfoservices.com/shahi-business-park-east-tower-2-for-rent-in-sarjapur-main-road-bangalore/gqh7ihh/prd,2026-09-21T06:02:48.714856+00:00,71
Shahi Business Park - East Tower 2,Sarjapur Main Road,Shahi Export,Office Space,,,,,,,,,Under Construction,3 Basement + Ground + 10 Floors,"~57,000",,"Shahi Business Park - East Tower 2 is a large-scale commercial development by Shahi Exports Pvt. Ltd. , strategically located on Sarjapur Main Road, Bellandur, Bengaluru . The project is positioned in one of Bengaluru’s prominent commercial corridors, offering excellent connectivity to major business hubs and established residential catchments. Spread across approximately 6,00,000 sq. ft. of total built-up area , the development is planned as a 3 Basement + Ground + 10 Floors structure, offering substantial commercial space designed to cater to the requirements of modern businesses. The project is targeted for completion by September 2027 and is planned with a strong focus on sustainability and environmentally responsible development, with IGBC LEED Platinum certification specified for the project.",,Security; Reserved Parking; Visitor Parking; Centralized AC; 24 hours water supply; CCTV,"https://www.google.com/maps?q=12.920777,77.673306",https://properties.cityinfoservices.com/shahi-business-park-east-tower-2-for-rent-in-sarjapur-main-road-bangalore/qprjpw8/prd,2026-09-21T06:02:48.938640+00:00,72
Shahi Business Park - East Tower 2,Sarjapur Main Road,Shahi Export,Office Space,,,,,,,,,Under Construction,3 Basement + Ground + 10 Floors,"~57,000",,"Shahi Business Park - East Tower 2 is a large-scale commercial development by Shahi Exports Pvt. Ltd. , strategically located on Sarjapur Main Road, Bellandur, Bengaluru . The project is positioned in one of Bengaluru’s prominent commercial corridors, offering excellent connectivity to major business hubs and established residential catchments. Spread across approximately 6,00,000 sq. ft. of total built-up area , the development is planned as a 3 Basement + Ground + 10 Floors structure, offering substantial commercial space designed to cater to the requirements of modern businesses. The project is targeted for completion by September 2027 and is planned with a strong focus on sustainability and environmentally responsible development, with IGBC LEED Platinum certification specified for the project.",,Security; Reserved Parking; Visitor Parking; Centralized AC; 24 hours water supply; CCTV,"https://www.google.com/maps?q=12.920777,77.673306",https://properties.cityinfoservices.com/shahi-business-park-east-tower-2-for-rent-in-sarjapur-main-road-bangalore/8y9fppa/prd,2026-09-21T06:02:49.255121+00:00,72
Shahi Business Park - East Tower 2,Sarjapur Main Road,Shahi Export,Office Space,,,,,,,,,Under Construction,3 Basement + Ground + 10 Floors,"~57,000",,"Shahi Business Park - East Tower 2 is a large-scale commercial development by Shahi Exports Pvt. Ltd. , strategically located on Sarjapur Main Road, Bellandur, Bengaluru . The project is positioned in one of Bengaluru’s prominent commercial corridors, offering excellent connectivity to major business hubs and established residential catchments. Spread across approximately 6,00,000 sq. ft. of total built-up area , the development is planned as a 3 Basement + Ground + 10 Floors structure, offering substantial commercial space designed to cater to the requirements of modern businesses. The project is targeted for completion by September 2027 and is planned with a strong focus on sustainability and environmentally responsible development, with IGBC LEED Platinum certification specified for the project.",,Security; Reserved Parking; Visitor Parking; Centralized AC; 24 hours water supply; CCTV,"https://www.google.com/maps?q=12.920777,77.673306",https://properties.cityinfoservices.com/shahi-business-park-east-tower-2-for-rent-in-sarjapur-main-road-bangalore/2cgnu2a/prd,2026-09-21T06:02:49.532881+00:00,72
Shahi Business Park - East Tower 2,Sarjapur Main Road,Shahi Export,Office Space,,,,,,,,,Under Construction,3 Basement + Ground + 10 Floors,"~57,000",,"Shahi Business Park - East Tower 2 is a large-scale commercial development by Shahi Exports Pvt. Ltd. , strategically located on Sarjapur Main Road, Bellandur, Bengaluru . The project is positioned in one of Bengaluru’s prominent commercial corridors, offering excellent connectivity to major business hubs and established residential catchments. Spread across approximately 6,00,000 sq. ft. of total built-up area , the development is planned as a 3 Basement + Ground + 10 Floors structure, offering substantial commercial space designed to cater to the requirements of modern businesses. The project is targeted for completion by September 2027 and is planned with a strong focus on sustainability and environmentally responsible development, with IGBC LEED Platinum certification specified for the project.",,Security; Reserved Parking; Visitor Parking; Centralized AC; 24 hours water supply; CCTV,"https://www.google.com/maps?q=12.920777,77.673306",https://properties.cityinfoservices.com/shahi-business-park-east-tower-2-for-rent-in-sarjapur-main-road-bangalore/vrh3b5p/prd,2026-09-21T06:02:51.761543+00:00,71
Solitaire,Intermediate Ring Road - Inner Ring Road,Independent Developer,Office Space,,,,,,,,,Ready to move,Basement + Ground + 3 Floors,"~18,200",,"Solitaire is an independent building strategically located on Intermediate Ring Road (Domlur). It encompasses a total built-up area of ~74,400 sq.ft. with each floor measuring ~18,200 sq.ft. This 4-storey tower is suitable for companies of different size. It is currently occupied by KPMG India, Huawei Technologies, Saggezza India, Kongsberg Digital Software & Services and SBM Nauvata.",,Security; Reserved Parking; 24 hours water supply; CCTV,"https://www.google.com/maps?q=12.9539901,77.6418262",https://properties.cityinfoservices.com/solitaire-for-rent-in-intermediate-ring-road-bangalore/ps42eg6/prd,2026-09-21T06:02:54.307618+00:00,71
Shahi Business Park - North Tower 1,Sarjapur Main Road,Shahi Exports,Office Space,,,,,,,,,Under Construction,3 Basement + Ground + 10 Floors,"~68,000",,"Shahi Business Park - North Tower 1 is a large-scale commercial development by Shahi Exports Pvt. Ltd. , strategically located on Sarjapur Main Road, Bellandur, Bengaluru . The project is positioned in one of Bengaluru’s prominent commercial corridors, offering excellent connectivity to major business hubs and established residential catchments. Spread across approximately 6,00,000 sq. ft. of total built-up area , the development is planned as a 3 Basement + Ground + 10 Floors structure, offering substantial commercial space designed to cater to the requirements of modern businesses. The project is targeted for completion by September 2027 and is planned with a strong focus on sustainability and environmentally responsible development, with IGBC LEED Platinum certification specified for the project.",,Security; Reserved Parking; Visitor Parking; Centralized AC; 24 hours water supply; CCTV,"https://www.google.com/maps?q=12.921205,77.673367",https://properties.cityinfoservices.com/shahi-business-park-north-tower-1-for-rent-in-sarjapur-main-road-bangalore/4h2vlua/prd,2026-09-21T06:02:58.474862+00:00,70
Shahi Business Park - North Tower 1,Sarjapur Main Road,Shahi Exports,Office Space,,,,,,,,,Under Construction,3 Basement + Ground + 10 Floors,"~68,000",,"Shahi Business Park - North Tower 1 is a large-scale commercial development by Shahi Exports Pvt. Ltd. , strategically located on Sarjapur Main Road, Bellandur, Bengaluru . The project is positioned in one of Bengaluru’s prominent commercial corridors, offering excellent connectivity to major business hubs and established residential catchments. Spread across approximately 6,00,000 sq. ft. of total built-up area , the development is planned as a 3 Basement + Ground + 10 Floors structure, offering substantial commercial space designed to cater to the requirements of modern businesses. The project is targeted for completion by September 2027 and is planned with a strong focus on sustainability and environmentally responsible development, with IGBC LEED Platinum certification specified for the project.",,Security; Reserved Parking; Visitor Parking; Centralized AC; 24 hours water supply; CCTV,"https://www.google.com/maps?q=12.921205,77.673367",https://properties.cityinfoservices.com/shahi-business-park-north-tower-1-for-rent-in-sarjapur-main-road-bangalore/r2rda4d/prd,2026-09-21T06:02:59.144818+00:00,71
Shahi Business Park - North Tower 1,Sarjapur Main Road,Shahi Exports,Office Space,,,,,,,,,Under Construction,3 Basement + Ground + 10 Floors,"~68,000",,"Shahi Business Park - North Tower 1 is a large-scale commercial development by Shahi Exports Pvt. Ltd. , strategically located on Sarjapur Main Road, Bellandur, Bengaluru . The project is positioned in one of Bengaluru’s prominent commercial corridors, offering excellent connectivity to major business hubs and established residential catchments. Spread across approximately 6,00,000 sq. ft. of total built-up area , the development is planned as a 3 Basement + Ground + 10 Floors structure, offering substantial commercial space designed to cater to the requirements of modern businesses. The project is targeted for completion by September 2027 and is planned with a strong focus on sustainability and environmentally responsible development, with IGBC LEED Platinum certification specified for the project.",,Security; Reserved Parking; Visitor Parking; Centralized AC; 24 hours water supply; CCTV,"https://www.google.com/maps?q=12.921205,77.673367",https://properties.cityinfoservices.com/shahi-business-park-north-tower-1-for-rent-in-sarjapur-main-road-bangalore/d3rqn4c/prd,2026-09-21T06:02:59.740823+00:00,70
Shahi Business Park - North Tower 1,Sarjapur Main Road,Shahi Exports,Office Space,,,,,,,,,Under Construction,3 Basement + Ground + 10 Floors,"~68,000",,"Shahi Business Park - North Tower 1 is a large-scale commercial development by Shahi Exports Pvt. Ltd. , strategically located on Sarjapur Main Road, Bellandur, Bengaluru . The project is positioned in one of Bengaluru’s prominent commercial corridors, offering excellent connectivity to major business hubs and established residential catchments. Spread across approximately 6,00,000 sq. ft. of total built-up area , the development is planned as a 3 Basement + Ground + 10 Floors structure, offering substantial commercial space designed to cater to the requirements of modern businesses. The project is targeted for completion by September 2027 and is planned with a strong focus on sustainability and environmentally responsible development, with IGBC LEED Platinum certification specified for the project.",,Security; Reserved Parking; Visitor Parking; Centralized AC; 24 hours water supply; CCTV,"https://www.google.com/maps?q=12.921205,77.673367",https://properties.cityinfoservices.com/shahi-business-park-north-tower-1-for-rent-in-sarjapur-main-road-bangalore/gbrk2js/prd,2026-09-21T06:03:00.651904+00:00,71
Shahi Business Park - North Tower 1,Sarjapur Main Road,Shahi Exports,Office Space,,,,,,,,,Under Construction,3 Basement + Ground + 10 Floors,"~68,000",,"Shahi Business Park - North Tower 1 is a large-scale commercial development by Shahi Exports Pvt. Ltd. , strategically located on Sarjapur Main Road, Bellandur, Bengaluru . The project is positioned in one of Bengaluru’s prominent commercial corridors, offering excellent connectivity to major business hubs and established residential catchments. Spread across approximately 6,00,000 sq. ft. of total built-up area , the development is planned as a 3 Basement + Ground + 10 Floors structure, offering substantial commercial space designed to cater to the requirements of modern businesses. The project is targeted for completion by September 2027 and is planned with a strong focus on sustainability and environmentally responsible development, with IGBC LEED Platinum certification specified for the project.",,Security; Reserved Parking; Visitor Parking; Centralized AC; 24 hours water supply; CCTV,"https://www.google.com/maps?q=12.921205,77.673367",https://properties.cityinfoservices.com/shahi-business-park-north-tower-1-for-rent-in-sarjapur-main-road-bangalore/rd7hxj8/prd,2026-09-21T06:03:02.154495+00:00,70
Shahi Business Park - North Tower 1,Sarjapur Main Road,Shahi Exports,Office Space,,,,,,,,,Under Construction,3 Basement + Ground + 10 Floors,"~68,000",,"Shahi Business Park - North Tower 1 is a large-scale commercial development by Shahi Exports Pvt. Ltd. , strategically located on Sarjapur Main Road, Bellandur, Bengaluru . The project is positioned in one of Bengaluru’s prominent commercial corridors, offering excellent connectivity to major business hubs and established residential catchments. Spread across approximately 6,00,000 sq. ft. of total built-up area , the development is planned as a 3 Basement + Ground + 10 Floors structure, offering substantial commercial space designed to cater to the requirements of modern businesses. The project is targeted for completion by September 2027 and is planned with a strong focus on sustainability and environmentally responsible development, with IGBC LEED Platinum certification specified for the project.",,Security; Reserved Parking; Visitor Parking; Centralized AC; 24 hours water supply; CCTV,"https://www.google.com/maps?q=12.921205,77.673367",https://properties.cityinfoservices.com/shahi-business-park-north-tower-1-for-rent-in-sarjapur-main-road-bangalore/vmscycn/prd,2026-09-21T06:03:02.818511+00:00,70
Prestige Tech Platina - Block 3,Kadubeesanahalli,Prestige Estates Projects Limited,Office Space,,,,,,,,,Ready for fit outs,2 Basement + Ground + 12 Floors,"~31,500",,"Prestige Tech Platina’s premium office spaces ranging over a total built-up area of ~1.5 million sq.ft.approach all business needs in an efficient manner. Ideally located on the Marathahalli-Sarjapur Outer Ring Road, Bangalore’s prime IT corridor, this Grade-A tech park consists of 3 towers and an in-house food court. The ~8.81 acre campus lies in close proximity to several transport hubs, restaurants, residential areas and schools. Block 3 (Platina 3), This tower offers premium office spaces across it’s total built-up area of ~3,85,442 sq.ft. Each floor in this 13-story tower spans an area of ~31,500 sq.ft. JP Morgan Services India Pvt. Ltd. and Mylan Laboratories Ltd. are the current occupiers.",,Security; Reserved Parking; Visitor Parking; Centralized AC; 24 hours water supply; CCTV,"https://www.google.com/maps?q=12.933972,77.69466598675538",https://properties.cityinfoservices.com/prestige-tech-platina-block-3-for-rent-in-kadubeesanahalli-road-bangalore/a8mwb3q/prd,2026-09-21T06:03:18.141223+00:00,70
Vaswani Presidio,Kadubeesanahalli,Vaswani Estates Developers Pvt. Ltd. (Vaswani Group),Office Space,,,,,,,,,Ready for fit outs,2 Basement + Ground + 6 Floors,"~18,000",,"A Vaswani Builders’ development, this commercial project is located off Outer Ring Road, behind Cisco and Cessna Special Economic Zone. The total built-up area of this office building covers ~1,33,000 sq.ft. Current occupiers at this facility include Blue Dart Exprerss, Vanu India, Comtech IT Solutions, ThoughtSphere, Black Buck (Zinka Logistics Solutions), Belden India, JoulestoWatts Business Solutions.",,Security; Reserved Parking; Visitor Parking; Centralized AC; 24 hours water supply; CCTV,"https://www.google.com/maps?q=12.937660,77.699599",https://properties.cityinfoservices.com/vaswani-presidio-for-rent-in-kadubeesanahalli-road-bangalore/776uqfb/prd,2026-09-21T06:03:27.572031+00:00,69
Manyata Embassy Business Park - Ebony Block (G2),Nagavara,Embassy Property Developments Pvt. Ltd.,Office Space,,,,,,,,,Ready for fit outs,2 Basement + Ground + 8 Floors,"~46,000",,"Set on an expansive campus spanning 11.4 million sq. ft. of land, Manyata Embassy Business Park is located on Hebbal Outer Ring Road. This premium Grade-A tech park is equipped with a sizable list of conveniences and amenities including a food court, outdoor sports zone, day care centre, ATMs, banks and more. The project is positioned close to several bus stops, play-schools, and residential area. It comes with ample parking space. Ebony Block (G2) is a 9-storey building which brings to life new-age workplaces that are fitted with all basic and new-age amenities. Spanning a total built-up area of ~4,03,526 sq. ft., this block provides for a space of ~46,000 sq. ft. across each floor. IBM India and Kyndryl Solutions are the current tenants in this building.",,Security; Reserved Parking; Visitor Parking; Centralized AC; 24 hours water supply; CCTV,"https://www.google.com/maps?q=13.047880652097591,77.62199988737181",https://properties.cityinfoservices.com/manyata-embassy-business-park-ebony-block-g2--for-rent-in-nagavara-bangalore/9k8ga2a/prd,2026-09-21T06:03:29.116873+00:00,68
Vaswani Presidio,Kadubeesanahalli,Vaswani Estates Developers Pvt. Ltd. (Vaswani Group),Office Space,,,,,,,,,Ready for fit outs,2 Basement + Ground + 6 Floors,"~18,000",,"A Vaswani Builders’ development, this commercial project is located off Outer Ring Road, behind Cisco and Cessna Special Economic Zone. The total built-up area of this office building covers ~1,33,000 sq.ft. Current occupiers at this facility include Blue Dart Exprerss, Vanu India, Comtech IT Solutions, ThoughtSphere, Black Buck (Zinka Logistics Solutions), Belden India, JoulestoWatts Business Solutions.",,Security; Reserved Parking; Visitor Parking; Centralized AC; 24 hours water supply; CCTV,"https://www.google.com/maps?q=12.937660,77.699599",https://properties.cityinfoservices.com/vaswani-presidio-for-rent-in-kadubeesanahalli-road-bangalore/x76onqb/prd,2026-09-21T06:03:31.219687+00:00,69
Manyata Embassy Business Park - Cypress (D4),Nagavara,Embassy Property Developments Pvt. Ltd.,Office Space,,,,,,,,,Ready to move,Ground + 10 Floors,"~50,000",,"Set on an expansive campus spanning 11.4 million sq. ft. of land, Manyata Embassy Business Park is located on Hebbal Outer Ring Road. This premium Grade-A tech park is equipped with a sizable list of conveniences and amenities including a food court, outdoor sports zone, day care centre, ATMs, banks and more. The project is positioned close to several bus stops, play-schools, and residential area. It comes with ample parking space. Cypress (D4) is an 11-storey building which brings to life new-age workplaces that are fitted with all basic and new-age amenities. Spanning a total built-up area of ~5,36,255 sq. ft., this block provides for a space of ~50,000 sq. ft. across each floor. IBM India and Concentrix Daksh Services are the current tenants in this building.",,Security; Reserved Parking; Visitor Parking; Centralized AC; 24 hours water supply; CCTV,"https://www.google.com/maps?q=13.049850815364334,77.62033691778258",https://properties.cityinfoservices.com/manyata-embassy-business-park-cypress-d4--for-rent-in-nagavara-bangalore/ldsgk35/prd,2026-09-21T06:03:32.413317+00:00,69
Vaswani Presidio,Kadubeesanahalli,Vaswani Estates Developers Pvt. Ltd. (Vaswani Group),Office Space,,,,,,,,,Ready to move,2 Basement + Ground + 6 Floors,"~18,000",,"A Vaswani Builders’ development, this commercial project is located off Outer Ring Road, behind Cisco and Cessna Special Economic Zone. The total built-up area of this office building covers ~1,33,000 sq.ft. Current occupiers at this facility include Blue Dart Exprerss, Vanu India, Comtech IT Solutions, ThoughtSphere, Black Buck (Zinka Logistics Solutions), Belden India, JoulestoWatts Business Solutions.",,Security; Reserved Parking; Visitor Parking; Centralized AC; 24 hours water supply; CCTV,"https://www.google.com/maps?q=12.937660,77.699599",https://properties.cityinfoservices.com/vaswani-presidio-for-rent-in-kadubeesanahalli-road-bangalore/w2mil82/prd,2026-09-21T06:03:32.458148+00:00,69
Vaswani Presidio,Kadubeesanahalli,Vaswani Estates Developers Pvt. Ltd. (Vaswani Group),Office Space,,,,,,,,,Ready for fit outs,2 Basement + Ground + 6 Floors,"~18,000",,"A Vaswani Builders’ development, this commercial project is located off Outer Ring Road, behind Cisco and Cessna Special Economic Zone. The total built-up area of this office building covers ~1,33,000 sq.ft. Current occupiers at this facility include Blue Dart Exprerss, Vanu India, Comtech IT Solutions, ThoughtSphere, Black Buck (Zinka Logistics Solutions), Belden India, JoulestoWatts Business Solutions.",,Security; Reserved Parking; Visitor Parking; Centralized AC; 24 hours water supply; CCTV,"https://www.google.com/maps?q=12.937660,77.699599",https://properties.cityinfoservices.com/vaswani-presidio-for-rent-in-kadubeesanahalli-road-bangalore/a682umx/prd,2026-09-21T06:03:32.878960+00:00,69
Legacy Maximus,Residency Road,Legacy Global Projects Private Limited,Office Space,,,,,,,,,Under Construction,Basement + Ground + 17 Floors,"~14,000",,Legacy Maximus,,Security; Reserved Parking; Visitor Parking; Centralized AC; 24 hours water supply; CCTV,"https://www.google.com/maps?q=12.971722,77.607278",https://properties.cityinfoservices.com/legacy-maximus-for-rent-in-residency-road-bangalore/vra6yco/prd,2026-09-21T06:03:33.455693+00:00,68
The Executive Centre - The Earth Centre Block A,Whitefield,Executive Centre India Private Limited (TEC-The Executive Centre),Business Center & Co-working Space,100,,,,,,,,Ready to Occupy,,,,The Executive Centre - The Earth Centre Block A,,Security; Reserved Parking; Visitor Parking; Centralized AC; 24 hours water supply; CCTV,"https://www.google.com/maps?q=12.985631,77.728675",https://properties.cityinfoservices.com/the-executive-centre-the-earth-centre-block-a-for-rent-in-whitefield-bangalore/5hd9tci/prd,2026-09-21T06:03:35.675005+00:00,67
Prestige Lakeshore Drive - 50,Bellandur,Prestige Estates Projects Limited,Office Space,,,,,,,,,Ready for fit outs,2 Basement + Ground + 9 Floors,"~64,171",,Prestige Lakeshore Drive - 50,,Security; Reserved Parking; Visitor Parking; Centralized AC; 24 hours water supply; CCTV,"https://www.google.com/maps?q=12.9304278,77.680558",https://properties.cityinfoservices.com/prestige-lakeshore-drive-50-for-rent-in-bellandur-bangalore/3k2r6xo/prd,2026-09-21T06:03:38.011732+00:00,67
"BuzzWorks - Brigade Senate 1, Wing 2",Hebbal,,Business Center & Co-working Space,60,,,,,,,,Ready to Occupy,,,,"BuzzWorks - Brigade Senate 1, Wing 2",,Security; Reserved Parking; Visitor Parking; Centralized AC; 24 hours water supply; CCTV,"https://www.google.com/maps?q=13.047775,77.580605",https://properties.cityinfoservices.com/buzzworks-brigade-senate-1-wing-2-for-rent-in-hebbal-bangalore/yes9pfl/prd,2026-09-21T06:03:47.806375+00:00,68
"Buzzworks - Brigade Tech Gardens, Block A",Brookefield,BuzzWorks by Brigade Group (Co-working Spaces),Business Center & Co-working Space,96,,,,,,,,Ready to Occupy from April 2026,,,,"Buzzworks - Brigade Tech Gardens, Block A",,Security; Reserved Parking; Visitor Parking; Centralized AC; 24 hours water supply; CCTV,"https://www.google.com/maps?q=12.964022,77.7181002",https://properties.cityinfoservices.com/buzzworks-brigade-tech-gardens-block-a-for-rent-in-brookefield-bangalore/8bvd5sd/prd,2026-09-21T06:03:49.139154+00:00,67
"Buzzworks - Brigade Tech Gardens, Block A",Brookefield,BuzzWorks by Brigade Group (Co-working Spaces),Business Center & Co-working Space,62,,,,,,,,Ready to Occupy from April 2026,,,,"Buzzworks - Brigade Tech Gardens, Block A",,Security; Reserved Parking; Visitor Parking; Centralized AC; 24 hours water supply; CCTV,"https://www.google.com/maps?q=12.964022,77.7181002",https://properties.cityinfoservices.com/buzzworks-brigade-tech-gardens-block-a-for-rent-in-brookefield-bangalore/rk2wjrv/prd,2026-09-21T06:03:52.665178+00:00,67
BuzzWorks - Brigade Padmini Tech Valley,Varthur,BuzzWorks by Brigade Group (Co-working Spaces),Business Center & Co-working Space,59,,,,,,,,Ready to Occupy,,,,BuzzWorks - Brigade Padmini Tech Valley,,Security; Reserved Parking; Visitor Parking; Centralized AC; 24 hours water supply; CCTV,"https://www.google.com/maps?q=12.9565789,77.7290063",https://properties.cityinfoservices.com/buzzworks-brigade-padmini-tech-valley-for-rent-in-varthur-road-bangalore/779tq2x/prd,2026-09-21T06:04:39.484318+00:00,66
"Buzzworks - Brigade Tech Gardens, Block A",Brookefield,BuzzWorks by Brigade Group (Co-working Spaces),Business Center & Co-working Space,48,,,,,,,,Ready to Occupy from April 2026,,,,"Buzzworks - Brigade Tech Gardens, Block A",,Security; Reserved Parking; Visitor Parking; Centralized AC; 24 hours water supply; CCTV,"https://www.google.com/maps?q=12.964022,77.7181002",https://properties.cityinfoservices.com/buzzworks-brigade-tech-gardens-block-a-for-rent-in-brookefield-bangalore/k44zy7i/prd,2026-09-21T06:04:40.054860+00:00,66
BuzzWorks - Brigade Padmini Tech Valley,Varthur,BuzzWorks by Brigade Group (Co-working Spaces),Business Center & Co-working Space,52,,,,,,,,Ready to Occupy,,,,BuzzWorks - Brigade Padmini Tech Valley,,Security; Reserved Parking; Visitor Parking; Centralized AC; 24 hours water supply; CCTV,"https://www.google.com/maps?q=12.9565789,77.7290063",https://properties.cityinfoservices.com/buzzworks-brigade-padmini-tech-valley-for-rent-in-varthur-road-bangalore/jathwoy/prd,2026-09-21T06:04:40.238895+00:00,66
BuzzWorks - Brigade Padmini Tech Valley,Varthur,BuzzWorks by Brigade Group (Co-working Spaces),Business Center & Co-working Space,83,,,,,,,,Ready to Occupy,,,,BuzzWorks - Brigade Padmini Tech Valley,,Security; Reserved Parking; Visitor Parking; Centralized AC; 24 hours water supply; CCTV,"https://www.google.com/maps?q=12.9565789,77.7290063",https://properties.cityinfoservices.com/buzzworks-brigade-padmini-tech-valley-for-rent-in-varthur-road-bangalore/z5mruha/prd,2026-09-21T06:04:40.792174+00:00,66
"Buzzworks - Brigade Tech Gardens, Block A",Brookefield,BuzzWorks by Brigade Group (Co-working Spaces),Business Center & Co-working Space,42,,,,,,,,Ready to Occupy from April 2026,,,,"Buzzworks - Brigade Tech Gardens, Block A",,Security; Reserved Parking; Visitor Parking; Centralized AC; 24 hours water supply; CCTV,"https://www.google.com/maps?q=12.964022,77.7181002",https://properties.cityinfoservices.com/buzzworks-brigade-tech-gardens-block-a-for-rent-in-brookefield-bangalore/aidjoxo/prd,2026-09-21T06:04:41.167004+00:00,66
Prestige Lakeshore Drive - 10 (Wing A),Bellandur,Prestige Estates Projects Limited,Office Space,,,,,,,,,Ready to move,2 Basement + Ground + 9 Floors,"~67,000",,Prestige Lakeshore Drive - 10 (Wing A),,Security; Reserved Parking; Visitor Parking; Centralized AC; 24 hours water supply; CCTV,"https://www.google.com/maps?q=12.93755210735835,77.67793702318724",https://properties.cityinfoservices.com/prestige-lakeshore-drive-10-wing-a--for-rent-in-bellandur-bangalore/qceisms/prd,2026-09-21T06:04:41.864708+00:00,64
BuzzWorks - Brigade Padmini Tech Valley,Varthur,BuzzWorks by Brigade Group (Co-working Spaces),Business Center & Co-working Space,89,,,,,,,,Ready to Occupy,,,,BuzzWorks - Brigade Padmini Tech Valley,,Security; Reserved Parking; Visitor Parking; Centralized AC; 24 hours water supply; CCTV,"https://www.google.com/maps?q=12.9565789,77.7290063",https://properties.cityinfoservices.com/buzzworks-brigade-padmini-tech-valley-for-rent-in-varthur-road-bangalore/twc5lnm/prd,2026-09-21T06:04:42.356354+00:00,66
Prestige Lakeshore Drive - 10 (Wing A),Bellandur,Prestige Estates Projects Limited,Office Space,,,,,,,,,Ready for fit outs,2 Basement + Ground + 9 Floors,"~67,000",,Prestige Lakeshore Drive - 10 (Wing A),,Security; Reserved Parking; Visitor Parking; Centralized AC; 24 hours water supply; CCTV,"https://www.google.com/maps?q=12.93755210735835,77.67793702318724",https://properties.cityinfoservices.com/prestige-lakeshore-drive-10-wing-a--for-rent-in-bellandur-bangalore/dvnu9gn/prd,2026-09-21T06:04:42.881385+00:00,64
Muniswamy Warehouse,Nelamangala,,Warehouse,,,,,,,,,Ready for fit outs,,,,Muniswamy Warehouse,,,"https://www.google.com/maps?q=13.181806,77.324167",https://properties.cityinfoservices.com/muniswamy-warehouse-for-rent-in-nelamangala-road-bangalore/6uw544h/prd,2026-09-21T06:04:42.895322+00:00,64
"Embassy East Business Park - Tower 2, Wing A",Whitefield,Embassy Property Developments Pvt. Ltd.,Office Space,,,,,,,,,Under Construction,2 Basement + Ground + 16 Floors,"~40,000",,"Embassy East Business Park - Tower 2, Wing A",,Security; Reserved Parking; Visitor Parking; Centralized AC; 24 hours water supply; CCTV,"https://www.google.com/maps?q=12.991917,77.738806",https://properties.cityinfoservices.com/embassy-east-business-park-tower-2-wing-a-for-rent-in-whitefield-bangalore/8elm7y5/prd,2026-09-21T06:04:43.702983+00:00,63
"Embassy East Business Park - Tower 1, Wing B",Whitefield,Embassy Property Developments Pvt. Ltd.,Office Space,,,,,,,,,Under Construction,2 Basement + Ground + 16 Floors,"~40,000",,"Embassy East Business Park - Tower 1, Wing B",,Security; Reserved Parking; Visitor Parking; Centralized AC; 24 hours water supply; CCTV,"https://www.google.com/maps?q=12.991917,77.738806",https://properties.cityinfoservices.com/embassy-east-business-park-tower-1-wing-b-for-rent-in-whitefield-bangalore/bbce8sr/prd,2026-09-21T06:04:44.198283+00:00,63
91 Springboard - Indiranagar,Indiranagar,91 Springboard Business Hub Pvt. Ltd.,Business Center & Co-working Space,105,,,,,,,,Ready to Occupy,,,,91 Springboard - Indiranagar,,Security; Reserved Parking; Visitor Parking; Centralized AC; 24 hours water supply; CCTV,"https://www.google.com/maps?q=12.9815323,77.64571439999997",https://properties.cityinfoservices.com/91-springboard-indiranagar-for-rent-in-indiranagar-bangalore/muryb43/prd,2026-09-21T06:04:44.212952+00:00,64
"Embassy East Business Park - Tower 1, Wing A",Whitefield,Embassy Property Developments Pvt. Ltd.,Office Space,,,,,,,,,Under Construction,2 Basement + Ground + 16 Floors,"~40,000",,"Embassy East Business Park - Tower 1, Wing A",,Security; Reserved Parking; Visitor Parking; Centralized AC; 24 hours water supply; CCTV,"https://www.google.com/maps?q=12.991921,77.738813",https://properties.cityinfoservices.com/embassy-east-business-park-tower-1-wing-a-for-rent-in-whitefield-bangalore/rlasu5q/prd,2026-09-21T06:04:45.306905+00:00,63
Avant Garde Keywest (Workplace of Wonder),Domlur,Avant Garde Realty LLP (Avant Garde Estates),Office Space,,,,,,,,,Ready for fit outs,2 Basement + Ground + 4 Floors,"~8,750",,Avant Garde Keywest (Workplace of Wonder),,Security; Reserved Parking; Visitor Parking; Centralized AC; 24 hours water supply; CCTV,"https://www.google.com/maps?q=12.9647477,77.6383957",https://properties.cityinfoservices.com/avant-garde-keywest-workplace-of-wonder--for-rent-in-domlur-bangalore/dlgnbai/prd,2026-09-21T06:04:45.959466+00:00,60
EBC Space - 2,HSR Layout,EBC Space,Business Center & Co-working Space,120,,,,,,,,Ready to Occupy,,,,EBC Space - 2,,Security; Reserved Parking; 24 hours water supply; CCTV,"https://www.google.com/maps?q=12.920024,77.645191",https://properties.cityinfoservices.com/ebc-space-2-for-rent-in-hsr-layout-bangalore/gru4wpi/prd,2026-09-21T06:04:46.319344+00:00,63
IndiQube - Capitol Whitefield (Sumadhura),Whitefield,IndiQube Spaces Limited,Business Center & Co-working Space,100,,,,,,,,Ready to Occupy,,,,IndiQube - Capitol Whitefield (Sumadhura),,Security; Reserved Parking; Visitor Parking; Centralized AC; 24 hours water supply; CCTV,"https://www.google.com/maps?q=12.984852,77.750036",https://properties.cityinfoservices.com/indiqube-capitol-whitefield-sumadhura--for-rent-in-whitefield-bangalore/55wmkt6/prd,2026-09-21T06:04:47.183140+00:00,63
Kamadhenu Commercial IT Park,Adugodi,Independent Developer,Office Space,,,,,,,,,Ready for fit outs,Basement + Ground + 3 Floors,"~8,500",,Kamadhenu Commercial IT Park,,Security; Visitor Parking; Centralized AC; 24 hours water supply,"https://www.google.com/maps?q=12.944602157100764,77.60302885451594",https://properties.cityinfoservices.com/kamadhenu-commercial-it-park-for-rent-in-adugodi-bangalore/27mwdix/prd,2026-09-21T06:04:47.287727+00:00,60
Kamadhenu Commercial IT Park,Adugodi,Independent Developer,Office Space,,,,,,,,,Ready for fit outs,Basement + Ground + 3 Floors,"~8,500",,Kamadhenu Commercial IT Park,,Security; Visitor Parking; Centralized AC; 24 hours water supply,"https://www.google.com/maps?q=12.944602157100764,77.60302885451594",https://properties.cityinfoservices.com/kamadhenu-commercial-it-park-for-rent-in-adugodi-bangalore/xw22deb/prd,2026-09-21T06:04:47.835591+00:00,60
Pritech Park - Block 12,Bellandur,RGA Software Systems Pvt. Ltd. (Primal Projects Pvt. Ltd.),Office Space,,,,,,,,,Ready for fit outs,Basement + Ground + 8 Floors,"~63,000",,Pritech Park - Block 12,,Security; Reserved Parking; Visitor Parking; Centralized AC; 24 hours water supply; CCTV,"https://www.google.com/maps?q=12.922749573808401,77.67979221664122",https://properties.cityinfoservices.com/pritech-park-block-12-for-rent-in-bellandur-bangalore/kgrul49/prd,2026-09-21T06:04:48.645700+00:00,60
Kamadhenu Commercial IT Park,Adugodi,Independent Developer,Office Space,,,,,,,,,Ready for fit outs,Basement + Ground + 3 Floors,"~8,500",,Kamadhenu Commercial IT Park,,Security; Visitor Parking; Centralized AC; 24 hours water supply,"https://www.google.com/maps?q=12.944602157100764,77.60302885451594",https://properties.cityinfoservices.com/kamadhenu-commercial-it-park-for-rent-in-adugodi-bangalore/8z5y5wr/prd,2026-09-21T06:04:50.102836+00:00,60
Sattva Tech Park - Akash (Wing B),Whitefield,Salarpuria Sattva Group,Office Space,,,,,,,,,Ready for fit outs,Basement + Ground + 11 Floors,"~30,000 to ~40,000",,Sattva Tech Park - Akash (Wing B),,Security; Reserved Parking; Visitor Parking; Centralized AC; 24 hours water supply; CCTV,"https://www.google.com/maps?q=12.984989507782984,77.74377214603271",https://properties.cityinfoservices.com/sattva-tech-park-akash-wing-b--for-rent-in-whitefield-bangalore/bj8g58e/prd,2026-09-21T06:04:50.470753+00:00,58
Enthys - HSR Layout,HSR Layout,Enthys Coworking Space,Business Center & Co-working Space,100,,,,,,,,Ready to Occupy,,,,"Enthys - HSR Layout is one of the premium office space in Bangalore's leading commercial hubs. The property offers modern infrastructure, flexible office layouts, excellent transport connectivity, and premium amenities, making it an ideal choice for IT companies, multinational corporations, startups, consulting firms, and enterprises looking for a prominent business location in Bangalore.",,Security; Reserved Parking; 24 hours water supply; CCTV,"https://www.google.com/maps?q=12.908981,77.647599",https://properties.cityinfoservices.com/enthys-hsr-layout-for-rent-in-hsr-layout-bangalore/zjmkyqs/prd,2026-09-21T06:04:50.772993+00:00,58
Prestige Tech Forest - Core 3 (Tower C),Varthur,Prestige Estates Projects Limited,Office Space,,,,,,,,,Ready for fit outs,2 Basement + Ground + 14 Floors,"~46,000 to ~51,000",,Prestige Tech Forest - Core 3 (Tower C),,Security; Reserved Parking; Visitor Parking; Centralized AC; 24 hours water supply; CCTV,"https://www.google.com/maps?q=12.950778,77.747028",https://properties.cityinfoservices.com/prestige-tech-forest-core-3-tower-c--for-rent-in-varthur-road-bangalore/4rqouwp/prd,2026-09-21T06:04:51.443717+00:00,57
Prestige Tech Forest - Core 3 (Tower C),Varthur,Prestige Estates Projects Limited,Office Space,,,,,,,,,Ready for fit outs,2 Basement + Ground + 14 Floors,"~46,000 to ~51,000",,Prestige Tech Forest - Core 3 (Tower C),,Security; Reserved Parking; Visitor Parking; Centralized AC; 24 hours water supply; CCTV,"https://www.google.com/maps?q=12.950778,77.747028",https://properties.cityinfoservices.com/prestige-tech-forest-core-3-tower-c--for-rent-in-varthur-road-bangalore/gi6j9t7/prd,2026-09-21T06:04:52.274525+00:00,57
Kamadhenu Commercial IT Park,Adugodi,Independent Developer,Office Space,,,,,,,,,Ready for fit outs,Basement + Ground + 3 Floors,"~8,500",,Kamadhenu Commercial IT Park,,Security; Visitor Parking; Centralized AC; 24 hours water supply,"https://www.google.com/maps?q=12.944602157100764,77.60302885451594",https://properties.cityinfoservices.com/kamadhenu-commercial-it-park-for-rent-in-adugodi-bangalore/6sigv2s/prd,2026-09-21T06:04:53.971814+00:00,60
Prestige Tech Forest - Core 3 (Tower C),Varthur,Prestige Estates Projects Limited,Office Space,,,,,,,,,Ready for fit outs,2 Basement + Ground + 14 Floors,"~46,000 to ~51,000",,Prestige Tech Forest - Core 3 (Tower C),,Security; Reserved Parking; Visitor Parking; Centralized AC; 24 hours water supply; CCTV,"https://www.google.com/maps?q=12.950778,77.747028",https://properties.cityinfoservices.com/prestige-tech-forest-core-3-tower-c--for-rent-in-varthur-road-bangalore/ntg7jo4/prd,2026-09-21T06:04:54.244085+00:00,57
Prestige Tech Forest - Core 3 (Tower C),Varthur,Prestige Estates Projects Limited,Office Space,,,,,,,,,Ready for fit outs,2 Basement + Ground + 14 Floors,"~46,000 to ~51,000",,Prestige Tech Forest - Core 3 (Tower C),,Security; Reserved Parking; Visitor Parking; Centralized AC; 24 hours water supply; CCTV,"https://www.google.com/maps?q=12.950778,77.747028",https://properties.cityinfoservices.com/prestige-tech-forest-core-3-tower-c--for-rent-in-varthur-road-bangalore/xo8d94l/prd,2026-09-21T06:04:54.486943+00:00,57
Prestige Tech Forest - Core 3 (Tower C),Varthur,Prestige Estates Projects Limited,Office Space,,,,,,,,,Ready for fit outs,2 Basement + Ground + 14 Floors,"~46,000 to ~51,000",,Prestige Tech Forest - Core 3 (Tower C),,Security; Reserved Parking; Visitor Parking; Centralized AC; 24 hours water supply; CCTV,"https://www.google.com/maps?q=12.950778,77.747028",https://properties.cityinfoservices.com/prestige-tech-forest-core-3-tower-c--for-rent-in-varthur-road-bangalore/zbdxfau/prd,2026-09-21T06:04:54.802581+00:00,57
Prestige Tech Forest - Core 2 (Tower B),Varthur,Prestige Estates Projects Limited,Office Space,,,,,,,,,Ready for fit outs,2 Basement + Ground + 14 Floors,"~63,000",,Prestige Tech Forest - Core 2 (Tower B),,Security; Reserved Parking; Visitor Parking; Centralized AC; 24 hours water supply; CCTV,"https://www.google.com/maps?q=12.950778,77.747028",https://properties.cityinfoservices.com/prestige-tech-forest-core-2-tower-b--for-rent-in-varthur-road-bangalore/ztmc9qg/prd,2026-09-21T06:04:56.293177+00:00,56
Prestige Tech Forest - Core 2 (Tower B),Varthur,Prestige Estates Projects Limited,Office Space,,,,,,,,,Ready for fit outs,2 Basement + Ground + 14 Floors,"~63,000",,Prestige Tech Forest - Core 2 (Tower B),,Security; Reserved Parking; Visitor Parking; Centralized AC; 24 hours water supply; CCTV,"https://www.google.com/maps?q=12.950778,77.747028",https://properties.cityinfoservices.com/prestige-tech-forest-core-2-tower-b--for-rent-in-varthur-road-bangalore/6ezspoi/prd,2026-09-21T06:04:56.957997+00:00,56
Prestige Tech Forest - Core 2 (Tower B),Varthur,Prestige Estates Projects Limited,Office Space,,,,,,,,,Ready for fit outs,2 Basement + Ground + 14 Floors,"~63,000",,Prestige Tech Forest - Core 2 (Tower B),,Security; Reserved Parking; Visitor Parking; Centralized AC; 24 hours water supply; CCTV,"https://www.google.com/maps?q=12.950778,77.747028",https://properties.cityinfoservices.com/prestige-tech-forest-core-2-tower-b--for-rent-in-varthur-road-bangalore/aqjkrnk/prd,2026-09-21T06:04:58.539078+00:00,56
Olsen - HSR Sector 1,HSR Layout,Olsen Spaces,Business Center & Co-working Space,335,,,,,,,,Ready to Occupy,,,,"Olsen - HSR Sector 1 is one of the premium office space in Bangalore's leading commercial hubs. The property offers modern infrastructure, flexible office layouts, excellent transport connectivity, and premium amenities, making it an ideal choice for IT companies, multinational corporations, startups, consulting firms, and enterprises looking for a prominent business location in Bangalore.",,Security; Reserved Parking; Centralized AC; 24 hours water supply; CCTV,"https://www.google.com/maps?q=12.917383,77.645070",https://properties.cityinfoservices.com/olsen-hsr-sector-1-for-rent-in-hsr-layout-bangalore/nm5dcfc/prd,2026-09-21T06:04:59.424349+00:00,58
Prestige Tech Forest - Core 1 (Tower A),Varthur,Prestige Estates Projects Limited,Office Space,,,,,,,,,Ready for fit outs,2 Basement + Ground + 14 Floors,"~52,000 to ~57,000",,Prestige Tech Forest - Core 1 (Tower A),,Security; Reserved Parking; Visitor Parking; Centralized AC; 24 hours water supply; CCTV,"https://www.google.com/maps?q=12.950767,77.747024",https://properties.cityinfoservices.com/prestige-tech-forest-core-1-tower-a--for-rent-in-varthur-road-bangalore/ln4i73w/prd,2026-09-21T06:04:59.670056+00:00,55
Prestige Tech Forest - Core 2 (Tower B),Varthur,Prestige Estates Projects Limited,Office Space,,,,,,,,,Ready for fit outs,2 Basement + Ground + 14 Floors,"~63,000",,Prestige Tech Forest - Core 2 (Tower B),,Security; Reserved Parking; Visitor Parking; Centralized AC; 24 hours water supply; CCTV,"https://www.google.com/maps?q=12.950778,77.747028",https://properties.cityinfoservices.com/prestige-tech-forest-core-2-tower-b--for-rent-in-varthur-road-bangalore/vboxvjc/prd,2026-09-21T06:05:00.032745+00:00,56
Prestige Tech Forest - Core 1 (Tower A),Varthur,Prestige Estates Projects Limited,Office Space,,,,,,,,,Ready for fit outs,2 Basement + Ground + 14 Floors,"~52,000 to ~57,000",,Prestige Tech Forest - Core 1 (Tower A),,Security; Reserved Parking; Visitor Parking; Centralized AC; 24 hours water supply; CCTV,"https://www.google.com/maps?q=12.950767,77.747024",https://properties.cityinfoservices.com/prestige-tech-forest-core-1-tower-a--for-rent-in-varthur-road-bangalore/3tcqp4v/prd,2026-09-21T06:05:00.695461+00:00,55
Prestige Tech Forest - Core 1 (Tower A),Varthur,Prestige Estates Projects Limited,Office Space,,,,,,,,,Ready for fit outs,2 Basement + Ground + 14 Floors,"~52,000 to ~57,000",,Prestige Tech Forest - Core 1 (Tower A),,Security; Reserved Parking; Visitor Parking; Centralized AC; 24 hours water supply; CCTV,"https://www.google.com/maps?q=12.950767,77.747024",https://properties.cityinfoservices.com/prestige-tech-forest-core-1-tower-a--for-rent-in-varthur-road-bangalore/jcvt7ga/prd,2026-09-21T06:05:00.989788+00:00,55
Prestige Tech Forest - Core 1 (Tower A),Varthur,Prestige Estates Projects Limited,Office Space,,,,,,,,,Ready for fit outs,2 Basement + Ground + 14 Floors,"~52,000 to ~57,000",,Prestige Tech Forest - Core 1 (Tower A),,Security; Reserved Parking; Visitor Parking; Centralized AC; 24 hours water supply; CCTV,"https://www.google.com/maps?q=12.950767,77.747024",https://properties.cityinfoservices.com/prestige-tech-forest-core-1-tower-a--for-rent-in-varthur-road-bangalore/c2aslnt/prd,2026-09-21T06:05:01.844065+00:00,55
Prestige Tech Forest - Core 1 (Tower A),Varthur,Prestige Estates Projects Limited,Office Space,,,,,,,,,Ready for fit outs,2 Basement + Ground + 14 Floors,"~52,000 to ~57,000",,Prestige Tech Forest - Core 1 (Tower A),,Security; Reserved Parking; Visitor Parking; Centralized AC; 24 hours water supply; CCTV,"https://www.google.com/maps?q=12.950767,77.747024",https://properties.cityinfoservices.com/prestige-tech-forest-core-1-tower-a--for-rent-in-varthur-road-bangalore/whe4cnd/prd,2026-09-21T06:05:03.275077+00:00,55
Hanto - Pixel,HSR Layout,Hanto Workspace Technologies Private Limited,Business Center & Co-working Space,100,,,,,,,,Ready to Occupy,,,,Hanto - Pixel,,Security; Reserved Parking; 24 hours water supply; CCTV,"https://www.google.com/maps?q=12.912545,77.648807",https://properties.cityinfoservices.com/hanto-pixel-for-rent-in-hsr-layout-bangalore/h92npou/prd,2026-09-21T06:05:03.753839+00:00,58
Prestige Tech Forest - Core 1 (Tower A),Varthur,Prestige Estates Projects Limited,Office Space,,,,,,,,,Ready for fit outs,2 Basement + Ground + 14 Floors,"~52,000 to ~57,000",,Prestige Tech Forest - Core 1 (Tower A),,Security; Reserved Parking; Visitor Parking; Centralized AC; 24 hours water supply; CCTV,"https://www.google.com/maps?q=12.950767,77.747024",https://properties.cityinfoservices.com/prestige-tech-forest-core-1-tower-a--for-rent-in-varthur-road-bangalore/w9hzsth/prd,2026-09-21T06:05:03.942113+00:00,54
Prestige Tech Forest - Core 1 (Tower A),Varthur,Prestige Estates Projects Limited,Office Space,,,,,,,,,Ready for fit outs,2 Basement + Ground + 14 Floors,"~52,000 to ~55,000",,Prestige Tech Forest - Core 1 (Tower A),,Security; Reserved Parking; Visitor Parking; Centralized AC; 24 hours water supply; CCTV,"https://www.google.com/maps?q=12.950767,77.747024",https://properties.cityinfoservices.com/prestige-tech-forest-core-1-tower-a--for-rent-in-varthur-road-bangalore/lxv66hg/prd,2026-09-21T06:05:04.026857+00:00,54
Prestige Tech Forest - Core 1 (Tower A),Varthur,Prestige Estates Projects Limited,Office Space,,,,,,,,,Ready for fit outs,2 Basement + Ground + 14 Floors,"~52,000 to ~57,000",,Prestige Tech Forest - Core 1 (Tower A),,Security; Reserved Parking; Visitor Parking; Centralized AC; 24 hours water supply; CCTV,"https://www.google.com/maps?q=12.950767,77.747024",https://properties.cityinfoservices.com/prestige-tech-forest-core-1-tower-a--for-rent-in-varthur-road-bangalore/3hfql6u/prd,2026-09-21T06:05:04.339848+00:00,54
Prestige Tech Forest - Core 1 (Tower A),Varthur,Prestige Estates Projects Limited,Office Space,,,,,,,,,Ready for fit outs,2 Basement + Ground + 14 Floors,"~52,000 to ~55,000",,Prestige Tech Forest - Core 1 (Tower A),,Security; Reserved Parking; Visitor Parking; Centralized AC; 24 hours water supply; CCTV,"https://www.google.com/maps?q=12.950767,77.747024",https://properties.cityinfoservices.com/prestige-tech-forest-core-1-tower-a--for-rent-in-varthur-road-bangalore/s4hnjbi/prd,2026-09-21T06:05:04.466376+00:00,54
Neil Rao Towers ( Rao Tower ),Whitefield,Rao Computer Consultants Pvt. Ltd.,Office Space,,,,,,,,,Ready to move,Basement + Ground + 6 Floors,"~19,140",,Neil Rao Towers ( Rao Tower ),,Security; Reserved Parking; Centralized AC; 24 hours water supply; CCTV,"https://www.google.com/maps?q=12.9781214,77.724960",https://properties.cityinfoservices.com/neil-rao-towers-rao-tower--for-rent-in-whitefield-bangalore/6ra6i78/prd,2026-09-21T06:05:05.538095+00:00,54
IndiQube - Arcade Phase 2 (Tower A),Bannerghatta Road,IndiQube Spaces Limited,Business Center & Co-working Space,100,,100,,,,,,Ready to Occupy,,,,IndiQube - Arcade Phase 2 (Tower A),,Security; Reserved Parking; Visitor Parking; Centralized AC; 24 hours water supply; CCTV,"https://www.google.com/maps?q=12.9244462,77.6012544",https://properties.cityinfoservices.com/indiqube-arcade-phase-2-tower-a--for-rent-in-bannerghatta-main-road-bangalore/nlfeqt5/prd,2026-09-21T06:05:05.850231+00:00,53
Prestige Tech Forest - Core 3 (Tower C),Varthur,Prestige Estates Projects Limited,Office Space,,,,,,,,,Ready for fit outs,2 Basement + Ground + 14 Floors,"~46,000 to ~51,000",,Prestige Tech Forest - Core 3 (Tower C),,Security; Reserved Parking; Visitor Parking; Centralized AC; 24 hours water supply; CCTV,"https://www.google.com/maps?q=12.950778,77.747028",https://properties.cityinfoservices.com/prestige-tech-forest-core-3-tower-c--for-rent-in-varthur-road-bangalore/2qa5so4/prd,2026-09-21T06:05:06.233562+00:00,57
WeWork - The Pavilion,Church Street,WeWork India Management Pvt. Ltd.,Business Center & Co-working Space,516,,,,,,,,Ready to Occupy,,,,WeWork - The Pavilion,,Security; Reserved Parking; Visitor Parking; Centralized AC; 24 hours water supply; CCTV,"https://www.google.com/maps?q=12.974574,77.60706",https://properties.cityinfoservices.com/wework-the-pavilion-for-rent-in-church-street-bangalore/mipgckn/prd,2026-09-21T06:05:07.032811+00:00,53
BuzzWorks - Brigade Twin Towers,Yeshwanthpur,BuzzWorks by Brigade Group (Co-working Spaces),Business Center & Co-working Space,106,,,,,,,,Ready to Occupy,,,,"BuzzWorks - Brigade Twin Towers is one of the premium office space in Bangalore's leading commercial hubs. The property offers modern infrastructure, flexible office layouts, excellent transport connectivity, and premium amenities, making it an ideal choice for IT companies, multinational corporations, startups, consulting firms, and enterprises looking for a prominent business location in Bangalore.",,Security; Reserved Parking; Centralized AC; 24 hours water supply; CCTV,"https://www.google.com/maps?q=13.0310858,77.54258",https://properties.cityinfoservices.com/buzzworks-brigade-twin-towers-for-rent-in-yeshwanthpur-bangalore/fajsyb9/prd,2026-09-21T06:05:07.437562+00:00,53
BuzzWorks - Brigade Twin Towers,Yeshwanthpur,BuzzWorks by Brigade Group (Co-working Spaces),Business Center & Co-working Space,48,,,,,,,,Ready to Occupy,,,,"BuzzWorks - Brigade Twin Towers is one of the premium office space in Bangalore's leading commercial hubs. The property offers modern infrastructure, flexible office layouts, excellent transport connectivity, and premium amenities, making it an ideal choice for IT companies, multinational corporations, startups, consulting firms, and enterprises looking for a prominent business location in Bangalore.",,Security; Reserved Parking; Centralized AC; 24 hours water supply; CCTV,"https://www.google.com/maps?q=13.0310858,77.54258",https://properties.cityinfoservices.com/buzzworks-brigade-twin-towers-for-rent-in-yeshwanthpur-bangalore/uu9uk8y/prd,2026-09-21T06:05:08.210543+00:00,53
Prestige Cessna Business Park - Building K (B11),Kadubeesanahalli,Prestige Estates Projects Limited,Office Space,,,,,,,,,Ready to move,2 Basement + Ground + 8 Floors,"~53,547",,Prestige Cessna Business Park - Building K (B11),,Security; Reserved Parking; Visitor Parking; Centralized AC; 24 hours water supply; CCTV,"https://www.google.com/maps?q=12.932898929930381,77.69242095186766",https://properties.cityinfoservices.com/prestige-cessna-business-park-building-k-b11--for-rent-in-kadubeesanahalli-road-bangalore/vcuuet4/prd,2026-09-21T06:05:08.953835+00:00,52
Simpliwork - Embassy Onyx,Devarabisanahalli,Simpliwork Offices Private Limited,Business Center & Co-working Space,725,,1000,,,,,,Ready to Occupy,,,,Simpliwork - Embassy Onyx,,Security; Reserved Parking; Visitor Parking; Centralized AC; 24 hours water supply; CCTV,"https://www.google.com/maps?q=12.930960,77.687768",https://properties.cityinfoservices.com/simpliwork-embassy-onyx-for-rent-in-devarabisanahalli-road-bangalore/8bvsz9r/prd,2026-09-21T06:05:09.093005+00:00,53
Salarpuria Softzone - Block A,Bellandur,Salarpuria Sattva Group,Office Space,,,,,,,,,Ready to move,Basement + Ground + 6 Floors,"~47,000 to ~90,000",,Salarpuria Softzone - Block A,,Security; Reserved Parking; Visitor Parking; Centralized AC; 24 hours water supply; CCTV,"https://www.google.com/maps?q=12.923797114832743,77.67036383346863",https://properties.cityinfoservices.com/salarpuria-softzone-block-a-for-rent-in-bellandur-bangalore/4u4olyt/prd,2026-09-21T06:05:09.727967+00:00,52
Brigade Cornerstone Utopia - Elysium,Varthur,Brigade Enterprises Limited,Office Space,,,,,,,,,Ready for fit outs,3 Basement + Ground + 18 Floors,"~22,000",,Brigade Cornerstone Utopia - Elysium,,Security; Reserved Parking; Visitor Parking; Centralized AC; 24 hours water supply; CCTV,"https://www.google.com/maps?q=12.9901965,77.6629211",https://properties.cityinfoservices.com/brigade-cornerstone-utopia-elysium-for-rent-in-varthur-road-bangalore/mtmtobl/prd,2026-09-21T06:05:10.180751+00:00,51
Brigade Cornerstone Utopia - Elysium,Varthur,Brigade Enterprises Limited,Office Space,,,,,,,,,Ready for fit outs,3 Basement + Ground + 18 Floors,"~22,000",,Brigade Cornerstone Utopia - Elysium,,Security; Reserved Parking; Visitor Parking; Centralized AC; 24 hours water supply; CCTV,"https://www.google.com/maps?q=12.9901965,77.6629211",https://properties.cityinfoservices.com/brigade-cornerstone-utopia-elysium-for-rent-in-varthur-road-bangalore/bywzv7x/prd,2026-09-21T06:05:10.939861+00:00,52
International Tech Park Bangalore - Victor,Whitefield,CapitaLand Services India Pvt. Ltd. (Ascendas-Singbridge Group),Office Space,,,,,,,,,Ready for fit outs,2 Basement + Ground + 13 Floors,"~34,000 to ~52,000",,International Tech Park Bangalore - Victor,,Security; Reserved Parking; Visitor Parking; Centralized AC; 24 hours water supply; CCTV,"https://www.google.com/maps?q=12.983973,77.7380931",https://properties.cityinfoservices.com/international-tech-park-bangalore-victor-for-rent-in-whitefield-bangalore/gzzcrw3/prd,2026-09-21T06:05:12.147333+00:00,50
International Tech Park Bangalore - Victor,Whitefield,CapitaLand Services India Pvt. Ltd. (Ascendas-Singbridge Group),Office Space,,,,,,,,,Ready for fit outs,2 Basement + Ground + 13 Floors,"~34,000 to ~52,000",,International Tech Park Bangalore - Victor,,Security; Reserved Parking; Visitor Parking; Centralized AC; 24 hours water supply; CCTV,"https://www.google.com/maps?q=12.983973,77.7380931",https://properties.cityinfoservices.com/international-tech-park-bangalore-victor-for-rent-in-whitefield-bangalore/ncsp96q/prd,2026-09-21T06:05:13.949563+00:00,50
International Tech Park Bangalore - Victor,Whitefield,CapitaLand Services India Pvt. Ltd. (Ascendas-Singbridge Group),Office Space,,,,,,,,,Ready for fit outs,2 Basement + Ground + 13 Floors,"~34,000 to ~52,000",,International Tech Park Bangalore - Victor,,Security; Reserved Parking; Visitor Parking; Centralized AC; 24 hours water supply; CCTV,"https://www.google.com/maps?q=12.983973,77.7380931",https://properties.cityinfoservices.com/international-tech-park-bangalore-victor-for-rent-in-whitefield-bangalore/cnuwx66/prd,2026-09-21T06:05:14.176609+00:00,50
Brigade Cornerstone Utopia - Elysium,Varthur,Brigade Enterprises Limited,Office Space,,,,,,,,,Ready for fit outs,3 Basement + Ground + 18 Floors,"~22,000",,Brigade Cornerstone Utopia - Elysium,,Security; Reserved Parking; Visitor Parking; Centralized AC; 24 hours water supply; CCTV,"https://www.google.com/maps?q=12.9901965,77.6629211",https://properties.cityinfoservices.com/brigade-cornerstone-utopia-elysium-for-rent-in-varthur-road-bangalore/4zkjknf/prd,2026-09-21T06:05:14.665856+00:00,51
The Executive Centre - Helios Business Park - Block D,Kadubeesanahalli,Executive Centre India Private Limited (TEC-The Executive Centre),Business Center & Co-working Space,40,,,,,,,,Ready to Occupy,,,,The Executive Centre - Helios Business Park - Block D,,Security; Reserved Parking; Visitor Parking; Centralized AC; 24 hours water supply; CCTV,"https://www.google.com/maps?q=12.938108,77.689310",https://properties.cityinfoservices.com/the-executive-centre-helios-business-park-block-d-for-rent-in-kadubeesanahalli-road-bangalore/htgxs4k/prd,2026-09-21T06:05:14.677515+00:00,50
CapitaLand Business Park (Ebisu) - North Tower,Nagavara,CapitaLand India Trust (CLINT),Office Space,,,,,,,,,Under Construction,4 Basement + Ground + 10 Floors,"~48,000",,"CapitaLand Business Park (Ebisu) - North Tower is one of the premium office space in Bangalore's leading commercial hubs. The property offers modern infrastructure, flexible office layouts, excellent transport connectivity, and premium amenities, making it an ideal choice for IT companies, multinational corporations, startups, consulting firms, and enterprises looking for a prominent business location in Bangalore.",,Security; Reserved Parking; Visitor Parking; Centralized AC; 24 hours water supply; CCTV,"https://www.google.com/maps?q=13.043027,77.618506",https://properties.cityinfoservices.com/capitaland-business-park-ebisu-north-tower-for-rent-in-nagavara-bangalore/agvduo3/prd,2026-09-21T06:05:16.815785+00:00,49
Simpliwork - RMZ Galleria,Yelahanka,Simpliwork Offices Pvt. Ltd.,Business Center & Co-working Space,155,,850,,,,,,Ready to Occupy,,,,Simpliwork - RMZ Galleria,,Security; Reserved Parking; Visitor Parking; Centralized AC; 24 hours water supply; CCTV,"https://www.google.com/maps?q=13.0950321,77.59503819999999",https://properties.cityinfoservices.com/simpliwork-rmz-galleria-for-rent-in-yelahanka-bangalore/lccnrcx/prd,2026-09-21T06:05:16.973978+00:00,50
Sattva Windsor,Halasuru (Ulsoor),Salarpuria Sattva Group,Office Space,,,,,,,,,Ready for fit outs,Basement + Ground + 6 Floors,"~21,000",,Sattva Windor,,Security; Reserved Parking; Centralized AC; 24 hours water supply; CCTV,"https://www.google.com/maps?q=12.975547762571097,77.6180122599884",https://properties.cityinfoservices.com/sattva-windsor-for-rent-in-halasuru-bangalore/2ih6q9a/prd,2026-09-21T06:05:17.186323+00:00,49
International Tech Park Bangalore - Victor,Whitefield,CapitaLand Services India Pvt. Ltd. (Ascendas-Singbridge Group),Office Space,,,,,,,,,Ready for fit outs,2 Basement + Ground + 13 Floors,"~34,000 to ~52,000",,International Tech Park Bangalore - Victor,,Security; Reserved Parking; Visitor Parking; Centralized AC; 24 hours water supply; CCTV,"https://www.google.com/maps?q=12.983973,77.7380931",https://properties.cityinfoservices.com/international-tech-park-bangalore-victor-for-rent-in-whitefield-bangalore/k7tga9e/prd,2026-09-21T06:05:17.312455+00:00,50
BuzzWorks - Brigade Twin Towers,Yeshwanthpur,BuzzWorks by Brigade Group (Co-working Spaces),Business Center & Co-working Space,43,,,,,,,,Ready to Occupy,,,,"BuzzWorks - Brigade Twin Towers is one of the premium office space in Bangalore's leading commercial hubs. The property offers modern infrastructure, flexible office layouts, excellent transport connectivity, and premium amenities, making it an ideal choice for IT companies, multinational corporations, startups, consulting firms, and enterprises looking for a prominent business location in Bangalore.",,Security; Reserved Parking; Centralized AC; 24 hours water supply; CCTV,"https://www.google.com/maps?q=13.0310858,77.54258",https://properties.cityinfoservices.com/buzzworks-brigade-twin-towers-for-rent-in-yeshwanthpur-bangalore/6uic3qb/prd,2026-09-21T06:05:17.917640+00:00,53
Brigade Cornerstone Utopia - Elysium,Varthur,Brigade Enterprises Limited,Office Space,,,,,,,,,Ready for fit outs,3 Basement + Ground + 18 Floors,"~22,000",,Brigade Cornerstone Utopia - Elysium,,Security; Reserved Parking; Visitor Parking; Centralized AC; 24 hours water supply; CCTV,"https://www.google.com/maps?q=12.9901965,77.6629211",https://properties.cityinfoservices.com/brigade-cornerstone-utopia-elysium-for-rent-in-varthur-road-bangalore/j8qng53/prd,2026-09-21T06:05:17.985307+00:00,52
CapitaLand Business Park (Ebisu) - North Tower,Nagavara,CapitaLand India Trust (CLINT),Office Space,,,,,,,,,Under Construction,4 Basement + Ground + 10 Floors,"~48,000",,"CapitaLand Business Park (Ebisu) - North Tower is one of the premium office space in Bangalore's leading commercial hubs. The property offers modern infrastructure, flexible office layouts, excellent transport connectivity, and premium amenities, making it an ideal choice for IT companies, multinational corporations, startups, consulting firms, and enterprises looking for a prominent business location in Bangalore.",,Security; Reserved Parking; Visitor Parking; Centralized AC; 24 hours water supply; CCTV,"https://www.google.com/maps?q=13.043027,77.618506",https://properties.cityinfoservices.com/capitaland-business-park-ebisu-north-tower-for-rent-in-nagavara-bangalore/byr4cj8/prd,2026-09-21T06:05:18.476781+00:00,49
CapitaLand Business Park (Ebisu) - North Tower,Nagavara,CapitaLand India Trust (CLINT),Office Space,,,,,,,,,Under Construction,4 Basement + Ground + 10 Floors,"~48,000",,"CapitaLand Business Park (Ebisu) - North Tower is one of the premium office space in Bangalore's leading commercial hubs. The property offers modern infrastructure, flexible office layouts, excellent transport connectivity, and premium amenities, making it an ideal choice for IT companies, multinational corporations, startups, consulting firms, and enterprises looking for a prominent business location in Bangalore.",,Security; Reserved Parking; Visitor Parking; Centralized AC; 24 hours water supply; CCTV,"https://www.google.com/maps?q=13.043027,77.618506",https://properties.cityinfoservices.com/capitaland-business-park-ebisu-north-tower-for-rent-in-nagavara-bangalore/lpgyf5l/prd,2026-09-21T06:05:18.629772+00:00,49
CapitaLand Business Park (Ebisu) - North Tower,Nagavara,CapitaLand India Trust (CLINT),Office Space,,,,,,,,,Under Construction,4 Basement + Ground + 10 Floors,"~48,000",,"CapitaLand Business Park (Ebisu) - North Tower is one of the premium office space in Bangalore's leading commercial hubs. The property offers modern infrastructure, flexible office layouts, excellent transport connectivity, and premium amenities, making it an ideal choice for IT companies, multinational corporations, startups, consulting firms, and enterprises looking for a prominent business location in Bangalore.",,Security; Reserved Parking; Visitor Parking; Centralized AC; 24 hours water supply; CCTV,"https://www.google.com/maps?q=13.043027,77.618506",https://properties.cityinfoservices.com/capitaland-business-park-ebisu-north-tower-for-rent-in-nagavara-bangalore/nty8cut/prd,2026-09-21T06:05:19.652628+00:00,49
CapitaLand Business Park (Ebisu) - North Tower,Nagavara,CapitaLand India Trust (CLINT),Office Space,,,,,,,,,Under Construction,4 Basement + Ground + 10 Floors,"~48,000",,"CapitaLand Business Park (Ebisu) - North Tower is one of the premium office space in Bangalore's leading commercial hubs. The property offers modern infrastructure, flexible office layouts, excellent transport connectivity, and premium amenities, making it an ideal choice for IT companies, multinational corporations, startups, consulting firms, and enterprises looking for a prominent business location in Bangalore.",,Security; Reserved Parking; Visitor Parking; Centralized AC; 24 hours water supply; CCTV,"https://www.google.com/maps?q=13.043027,77.618506",https://properties.cityinfoservices.com/capitaland-business-park-ebisu-north-tower-for-rent-in-nagavara-bangalore/gvkgc28/prd,2026-09-21T06:05:20.156958+00:00,49
"Bridge+ - ITPL, Park Square Mall",ITPL Main Road,CapitaLand Group,Business Center & Co-working Space,153,,,,,,,,75 days from the date of signing agreement,,,,"Bridge+ - ITPL, Park Square Mall is one of the premium office space in Bangalore's leading commercial hubs. The property offers modern infrastructure, flexible office layouts, excellent transport connectivity, and premium amenities, making it an ideal choice for IT companies, multinational corporations, startups, consulting firms, and enterprises looking for a prominent business location in Bangalore.",,Security; Reserved Parking; Visitor Parking; Centralized AC; 24 hours water supply; CCTV,"https://www.google.com/maps?q=12.9871358,77.7362335",https://properties.cityinfoservices.com/bridge-itpl-park-square-mall-for-rent-in-itpl-main-road-bangalore/txnak2k/prd,2026-09-21T06:05:20.365903+00:00,48
CapitaLand Business Park (Ebisu) - North Tower,Nagavara,CapitaLand India Trust (CLINT),Office Space,,,,,,,,,Under Construction,4 Basement + Ground + 10 Floors,"~48,000",,"CapitaLand Business Park (Ebisu) - North Tower is one of the premium office space in Bangalore's leading commercial hubs. The property offers modern infrastructure, flexible office layouts, excellent transport connectivity, and premium amenities, making it an ideal choice for IT companies, multinational corporations, startups, consulting firms, and enterprises looking for a prominent business location in Bangalore.",,Security; Reserved Parking; Visitor Parking; Centralized AC; 24 hours water supply; CCTV,"https://www.google.com/maps?q=13.043027,77.618506",https://properties.cityinfoservices.com/capitaland-business-park-ebisu-north-tower-for-rent-in-nagavara-bangalore/ep3hnhs/prd,2026-09-21T06:05:21.205056+00:00,49
Prestige Tech Habitat,Varthur,Prestige Estates Projects Limited,Office Space,,,,,,,,,Ready for fit outs,2 Basement + Ground + 18 Floors,"~31,000 to ~50,000",,"Prestige Tech Habitat is one of the premium office space in Bangalore's leading commercial hubs. The property offers modern infrastructure, flexible office layouts, excellent transport connectivity, and premium amenities, making it an ideal choice for IT companies, multinational corporations, startups, consulting firms, and enterprises looking for a prominent business location in Bangalore.",,Security; Reserved Parking; Visitor Parking; Centralized AC; 24 hours water supply; CCTV,"https://www.google.com/maps?q=12.930778,77.739904",https://properties.cityinfoservices.com/prestige-tech-habitat-for-rent-in-varthur-road-bangalore/ocz3r7n/prd,2026-09-21T06:05:22.263324+00:00,48
Prestige Tech Habitat,Varthur,Prestige Estates Projects Limited,Office Space,,,,,,,,,Ready for fit outs,2 Basement + Ground + 18 Floors,"~31,000 to ~50,000",,"Prestige Tech Habitat is one of the premium office space in Bangalore's leading commercial hubs. The property offers modern infrastructure, flexible office layouts, excellent transport connectivity, and premium amenities, making it an ideal choice for IT companies, multinational corporations, startups, consulting firms, and enterprises looking for a prominent business location in Bangalore.",,Security; Reserved Parking; Visitor Parking; Centralized AC; 24 hours water supply; CCTV,"https://www.google.com/maps?q=12.930778,77.739904",https://properties.cityinfoservices.com/prestige-tech-habitat-for-rent-in-varthur-road-bangalore/mnsvluk/prd,2026-09-21T06:05:22.705295+00:00,48
Prestige Tech Habitat,Varthur,Prestige Estates Projects Limited,Office Space,,,,,,,,,Ready for fit outs,2 Basement + Ground + 18 Floors,"~31,000 to ~50,000",,"Prestige Tech Habitat is one of the premium office space in Bangalore's leading commercial hubs. The property offers modern infrastructure, flexible office layouts, excellent transport connectivity, and premium amenities, making it an ideal choice for IT companies, multinational corporations, startups, consulting firms, and enterprises looking for a prominent business location in Bangalore.",,Security; Reserved Parking; Visitor Parking; Centralized AC; 24 hours water supply; CCTV,"https://www.google.com/maps?q=12.930778,77.739904",https://properties.cityinfoservices.com/prestige-tech-habitat-for-rent-in-varthur-road-bangalore/2famtqb/prd,2026-09-21T06:05:22.929088+00:00,48
CapitaLand Business Park (Ebisu) - North Tower,Nagavara,CapitaLand India Trust (CLINT),Office Space,,,,,,,,,Under Construction,4 Basement + Ground + 10 Floors,"~48,000",,"CapitaLand Business Park (Ebisu) - North Tower is one of the premium office space in Bangalore's leading commercial hubs. The property offers modern infrastructure, flexible office layouts, excellent transport connectivity, and premium amenities, making it an ideal choice for IT companies, multinational corporations, startups, consulting firms, and enterprises looking for a prominent business location in Bangalore.",,Security; Reserved Parking; Visitor Parking; Centralized AC; 24 hours water supply; CCTV,"https://www.google.com/maps?q=13.043027,77.618506",https://properties.cityinfoservices.com/capitaland-business-park-ebisu-north-tower-for-rent-in-nagavara-bangalore/szjbznx/prd,2026-09-21T06:05:23.528293+00:00,48
Prestige Tech Habitat,Varthur,Prestige Estates Projects Limited,Office Space,,,,,,,,,Ready for fit outs,2 Basement + Ground + 18 Floors,"~31,000 to ~50,000",,Prestige Tech Habitat,,Security; Reserved Parking; Visitor Parking; Centralized AC; 24 hours water supply; CCTV,"https://www.google.com/maps?q=12.930778,77.739904",https://properties.cityinfoservices.com/prestige-tech-habitat-for-rent-in-varthur-road-bangalore/9mp3zci/prd,2026-09-21T06:05:23.779835+00:00,47
Prestige Tech Habitat,Varthur,Prestige Estates Projects Limited,Office Space,,,,,,,,,Ready for fit outs,2 Basement + Ground + 18 Floors,"~31,000 to ~50,000",,"Prestige Tech Habitat is one of the premium office space in Bangalore's leading commercial hubs. The property offers modern infrastructure, flexible office layouts, excellent transport connectivity, and premium amenities, making it an ideal choice for IT companies, multinational corporations, startups, consulting firms, and enterprises looking for a prominent business location in Bangalore.",,Security; Reserved Parking; Visitor Parking; Centralized AC; 24 hours water supply; CCTV,"https://www.google.com/maps?q=12.930778,77.739904",https://properties.cityinfoservices.com/prestige-tech-habitat-for-rent-in-varthur-road-bangalore/7edfxzz/prd,2026-09-21T06:05:24.522439+00:00,47
Prestige Tech Habitat,Varthur,Prestige Estates Projects Limited,Office Space,,,,,,,,,Ready for fit outs,2 Basement + Ground + 18 Floors,"~31,000 to ~50,000",,"Prestige Tech Habitat is one of the premium office space in Bangalore's leading commercial hubs. The property offers modern infrastructure, flexible office layouts, excellent transport connectivity, and premium amenities, making it an ideal choice for IT companies, multinational corporations, startups, consulting firms, and enterprises looking for a prominent business location in Bangalore.",,Security; Reserved Parking; Visitor Parking; Centralized AC; 24 hours water supply; CCTV,"https://www.google.com/maps?q=12.930778,77.739904",https://properties.cityinfoservices.com/prestige-tech-habitat-for-rent-in-varthur-road-bangalore/b3skxbm/prd,2026-09-21T06:05:25.015625+00:00,47
Prestige Tech Habitat,Varthur,Prestige Estates Projects Limited,Office Space,,,,,,,,,Ready for fit outs,2 Basement + Ground + 18 Floors,"~31,000 to ~50,000",,"Prestige Tech Habitat is one of the premium office space in Bangalore's leading commercial hubs. The property offers modern infrastructure, flexible office layouts, excellent transport connectivity, and premium amenities, making it an ideal choice for IT companies, multinational corporations, startups, consulting firms, and enterprises looking for a prominent business location in Bangalore.",,Security; Reserved Parking; Visitor Parking; Centralized AC; 24 hours water supply; CCTV,"https://www.google.com/maps?q=12.930778,77.739904",https://properties.cityinfoservices.com/prestige-tech-habitat-for-rent-in-varthur-road-bangalore/yzh3tks/prd,2026-09-21T06:05:25.712097+00:00,48
Prestige Tech Habitat,Varthur,Prestige Estates Projects Limited,Office Space,,,,,,,,,Ready for fit outs,2 Basement + Ground + 18 Floors,"~31,000 to ~50,000",,"Prestige Tech Habitat is one of the premium office space in Bangalore's leading commercial hubs. The property offers modern infrastructure, flexible office layouts, excellent transport connectivity, and premium amenities, making it an ideal choice for IT companies, multinational corporations, startups, consulting firms, and enterprises looking for a prominent business location in Bangalore.",,Security; Reserved Parking; Visitor Parking; Centralized AC; 24 hours water supply; CCTV,"https://www.google.com/maps?q=12.930778,77.739904",https://properties.cityinfoservices.com/prestige-tech-habitat-for-rent-in-varthur-road-bangalore/zjsft4u/prd,2026-09-21T06:05:26.228872+00:00,47
Prestige Tech Habitat,Varthur,Prestige Estates Projects Limited,Office Space,,,,,,,,,Ready for fit outs,2 Basement + Ground + 18 Floors,"~31,000 to ~50,000",,"Prestige Tech Habitat is one of the premium office space in Bangalore's leading commercial hubs. The property offers modern infrastructure, flexible office layouts, excellent transport connectivity, and premium amenities, making it an ideal choice for IT companies, multinational corporations, startups, consulting firms, and enterprises looking for a prominent business location in Bangalore.",,Security; Reserved Parking; Visitor Parking; Centralized AC; 24 hours water supply; CCTV,"https://www.google.com/maps?q=12.930778,77.739904",https://properties.cityinfoservices.com/prestige-tech-habitat-for-rent-in-varthur-road-bangalore/jonp75m/prd,2026-09-21T06:05:26.388656+00:00,47
Aurbis - Connective,Whitefield,Aurbis Business Parks Pvt. Ltd.,Office Space,,,,,,,,,Ready for fit outs,2 Basement + Ground + 3 Floors,"~23,617",,"Aurbis – Connective is a 4 storey grade A building located in Whitefield. It comprises a total built-up area of ~90,737 sq. ft. and per floor area of ~23,617 sq. ft. The facility lies close to an array of amenities including business hotels, dining, shopping, and recreational facilities and is easily accessible through public transport. It is in close proximity to Outer Ring Road and IT corridors of the city.",,Security; Reserved Parking; Visitor Parking; Centralized AC; 24 hours water supply; CCTV,"https://www.google.com/maps?q=12.974976,77.7686336",https://properties.cityinfoservices.com/aurbis-connective-for-rent-in-whitefield-bangalore/osuvag2/prd,2026-09-21T06:05:26.928109+00:00,46
Sattva Galleria,Hebbal,Salarpuria Sattva Group,Office Space,,,,,,,,,Ready for fit outs,2 Basement + Ground + 10 Floors,"~24,000",,Sattva Galleria,,Security; Reserved Parking; Visitor Parking; Centralized AC; 24 hours water supply; CCTV,"https://www.google.com/maps?q=13.062822426483367,77.59385700188714",https://properties.cityinfoservices.com/sattva-galleria-for-rent-in-hebbal-bangalore/ljvl6qz/prd,2026-09-21T06:05:27.436932+00:00,46
Aurbis - Connective,Whitefield,Aurbis Business Parks Pvt. Ltd.,Office Space,,,,,,,,,Ready for fit outs,2 Basement + Ground + 3 Floors,"~23,617",,"Aurbis – Connective is a 4 storey grade A building located in Whitefield. It comprises a total built-up area of ~90,737 sq. ft. and per floor area of ~23,617 sq. ft. The facility lies close to an array of amenities including business hotels, dining, shopping, and recreational facilities and is easily accessible through public transport. It is in close proximity to Outer Ring Road and IT corridors of the city.",,Security; Reserved Parking; Visitor Parking; Centralized AC; 24 hours water supply; CCTV,"https://www.google.com/maps?q=12.974976,77.7686336",https://properties.cityinfoservices.com/aurbis-connective-for-rent-in-whitefield-bangalore/ygzu8yx/prd,2026-09-21T06:05:28.246220+00:00,46
Smartworks - DSR Apex,Bengaluru,Smartworks Coworking Spaces Pvt. Ltd.,Business Center & Co-working Space,205,,,,,,,,Ready to Move In,,,,"DSR Apex isn't just office space, it's a complete workspace ecosystem. With 350 workstations across Grade A floors and amenities spanning meeting rooms, training spaces, a lounge, and a pantry, every team has what it needs to focus, collaborate, and recharge.",,Security; Reserved Parking; Centralized AC; 24 hours water supply; CCTV,"https://www.google.com/maps?q=12.95591450604986,77.71845629416931",https://properties.cityinfoservices.com/smartworks-dsr-apex-for-rent-in-bengaluru-bangalore/vxufeyb/prd,2026-09-21T06:05:29.157593+00:00,45
International Tech Park Bangalore - Innovator,Whitefield,CapitaLand Services India Pvt. Ltd. (Ascendas-Singbridge Group),Office Space,,,,,,,,,Ready to move,Ground + 11 Floors,"~40,000",,International Tech Park Bangalore - Innovator,,Security; Reserved Parking; Visitor Parking; Centralized AC; 24 hours water supply; CCTV,"https://www.google.com/maps?q=12.9861026,77.73605729999997",https://properties.cityinfoservices.com/international-tech-park-bangalore-innovator-for-rent-in-whitefield-bangalore/usqxvik/prd,2026-09-21T06:05:29.619482+00:00,45
Salarpuria Touchstone - Block A,Kadubeesanahalli,Salarpuria Sattva Group,Office Space,,,,,,,,,Ready for fit outs,Basement + Ground + 5 Floors,"~44,542",,"Home to state-of-the-art workplace solutions, this office building lies on Marathahalli Sarjapur Outer Ring Road, one of the key IT hotspots of the city. The facility covers a total built-up area of an expansive ~2,67,252 sq.ft. Each floor within this 6-floor building stands at a size of ~44,542 sq.ft. The block is well-fitted with all modern conveniences and has reserved parking, 24x7 security services and a food court. It is currently occupied by Apttus Software Pvt. Ltd., Centurtylink Technologies, Cohesity Storage Solutions India Pvt. Ltd., Schneider Electric India Pvt. Ltd. and Suntec Business Solutions Pvt. Ltd.",,Security; Reserved Parking; Visitor Parking; Centralized AC; 24 hours water supply; CCTV,"https://www.google.com/maps?q=12.936935837582245,77.69064214047548",https://properties.cityinfoservices.com/salarpuria-touchstone-block-a-for-rent-in-kadubeesanahalli-road-bangalore/yeqoycp/prd,2026-09-21T06:05:30.349585+00:00,46
Smartworks - DSR Apex,Bengaluru,Smartworks Coworking Spaces Pvt. Ltd.,Business Center & Co-working Space,175,,,,,,,,Ready to Move In,,,,"DSR Apex isn't just office space, it's a complete workspace ecosystem. With 350 workstations across Grade A floors and amenities spanning meeting rooms, training spaces, a lounge, and a pantry, every team has what it needs to focus, collaborate, and recharge.",,Security; Reserved Parking; Centralized AC; 24 hours water supply; CCTV,"https://www.google.com/maps?q=12.95591450604986,77.71845629416931",https://properties.cityinfoservices.com/smartworks-dsr-apex-for-rent-in-bengaluru-bangalore/s8sesnq/prd,2026-09-21T06:05:30.778692+00:00,45
Pritech Park - Block 8,Bellandur,RGA Software Systems Pvt. Ltd. (Primal Projects Pvt. Ltd.),Office Space,,,,,,,,,Ready to move,Basement + Ground + 8 Floors,"~15,000 to ~23,000",,Pritech Park - Block 8,,Security; Reserved Parking; Visitor Parking; Centralized AC; 24 hours water supply; CCTV,"https://www.google.com/maps?q=12.923774367622501,77.68144445739439",https://properties.cityinfoservices.com/pritech-park-block-8-for-rent-in-bellandur-bangalore/4au32sl/prd,2026-09-21T06:05:31.532490+00:00,45
Pritech Park - Block 8,Bellandur,RGA Software Systems Pvt. Ltd. (Primal Projects Pvt. Ltd.),Office Space,,,,,,,,,Ready to move,Basement + Ground + 8 Floors,"~15,000 to ~23,000",,"A Grade-A tech park, Pritech Park encompasses an extensive area of ~36 acres with a total built-up area of ~4.3 million sq.ft. The SEZ campus enjoys a key location on Bangalore’s IT Corridor - Marathahalli-Sarjapur Outer Ring Road, Bellandur with easy access to a range of conveniences such as bus stops, restaurants, day-care centres, hotels, and residential areas. The premises houses a comprehensive range of amenities including an in-house food court, a gym and coffee shops. Pritech Park has been co-developed by Primal Projects Pvt. Ltd. and RGA Software Systems Pvt. Ltd.. A thoughtfully designed building, Block 8 is a LEED Platinum-certified facility with an in-house food court and cafeteria. The total built-up area of this building stands at ~1,97,124 sq.ft. with each floor comprising an area of ~21,902 sq.ft.",,Security; Reserved Parking; Visitor Parking; Centralized AC; 24 hours water supply; CCTV,"https://www.google.com/maps?q=12.923774367622501,77.68144445739439",https://properties.cityinfoservices.com/pritech-park-block-8-for-rent-in-bellandur-bangalore/cv4l8j6/prd,2026-09-21T06:05:32.915829+00:00,45
Pritech Park - Block 6A-6B,Bellandur,RGA Software Systems Pvt. Ltd. (Primal Projects Pvt. Ltd.),Office Space,,,,,,,,,Ready to move,2 Basement + Ground + 8 Floors,"~43,000",,"This SEZ Grade-A tech park, encompasses an extensive area of ~38 acres with a total built-up area of ~4.3 million sq.ft. It is located on Bangalore’s IT hub – Marathahalli - Sarjapur Outer Ring Road, with easy access to a range of conveniences such as bus stops, restaurants, day-care centres, hotels, and residential areas. Developed by RGA Software Systems Pvt. Ltd., this LEED certified sustainable construction comes with modern amenities like food court, fitness centre and healthcare facility. Block 6A-6B has a total built-up area of ~6,28,618sq.ft. with each floor spanning an area of ~43,000sq.ft. Current occupiers at this 9-storey premium facility include Hewlett-Packard India Software Operation (HP India), Intuit India and Capgemini Technology Services.",,Security; Reserved Parking; Visitor Parking; Centralized AC; 24 hours water supply; CCTV,"https://www.google.com/maps?q=12.922707745400126,77.68232422195128",https://properties.cityinfoservices.com/pritech-park-block-6a-6b-for-rent-in-bellandur-bangalore/cgv3ns4/prd,2026-09-21T06:05:32.929103+00:00,44
Pritech Park - Block 8,Bellandur,RGA Software Systems Pvt. Ltd. (Primal Projects Pvt. Ltd.),Office Space,,,,,,,,,Ready to move,Basement + Ground + 8 Floors,"~15,000 to ~23,000",,"A Grade-A tech park, Pritech Park encompasses an extensive area of ~36 acres with a total built-up area of ~4.3 million sq.ft. The SEZ campus enjoys a key location on Bangalore’s IT Corridor - Marathahalli-Sarjapur Outer Ring Road, Bellandur with easy access to a range of conveniences such as bus stops, restaurants, day-care centres, hotels, and residential areas. The premises houses a comprehensive range of amenities including an in-house food court, a gym and coffee shops. Pritech Park has been co-developed by Primal Projects Pvt. Ltd. and RGA Software Systems Pvt. Ltd.. A thoughtfully designed building, Block 8 is a LEED Platinum-certified facility with an in-house food court and cafeteria. The total built-up area of this building stands at ~1,97,124 sq.ft. with each floor comprising an area of ~21,902 sq.ft.",,Security; Reserved Parking; Visitor Parking; Centralized AC; 24 hours water supply; CCTV,"https://www.google.com/maps?q=12.923774367622501,77.68144445739439",https://properties.cityinfoservices.com/pritech-park-block-8-for-rent-in-bellandur-bangalore/d4dgtka/prd,2026-09-21T06:05:33.661404+00:00,45
Pritech Park - Block 8,Bellandur,RGA Software Systems Pvt. Ltd. (Primal Projects Pvt. Ltd.),Office Space,,,,,,,,,Ready for fit outs,Basement + Ground + 8 Floors,"~15,000 to ~23,000",,"A Grade-A tech park, Pritech Park encompasses an extensive area of ~36 acres with a total built-up area of ~4.3 million sq.ft. The SEZ campus enjoys a key location on Bangalore’s IT Corridor - Marathahalli-Sarjapur Outer Ring Road, Bellandur with easy access to a range of conveniences such as bus stops, restaurants, day-care centres, hotels, and residential areas. The premises houses a comprehensive range of amenities including an in-house food court, a gym and coffee shops. Pritech Park has been co-developed by Primal Projects Pvt. Ltd. and RGA Software Systems Pvt. Ltd.. A thoughtfully designed building, Block 8 is a LEED Platinum-certified facility with an in-house food court and cafeteria. The total built-up area of this building stands at ~1,97,124 sq.ft. with each floor comprising an area of ~21,902 sq.ft.",,Security; Reserved Parking; Visitor Parking; Centralized AC; 24 hours water supply; CCTV,"https://www.google.com/maps?q=12.923774367622501,77.68144445739439",https://properties.cityinfoservices.com/pritech-park-block-8-for-rent-in-bellandur-bangalore/3vcfff5/prd,2026-09-21T06:05:34.022594+00:00,45
KustomWork - 45 MGR,MG Road,,Business Center & Co-working Space,38,,28,,,,,,Ready to Occupy,,,,"KustomWork - 45 MGR is one of the premium office space in Bangalore's leading commercial hubs. The property offers modern infrastructure, flexible office layouts, excellent transport connectivity, and premium amenities, making it an ideal choice for IT companies, multinational corporations, startups, consulting firms, and enterprises looking for a prominent business location in Bangalore.",,Security; Reserved Parking; Centralized AC; 24 hours water supply; CCTV,"https://www.google.com/maps?q=12.9740978,77.60930139999999",https://properties.cityinfoservices.com/kustomwork-45-mgr-for-rent-in-mahatma-gandhi-road-bangalore/dyc2gja/prd,2026-09-21T06:05:34.602636+00:00,44
Pritech Park - Block 6A-6B,Bellandur,RGA Software Systems Pvt. Ltd. (Primal Projects Pvt. Ltd.),Office Space,,,,,,,,,Ready to move,2 Basement + Ground + 8 Floors,"~43,000",,"This SEZ Grade-A tech park, encompasses an extensive area of ~38 acres with a total built-up area of ~4.3 million sq.ft. It is located on Bangalore’s IT hub – Marathahalli - Sarjapur Outer Ring Road, with easy access to a range of conveniences such as bus stops, restaurants, day-care centres, hotels, and residential areas. Developed by RGA Software Systems Pvt. Ltd., this LEED certified sustainable construction comes with modern amenities like food court, fitness centre and healthcare facility. Block 6A-6B has a total built-up area of ~6,28,618sq.ft. with each floor spanning an area of ~43,000sq.ft. Current occupiers at this 9-storey premium facility include Hewlett-Packard India Software Operation (HP India), Intuit India and Capgemini Technology Services.",,Security; Reserved Parking; Visitor Parking; Centralized AC; 24 hours water supply; CCTV,"https://www.google.com/maps?q=12.922707745400126,77.68232422195128",https://properties.cityinfoservices.com/pritech-park-block-6a-6b-for-rent-in-bellandur-bangalore/7u5ijpo/prd,2026-09-21T06:05:34.849675+00:00,44
KustomWork - 33 HSR,HSR Layout,,Business Center & Co-working Space,16,,26,,,,,,Ready to Occupy from Aug 2026,,,,"KustomWork - 33 HSR is one of the premium office space in Bangalore's leading commercial hubs. The property offers modern infrastructure, flexible office layouts, excellent transport connectivity, and premium amenities, making it an ideal choice for IT companies, multinational corporations, startups, consulting firms, and enterprises looking for a prominent business location in Bangalore.",,Security; Reserved Parking; 24 hours water supply; CCTV,"https://www.google.com/maps?q=12.908968,77.643554",https://properties.cityinfoservices.com/kustomwork-33-hsr-for-rent-in-hsr-layout-bangalore/dimkg8x/prd,2026-09-21T06:05:35.080446+00:00,44
Embassy Tech Village - Hibiscus (2B) - Tower 1,Devarabisanahalli,Embassy Property Developments Pvt. Ltd.,Office Space,,,,,,,,,Ready for fit outs,Basement + Ground + 7 Floors,"~30,000",,"Spread over an expansive 106-acres, Embassy TechVillage is an all-encompassing, modern, integrated project offering commercial, retail and residential property solutions. The Grade A+ tech park in Bangalore enjoys an advantageous location in the heart of Bangalore’s IT corridor on Outer Ring Road, Bellandur, with easy access to the city's other prime hotspots like CBD, Electronic City and Whitefield. The property is ideal for organisations looking for scalable commercial property solutions in Bangalore as it holds a potential built-up area in excess of 10 million sq.ft. with ~1.6 million sq.ft. already under development. ~6.1 million sq.ft. of the area on-site has already been developed to provide premium office space for organisations from around the globe. Occupiers at Embassy TechVillage can enjoy an exceptional array of amenities including fine dining offerings, in-house food courts, a day-care centre, gym access and sports and medical facilities. Hibiscus (2B) - Tower 1 ranges over a total built-up area of ~2,40,000 sq.ft. and 8 floors with each floor typically having an area of ~30,000 sq.ft. currently occupied by Cisco Systems.",,Security; Reserved Parking; Visitor Parking; Centralized AC; 24 hours water supply; CCTV,"https://www.google.com/maps?q=12.933244,77.6903181",https://properties.cityinfoservices.com/embassy-tech-village-hibiscus-2b-tower-1-for-rent-in-devarabisanahalli-road-bangalore/tfx7ey8/prd,2026-09-21T06:05:35.894768+00:00,44
Buzzworks - Brigade WTC Annexe,Rajajinagar,BuzzWorks Coworking Space (Brigade Enterprises Ltd.),Business Center & Co-working Space,35,,35,,,,,,Ready to Occupy,,,,"Buzzworks - Brigade WTC Annexe is one of the premium office space in Bangalore's leading commercial hubs. The property offers modern infrastructure, flexible office layouts, excellent transport connectivity, and premium amenities, making it an ideal choice for IT companies, multinational corporations, startups, consulting firms, and enterprises looking for a prominent business location in Bangalore.",,Security; Reserved Parking; Visitor Parking; Centralized AC; 24 hours water supply; CCTV,"https://www.google.com/maps?q=13.014882,77.555984",https://properties.cityinfoservices.com/buzzworks-brigade-wtc-annexe-for-rent-in-rajajinagar-bangalore/fh5reta/prd,2026-09-21T06:05:36.553020+00:00,43
Buzzworks - Brigade WTC Annexe,Rajajinagar,BuzzWorks Coworking Space (Brigade Enterprises Ltd.),Business Center & Co-working Space,95,,95,,,,,,Ready to Occupy,,,,"Buzzworks - Brigade WTC Annexe is one of the premium office space in Bangalore's leading commercial hubs. The property offers modern infrastructure, flexible office layouts, excellent transport connectivity, and premium amenities, making it an ideal choice for IT companies, multinational corporations, startups, consulting firms, and enterprises looking for a prominent business location in Bangalore.",,Security; Reserved Parking; Visitor Parking; Centralized AC; 24 hours water supply; CCTV,"https://www.google.com/maps?q=13.014882,77.555984",https://properties.cityinfoservices.com/buzzworks-brigade-wtc-annexe-for-rent-in-rajajinagar-bangalore/rf8pg3m/prd,2026-09-21T06:05:37.490121+00:00,43
Prestige Lakeshore Drive - 50,Bellandur,Prestige Estates Projects Limited,Office Space,,,,,,,,,Ready for fit outs,2 Basement + Ground + 9 Floors,"~64,171",,"Prestige Lakeshore Drive - 50 is one of the premium office space in Bangalore's leading commercial hubs. The property offers modern infrastructure, flexible office layouts, excellent transport connectivity, and premium amenities, making it an ideal choice for IT companies, multinational corporations, startups, consulting firms, and enterprises looking for a prominent business location in Bangalore.",,Security; Reserved Parking; Visitor Parking; Centralized AC; 24 hours water supply; CCTV,"https://www.google.com/maps?q=12.9304278,77.680558",https://properties.cityinfoservices.com/prestige-lakeshore-drive-50-for-rent-in-bellandur-bangalore/t6u22oi/prd,2026-09-21T06:05:39.174096+00:00,43
"Buzzworks - Brigade Tech Gardens, Block A",Brookefield,BuzzWorks by Brigade Group (Co-working Spaces),Business Center & Co-working Space,56,,,,,,,,Ready to Occupy from April 2026,,,,"Buzzworks - Brigade Tech Gardens, Block A",,Security; Reserved Parking; Visitor Parking; Centralized AC; 24 hours water supply; CCTV,"https://www.google.com/maps?q=12.964022,77.7181002",https://properties.cityinfoservices.com/buzzworks-brigade-tech-gardens-block-a-for-rent-in-brookefield-bangalore/rg6opga/prd,2026-09-21T06:05:39.282398+00:00,66
Salarpuria Softzone - Block A,Bellandur,Salarpuria Sattva Group,Office Space,,,,,,,,,Ready for fit outs,Basement + Ground + 6 Floors,"~47,000 to ~90,000",,Salarpuria Softzone - Block A,,Security; Reserved Parking; Visitor Parking; Centralized AC; 24 hours water supply; CCTV,"https://www.google.com/maps?q=12.923797114832743,77.67036383346863",https://properties.cityinfoservices.com/salarpuria-softzone-block-a-for-rent-in-bellandur-bangalore/xtqxlbx/prd,2026-09-21T06:05:40.131274+00:00,67
"Buzzworks - Brigade Tech Gardens, Block A",Brookefield,BuzzWorks by Brigade Group (Co-working Spaces),Business Center & Co-working Space,146,,,,,,,,Ready to Occupy from April 2026,,,,"Buzzworks - Brigade Tech Gardens, Block A",,Security; Reserved Parking; Visitor Parking; Centralized AC; 24 hours water supply; CCTV,"https://www.google.com/maps?q=12.964022,77.7181002",https://properties.cityinfoservices.com/buzzworks-brigade-tech-gardens-block-a-for-rent-in-brookefield-bangalore/5lakdza/prd,2026-09-21T06:05:40.201284+00:00,66
"Buzzworks - Brigade Tech Gardens, Block A",Brookefield,BuzzWorks by Brigade Group (Co-working Spaces),Business Center & Co-working Space,47,,,,,,,,Ready to Occupy from April 2026,,,,"Buzzworks - Brigade Tech Gardens, Block A",,Security; Reserved Parking; Visitor Parking; Centralized AC; 24 hours water supply; CCTV,"https://www.google.com/maps?q=12.964022,77.7181002",https://properties.cityinfoservices.com/buzzworks-brigade-tech-gardens-block-a-for-rent-in-brookefield-bangalore/9zqhiy6/prd,2026-09-21T06:05:40.296281+00:00,67
Manyata Embassy Business Park - Ebony Block (G2),Nagavara,Embassy Property Developments Pvt. Ltd.,Office Space,,,,,,,,,Ready for fit outs,2 Basement + Ground + 8 Floors,"~46,000",,"Set on an expansive campus spanning 11.4 million sq. ft. of land, Manyata Embassy Business Park is located on Hebbal Outer Ring Road. This premium Grade-A tech park is equipped with a sizable list of conveniences and amenities including a food court, outdoor sports zone, day care centre, ATMs, banks and more. The project is positioned close to several bus stops, play-schools, and residential area. It comes with ample parking space. Ebony Block (G2) is a 9-storey building which brings to life new-age workplaces that are fitted with all basic and new-age amenities. Spanning a total built-up area of ~4,03,526 sq. ft., this block provides for a space of ~46,000 sq. ft. across each floor. IBM India and Kyndryl Solutions are the current tenants in this building.",,Security; Reserved Parking; Visitor Parking; Centralized AC; 24 hours water supply; CCTV,"https://www.google.com/maps?q=13.047880652097591,77.62199988737181",https://properties.cityinfoservices.com/manyata-embassy-business-park-ebony-block-g2--for-rent-in-nagavara-bangalore/jt34zpo/prd,2026-09-21T06:05:40.984964+00:00,68
Urban Vault - HSR 147,HSR Layout,Urban Vault Companies (Mispras Furnishings Private Limited),Business Center & Co-working Space,75,,,,,,,,Ready to move,,,,"Urban Vault - HSR 147 is one of the premium office space in Bangalore's leading commercial hubs. The property offers modern infrastructure, flexible office layouts, excellent transport connectivity, and premium amenities, making it an ideal choice for IT companies, multinational corporations, startups, consulting firms, and enterprises looking for a prominent business location in Bangalore.",,Security; Reserved Parking; Visitor Parking; Centralized AC; 24 hours water supply; CCTV,"https://www.google.com/maps?q=12.912533,77.635387",https://properties.cityinfoservices.com/urban-vault-hsr-147-for-rent-in-hsr-layout-bangalore/vkjnbnr/prd,2026-09-21T06:05:41.133291+00:00,68
BizzHub Workspaces - Pristine (JP Nagar),JP Nagar,BizzHub Workspaces,Business Center & Co-working Space,170,,,,,,,,Ready to Occupy,,,,BizzHub Workspaces - Pristine (JP Nagar),,Security; Reserved Parking; 24 hours water supply; CCTV,"https://www.google.com/maps?q=12.910691,77.597537",https://properties.cityinfoservices.com/bizzhub-workspaces-pristine-jp-nagar--for-rent-in-jp-nagar-bangalore/h8b6v7c/prd,2026-09-21T06:05:42.082641+00:00,68
Hanto - Zenith Centre,Indiranagar,Hanto Workspace Technologies Private Limited,Business Center & Co-working Space,30,,,,,,,,Ready to Move In,,,,Hanto - Zenith Centre,,Security; Reserved Parking; 24 hours water supply; CCTV,"https://www.google.com/maps?q=12.9716076,77.6459169",https://properties.cityinfoservices.com/hanto-zenith-centre-for-rent-in-indiranagar-bangalore/qvoy8r8/prd,2026-09-21T06:05:42.655713+00:00,67
Solitaire,Intermediate Ring Road - Inner Ring Road,Independent Developer,Office Space,,,,,,,,,Ready to move,Basement + Ground + 3 Floors,"~18,200",,"Solitaire is an independent building strategically located on Intermediate Ring Road (Domlur). It encompasses a total built-up area of ~74,400 sq.ft. with each floor measuring ~18,200 sq.ft. This 4-storey tower is suitable for companies of different size. It is currently occupied by KPMG India, Huawei Technologies, Saggezza India, Kongsberg Digital Software & Services and SBM Nauvata.",,Security; Reserved Parking; 24 hours water supply; CCTV,"https://www.google.com/maps?q=12.9539901,77.6418262",https://properties.cityinfoservices.com/solitaire-for-rent-in-intermediate-ring-road-bangalore/pvsqe7s/prd,2026-09-21T06:05:43.357004+00:00,71
"WeWork - EGL, Sunriver",Intermediate Ring Road - Inner Ring Road,WeWork India Management Pvt Ltd,Business Center & Co-working Space,78,,,,,,,,Ready to Occupy,,,,"WeWork - EGL, Sunriver is surrounded by several major corporate headquarters, close to Bengaluru’s vibrant start-up belt, and well-connected to both IT corridors. The property offers modern infrastructure, flexible office layouts, excellent transport connectivity, and premium amenities, making it an ideal choice for IT companies, multinational corporations, startups, consulting firms, and enterprises looking for a prominent business location in Bengaluru.",,Security; Reserved Parking; Visitor Parking; Centralized AC; 24 hours water supply; CCTV,"https://www.google.com/maps?q=12.951233,77.641064",https://properties.cityinfoservices.com/wework-egl-sunriver-for-rent-in-intermediate-ring-road-bangalore/xnxj5cy/prd,2026-09-21T06:05:43.483974+00:00,69
KustomWork - 531 HSR,HSR Layout,,Business Center & Co-working Space,20,,30,,,,,,Ready to Occupy from Sep 2026,,,,"KustomWork - 531 HSR is one of the premium office space in Bangalore's leading commercial hubs. The property offers modern infrastructure, flexible office layouts, excellent transport connectivity, and premium amenities, making it an ideal choice for IT companies, multinational corporations, startups, consulting firms, and enterprises looking for a prominent business location in Bangalore.",,Security; Reserved Parking; Centralized AC; 24 hours water supply; CCTV,"https://www.google.com/maps?q=12.906052,77.644027",https://properties.cityinfoservices.com/kustomwork-531-hsr-for-rent-in-hsr-layout-bangalore/7pc43ew/prd,2026-09-21T06:05:44.889687+00:00,44
WeWork - Vista Earth Centre,Whitefield,WeWork India Management Pvt Ltd,Business Center & Co-working Space,538,,,,,,,,Ready to Occupy,,,,"WeWork - Vista Earth Centre is located in Whitefield, one of Bangalore’s major tech hubs. With strong connectivity to key IT parks, business districts, and residential zones, it places your team within one of the city’s most active commercial ecosystems. The property offers modern infrastructure, flexible office layouts, excellent transport connectivity, and premium amenities, making it an ideal choice for IT companies, multinational corporations, startups, consulting firms, and enterprises looking for a prominent business location in Bangalore.",,Security; Reserved Parking; Visitor Parking; Centralized AC; 24 hours water supply; CCTV,"https://www.google.com/maps?q=12.986480,77.727848",https://properties.cityinfoservices.com/wework-vista-earth-centre-for-rent-in-whitefield-bangalore/jfgjotb/prd,2026-09-21T06:05:45.270328+00:00,69
